The Verifier - November 2008. Data as of December 7, 2025.
FIPS code,State,Jurisdiction,Registered Voters,Precincts,Voting Location,All Mail Ballot?,Election Day Marking Method,Election Day Tabulation
"0100100000","Alabama","Autauga County","32669","17","Assigned Polling Place","No","Hand marked paper ballots and BMDs","Optical Scan",
"0100300000","Alabama","Baldwin County","104926","47","Assigned Polling Place","No","Hand marked paper ballots and BMDs","Optical Scan",
"0100500000","Alabama","Barbour County","15653","46","Assigned Polling Place","No","Hand marked paper ballots and BMDs","Optical Scan",
"0100700000","Alabama","Bibb County","11194","16","Assigned Polling Place","No","Hand marked paper ballots and BMDs","Optical Scan",
"0100900000","Alabama","Blount County","30050","29","Assigned Polling Place","No","Hand marked paper ballots and BMDs","Optical Scan",
"0101100000","Alabama","Bullock County","7160","26","Assigned Polling Place","No","Hand marked paper ballots and BMDs","Optical Scan",
"0101300000","Alabama","Butler County","12644","32","Assigned Polling Place","No","Hand marked paper ballots and BMDs","Optical Scan",
"0101500000","Alabama","Calhoun County","65217","49","Assigned Polling Place","No","Hand marked paper ballots and BMDs","Optical Scan",
"0101700000","Alabama","Chambers County","20410","58","Assigned Polling Place","No","Hand marked paper ballots and BMDs","Optical Scan",
"0101900000","Alabama","Cherokee County","13938","23","Assigned Polling Place","No","Hand marked paper ballots and BMDs","Optical Scan",
"0102100000","Alabama","Chilton County","24779","20","Assigned Polling Place","No","Hand marked paper ballots and BMDs","Optical Scan",
"0102300000","Alabama","Choctaw County","10588","61","Assigned Polling Place","No","Hand marked paper ballots and BMDs","Optical Scan",
"0102500000","Alabama","Clarke County","17688","48","Assigned Polling Place","No","Hand marked paper ballots and BMDs","Optical Scan",
"0102700000","Alabama","Clay County","9722","23","Assigned Polling Place","No","Hand marked paper ballots and BMDs","Optical Scan",
"0102900000","Alabama","Cleburne County","9227","15","Assigned Polling Place","No","Hand marked paper ballots and BMDs","Optical Scan",
"0103100000","Alabama","Coffee County","26684","32","Assigned Polling Place","No","Hand marked paper ballots and BMDs","Optical Scan",
"0103300000","Alabama","Colbert County","33760","17","Assigned Polling Place","No","Hand marked paper ballots and BMDs","Optical Scan",
"0103500000","Alabama","Conecuh County","9750","32","Assigned Polling Place","No","Hand marked paper ballots and BMDs","Optical Scan",
"0103700000","Alabama","Coosa County","8008","26","Assigned Polling Place","No","Hand marked paper ballots and BMDs","Optical Scan",
"0103900000","Alabama","Covington County","21301","25","Assigned Polling Place","No","Hand marked paper ballots and BMDs","Optical Scan",
"0104100000","Alabama","Crenshaw County","8826","19","Assigned Polling Place","No","Hand marked paper ballots and BMDs","Optical Scan",
"0104300000","Alabama","Cullman County","48013","49","Assigned Polling Place","No","Hand marked paper ballots and BMDs","Optical Scan",
"0104500000","Alabama","Dale County","26028","19","Assigned Polling Place","No","Hand marked paper ballots and BMDs","Optical Scan",
"0104700000","Alabama","Dallas County","30804","30","Assigned Polling Place","No","Hand marked paper ballots and BMDs","Optical Scan",
"0104900000","Alabama","DeKalb County","34763","48","Assigned Polling Place","No","Hand marked paper ballots and BMDs","Optical Scan",
"0105100000","Alabama","Elmore County","42656","42","Assigned Polling Place","No","Hand marked paper ballots and BMDs","Optical Scan",
"0105300000","Alabama","Escambia County","20162","30","Assigned Polling Place","No","Hand marked paper ballots and BMDs","Optical Scan",
"0105500000","Alabama","Etowah County","59213","41","Assigned Polling Place","No","Hand marked paper ballots and BMDs","Optical Scan",
"0105700000","Alabama","Fayette County","10300","27","Assigned Polling Place","No","Hand marked paper ballots and BMDs","Optical Scan",
"0105900000","Alabama","Franklin County","18370","20","Assigned Polling Place","No","Hand marked paper ballots and BMDs","Optical Scan",
"0106100000","Alabama","Geneva County","14887","30","Assigned Polling Place","No","Hand marked paper ballots and BMDs","Optical Scan",
"0106300000","Alabama","Greene County","7588","18","Assigned Polling Place","No","Hand marked paper ballots and BMDs","Optical Scan",
"0106500000","Alabama","Hale County","11740","39","Assigned Polling Place","No","Hand marked paper ballots and BMDs","Optical Scan",
"0106700000","Alabama","Henry County","11210","27","Assigned Polling Place","No","Hand marked paper ballots and BMDs","Optical Scan",
"0106900000","Alabama","Houston County","57495","109","Assigned Polling Place","No","Hand marked paper ballots and BMDs","Optical Scan",
"0107100000","Alabama","Jackson County","33085","37","Assigned Polling Place","No","Hand marked paper ballots and BMDs","Optical Scan",
"0107300000","Alabama","Jefferson County","410027","187","Assigned Polling Place","No","Hand marked paper ballots and BMDs","Optical Scan",
"0107500000","Alabama","Lamar County","10456","25","Assigned Polling Place","No","Hand marked paper ballots and BMDs","Optical Scan",
"0107700000","Alabama","Lauderdale County","51091","34","Assigned Polling Place","No","Hand marked paper ballots and BMDs","Optical Scan",
"0107900000","Alabama","Lawrence County","21670","37","Assigned Polling Place","No","Hand marked paper ballots and BMDs","Optical Scan",
"0108100000","Alabama","Lee County","77615","23","Assigned Polling Place","No","Hand marked paper ballots and BMDs","Optical Scan",
"0108300000","Alabama","Limestone County","43452","25","Assigned Polling Place","No","Hand marked paper ballots and BMDs","Optical Scan",
"0108500000","Alabama","Lowndes County","9473","19","Assigned Polling Place","No","Hand marked paper ballots and BMDs","Optical Scan",
"0108700000","Alabama","Macon County","17443","15","Assigned Polling Place","No","Hand marked paper ballots and BMDs","Optical Scan",
"0108900000","Alabama","Madison County","190538","90","Assigned Polling Place","No","Hand marked paper ballots and BMDs","Optical Scan",
"0109100000","Alabama","Marengo County","15324","26","Assigned Polling Place","No","Hand marked paper ballots and BMDs","Optical Scan",
"0109300000","Alabama","Marion County","18447","23","Assigned Polling Place","No","Hand marked paper ballots and BMDs","Optical Scan",
"0109500000","Alabama","Marshall County","46062","62","Assigned Polling Place","No","Hand marked paper ballots and BMDs","Optical Scan",
"0109700000","Alabama","Mobile County","252588","186","Assigned Polling Place","No","Hand marked paper ballots and BMDs","Optical Scan",
"0109900000","Alabama","Monroe County","16031","76","Assigned Polling Place","No","Hand marked paper ballots and BMDs","Optical Scan",
"0110100000","Alabama","Montgomery County","140355","56","Assigned Polling Place","No","Hand marked paper ballots and BMDs","Optical Scan",
"0110300000","Alabama","Morgan County","63156","47","Assigned Polling Place","No","Hand marked paper ballots and BMDs","Optical Scan",
"0110500000","Alabama","Perry County","8533","18","Assigned Polling Place","No","Hand marked paper ballots and BMDs","Optical Scan",
"0110700000","Alabama","Pickens County","13370","28","Assigned Polling Place","No","Hand marked paper ballots and BMDs","Optical Scan",
"0110900000","Alabama","Pike County","19001","28","Assigned Polling Place","No","Hand marked paper ballots and BMDs","Optical Scan",
"0111100000","Alabama","Randolph County","14548","14","Assigned Polling Place","No","Hand marked paper ballots and BMDs","Optical Scan",
"0111300000","Alabama","Russell County","28460","17","Assigned Polling Place","No","Hand marked paper ballots and BMDs","Optical Scan",
"0111700000","Alabama","Shelby County","108556","50","Assigned Polling Place","No","Hand marked paper ballots and BMDs","Optical Scan",
"0111500000","Alabama","St. Clair County","49067","31","Assigned Polling Place","No","Hand marked paper ballots and BMDs","Optical Scan",
"0111900000","Alabama","Sumter County","8673","23","Assigned Polling Place","No","Hand marked paper ballots and BMDs","Optical Scan",
"0112100000","Alabama","Talladega County","46498","26","Assigned Polling Place","No","Hand marked paper ballots and BMDs","Optical Scan",
"0112300000","Alabama","Tallapoosa County","25242","29","Assigned Polling Place","No","Hand marked paper ballots and BMDs","Optical Scan",
"0112500000","Alabama","Tuscaloosa County","100939","54","Assigned Polling Place","No","Hand marked paper ballots and BMDs","Optical Scan",
"0112700000","Alabama","Walker County","41977","46","Assigned Polling Place","No","Hand marked paper ballots and BMDs","Optical Scan",
"0112900000","Alabama","Washington County","13042","37","Assigned Polling Place","No","Hand marked paper ballots and BMDs","Optical Scan",
"0113100000","Alabama","Wilcox County","8790","37","Assigned Polling Place","No","Hand marked paper ballots and BMDs","Optical Scan",
"0113300000","Alabama","Winston County","15739","44","Assigned Polling Place","No","Hand marked paper ballots and BMDs","Optical Scan",
"0200000000","Alaska","Alaska","495731","438","Assigned Polling Place","No","Hand marked paper ballots and DREs with VVPAT","Hand Count, Optical Scan, and DRE",
"6000000000","American Samoa","American Samoa","16780","17","Assigned Polling Place","No","Hand marked paper ballots, No accessible equipment","Hand Count",
"0400100000","Arizona","Apache County","41425","45","Assigned Polling Place","No","Hand marked paper ballots and DREs with VVPAT","Optical Scan and DRE",
"0400300000","Arizona","Cochise County","70715","64","Assigned Polling Place","No","Hand marked paper ballots and BMDs","Optical Scan",
"0400500000","Arizona","Coconino County","69855","85","Assigned Polling Place","No","Hand marked paper ballots and DREs with VVPAT","Optical Scan and DRE",
"0400700000","Arizona","Gila County","31132","39","Assigned Polling Place","No","Hand marked paper ballots and DREs with VVPAT","Optical Scan and DRE",
"0400900000","Arizona","Graham County","17282","18","Assigned Polling Place","No","Hand marked paper ballots and BMDs","Optical Scan",
"0401100000","Arizona","Greenlee County","4337","8","Assigned Polling Place","No","Hand marked paper ballots and DREs with VVPAT","Optical Scan and DRE",
"0401200000","Arizona","La Paz County","8195","12","Assigned Polling Place","No","Hand marked paper ballots and DREs with VVPAT","Optical Scan and DRE",
"0401300000","Arizona","Maricopa County","1730886","1142","Assigned Polling Place","No","Hand marked paper ballots and DREs with VVPAT","Optical Scan and DRE",
"0401500000","Arizona","Mohave County","105200","73","Assigned Polling Place","No","Hand marked paper ballots and DREs with VVPAT","Optical Scan and DRE",
"0401700000","Arizona","Navajo County","58528","70","Assigned Polling Place","No","Hand marked paper ballots and DREs with VVPAT","Optical Scan and DRE",
"0401900000","Arizona","Pima County","496667","417","Assigned Polling Place","No","Hand marked paper ballots and DREs with VVPAT","Optical Scan and DRE",
"0402100000","Arizona","Pinal County","145704","88","Assigned Polling Place","No","Hand marked paper ballots and DREs with VVPAT","Optical Scan and DRE",
"0402300000","Arizona","Santa Cruz County","21287","24","Assigned Polling Place","No","Hand marked paper ballots and DREs with VVPAT","Optical Scan and DRE",
"0402500000","Arizona","Yavapai County","118923","112","Assigned Polling Place","No","Hand marked paper ballots and DREs with VVPAT","Optical Scan and DRE",
"0402700000","Arizona","Yuma County","67315","42","Assigned Polling Place","No","Hand marked paper ballots and DREs with VVPAT","Optical Scan and DRE",
"0500100000","Arkansas","Arkansas County","8600","29","Assigned Polling Place","No","DREs with VVPAT for all voters","DRE",
"0500300000","Arkansas","Ashley County","9571","22","Assigned Polling Place","No","Hand marked paper ballots and DREs with VVPAT","Optical Scan and DRE",
"0500500000","Arkansas","Baxter County","24191","44","Assigned Polling Place","No","Hand marked paper ballots and DREs with VVPAT","Optical Scan and DRE",
"0500700000","Arkansas","Benton County","86496","83","Assigned Polling Place","No","Hand marked paper ballots and DREs with VVPAT","Optical Scan and DRE",
"0500900000","Arkansas","Boone County","17871","27","Assigned Polling Place","No","DREs with VVPAT for all voters","DRE",
"0501100000","Arkansas","Bradley County","4976","14","Assigned Polling Place","No","DREs with VVPAT for all voters","DRE",
"0501300000","Arkansas","Calhoun County","2839","11","Assigned Polling Place","No","DREs with VVPAT for all voters","DRE",
"0501500000","Arkansas","Carroll County","11865","27","Assigned Polling Place","No","Hand marked paper ballots and DREs with VVPAT","Optical Scan and DRE",
"0501700000","Arkansas","Chicot County","6663","13","Assigned Polling Place","No","Hand marked paper ballots and DREs with VVPAT","Optical Scan and DRE",
"0501900000","Arkansas","Clark County","10995","22","Assigned Polling Place","No","DREs with VVPAT for all voters","DRE",
"0502100000","Arkansas","Clay County","8785","17","Assigned Polling Place","No","DREs with VVPAT for all voters","DRE",
"0502300000","Arkansas","Cleburne County","14765","35","Assigned Polling Place","No","DREs with VVPAT for all voters","DRE",
"0502500000","Arkansas","Cleveland County","4320","18","Assigned Polling Place","No","DREs with VVPAT for all voters","DRE",
"0502700000","Arkansas","Columbia County","11420","17","Assigned Polling Place","No","DREs without VVPAT for all voters","DRE",
"0502900000","Arkansas","Conway County","10283","31","Assigned Polling Place","No","DREs with VVPAT for all voters","DRE",
"0503100000","Arkansas","Craighead County","42292","23","Assigned Polling Place","No","Hand marked paper ballots and DREs with VVPAT","Optical Scan and DRE",
"0503300000","Arkansas","Crawford County","25071","44","Assigned Polling Place","No","DREs with VVPAT for all voters","DRE",
"0503500000","Arkansas","Crittenden County","21475","41","Assigned Polling Place","No","DREs with VVPAT for all voters","DRE",
"0503700000","Arkansas","Cross County","8576","22","Assigned Polling Place","No","DREs with VVPAT for all voters","DRE",
"0503900000","Arkansas","Dallas County","5215","9","Assigned Polling Place","No","DREs with VVPAT for all voters","DRE",
"0504100000","Arkansas","Desha County","5891","21","Assigned Polling Place","No","DREs with VVPAT for all voters","DRE",
"0504300000","Arkansas","Drew County","7806","17","Assigned Polling Place","No","DREs with VVPAT for all voters","DRE",
"0504500000","Arkansas","Faulkner County","47671","49","Assigned Polling Place","No","Hand marked paper ballots and DREs with VVPAT","Optical Scan and DRE",
"0504700000","Arkansas","Franklin County","8172","28","Assigned Polling Place","No","DREs with VVPAT for all voters","DRE",
"0504900000","Arkansas","Fulton County","5986","14","Assigned Polling Place","No","DREs with VVPAT for all voters","DRE",
"0505100000","Arkansas","Garland County","50713","42","Assigned Polling Place","No","Hand marked paper ballots and DREs with VVPAT","Optical Scan and DRE",
"0505300000","Arkansas","Grant County","8098","18","Assigned Polling Place","No","DREs with VVPAT for all voters","DRE",
"0505500000","Arkansas","Greene County","17054","34","Assigned Polling Place","No","DREs with VVPAT for all voters","DRE",
"0505700000","Arkansas","Hempstead County","8629","28","Assigned Polling Place","No","DREs with VVPAT for all voters","DRE",
"0505900000","Arkansas","Hot Spring County","14909","26","Assigned Polling Place","No","DREs with VVPAT for all voters","DRE",
"0506100000","Arkansas","Howard County","5809","19","Assigned Polling Place","No","Hand marked paper ballots and DREs with VVPAT","Optical Scan and DRE",
"0506300000","Arkansas","Independence County","15829","31","Assigned Polling Place","No","DREs with VVPAT for all voters","DRE",
"0506500000","Arkansas","Izard County","7506","47","Assigned Polling Place","No","DREs with VVPAT for all voters","DRE",
"0506700000","Arkansas","Jackson County","7341","52","Assigned Polling Place","No","DREs with VVPAT for all voters","DRE",
"0506900000","Arkansas","Jefferson County","34449","187","Assigned Polling Place","No","DREs with VVPAT for all voters","DRE",
"0507100000","Arkansas","Johnson County","10387","24","Assigned Polling Place","No","DREs with VVPAT for all voters","DRE",
"0507300000","Arkansas","Lafayette County","3577","21","Assigned Polling Place","No","DREs with VVPAT for all voters","DRE",
"0507500000","Arkansas","Lawrence County","7564","28","Assigned Polling Place","No","Hand marked paper ballots and DREs with VVPAT","Optical Scan and DRE",
"0507700000","Arkansas","Lee County","4726","13","Assigned Polling Place","No","Hand marked paper ballots and DREs with VVPAT","Optical Scan and DRE",
"0507900000","Arkansas","Lincoln County","4909","26","Assigned Polling Place","No","Hand marked paper ballots and DREs with VVPAT","Optical Scan and DRE",
"0508100000","Arkansas","Little River County","6187","20","Assigned Polling Place","No","DREs with VVPAT for all voters","DRE",
"0508300000","Arkansas","Logan County","10039","36","Assigned Polling Place","No","Hand marked paper ballots and DREs with VVPAT","Optical Scan and DRE",
"0508500000","Arkansas","Lonoke County","28699","55","Assigned Polling Place","No","Hand marked paper ballots and DREs with VVPAT","Optical Scan and DRE",
"0508700000","Arkansas","Madison County","7596","26","Assigned Polling Place","No","Hand marked paper ballots and DREs with VVPAT","Optical Scan and DRE",
"0508900000","Arkansas","Marion County","8826","35","Assigned Polling Place","No","DREs with VVPAT for all voters","DRE",
"0509100000","Arkansas","Miller County","18018","25","Assigned Polling Place","No","DREs with VVPAT for all voters","DRE",
"0509300000","Arkansas","Mississippi County","17785","71","Assigned Polling Place","No","DREs with VVPAT for all voters","DRE",
"0509500000","Arkansas","Monroe County","4228","24","Assigned Polling Place","No","Hand marked paper ballots and DREs with VVPAT","Optical Scan and DRE",
"0509700000","Arkansas","Montgomery County","5345","16","Assigned Polling Place","No","DREs with VVPAT for all voters","DRE",
"0509900000","Arkansas","Nevada County","4684","21","Assigned Polling Place","No","DREs with VVPAT for all voters","DRE",
"0510100000","Arkansas","Newton County","5722","20","Assigned Polling Place","No","Hand marked paper ballots and DREs with VVPAT","Optical Scan and DRE",
"0510300000","Arkansas","Ouachita County","13162","22","Assigned Polling Place","No","DREs without VVPAT for all voters","DRE",
"0510500000","Arkansas","Perry County","5441","19","Assigned Polling Place","No","DREs with VVPAT for all voters","DRE",
"0510700000","Arkansas","Phillips County","14433","20","Assigned Polling Place","No","DREs with VVPAT for all voters","DRE",
"0510900000","Arkansas","Pike County","4947","13","Assigned Polling Place","No","Hand marked paper ballots and DREs with VVPAT","Optical Scan and DRE",
"0511100000","Arkansas","Poinsett County","10388","9","Assigned Polling Place","No","Hand marked paper ballots and DREs with VVPAT","Optical Scan and DRE",
"0511300000","Arkansas","Polk County","9262","20","Assigned Polling Place","No","DREs with VVPAT for all voters","DRE",
"0511500000","Arkansas","Pope County","29910","56","Assigned Polling Place","No","Hand marked paper ballots and DREs with VVPAT","Optical Scan and DRE",
"0511700000","Arkansas","Prairie County","4175","20","Assigned Polling Place","No","DREs with VVPAT for all voters","DRE",
"0511900000","Arkansas","Pulaski County","202607","136","Assigned Polling Place","No","Hand marked paper ballots and DREs with VVPAT","Optical Scan and DRE",
"0512100000","Arkansas","Randolph County","9047","29","Assigned Polling Place","No","DREs with VVPAT for all voters","DRE",
"0512500000","Arkansas","Saline County","54908","35","Assigned Polling Place","No","Hand marked paper ballots and DREs with VVPAT","Optical Scan and DRE",
"0512700000","Arkansas","Scott County","6152","26","Assigned Polling Place","No","Hand marked paper ballots and DREs with VVPAT","Optical Scan and DRE",
"0512900000","Arkansas","Searcy County","5177","15","Assigned Polling Place","No","DREs with VVPAT for all voters","DRE",
"0513100000","Arkansas","Sebastian County","58330","90","Assigned Polling Place","No","Hand marked paper ballots and DREs with VVPAT","Optical Scan and DRE",
"0513300000","Arkansas","Sevier County","5548","17","Assigned Polling Place","No","Hand marked paper ballots and DREs with VVPAT","Optical Scan and DRE",
"0513500000","Arkansas","Sharp County","9658","27","Assigned Polling Place","No","DREs with VVPAT for all voters","DRE",
"0512300000","Arkansas","St. Francis County","12257","18","Assigned Polling Place","No","Hand marked paper ballots and DREs with VVPAT","Optical Scan and DRE",
"0513700000","Arkansas","Stone County","6798","30","Assigned Polling Place","No","Hand marked paper ballots and DREs with VVPAT","Optical Scan and DRE",
"0513900000","Arkansas","Union County","20141","29","Assigned Polling Place","No","DREs without VVPAT for all voters","DRE",
"0514100000","Arkansas","Van Buren County","8646","21","Assigned Polling Place","No","DREs with VVPAT for all voters","DRE",
"0514300000","Arkansas","Washington County","86958","118","Assigned Polling Place","No","Hand marked paper ballots and DREs with VVPAT","Optical Scan and DRE",
"0514500000","Arkansas","White County","44605","91","Assigned Polling Place","No","DREs with VVPAT for all voters","DRE",
"0514700000","Arkansas","Woodruff County","3606","20","Assigned Polling Place","No","DREs with VVPAT for all voters","DRE",
"0514900000","Arkansas","Yell County","8161","28","Assigned Polling Place","No","DREs with VVPAT for all voters","DRE",
"0600100000","California","Alameda County","803069","1041","Assigned Polling Place","No","Hand marked paper ballots and DREs with VVPAT","Optical Scan and DRE",
"0600300000","California","Alpine County","814","5","Election Office","Yes","Hand marked paper ballots and DREs with VVPAT","Optical Scan and DRE",
"0600500000","California","Amador County","21464","30","Assigned Polling Place","No","Hand marked paper ballots and BMDs","Optical Scan",
"0600700000","California","Butte County","122900","159","Assigned Polling Place","No","Hand marked paper ballots and DREs with VVPAT","Optical Scan and DRE",
"0600900000","California","Calaveras County","28384","30","Assigned Polling Place","No","Hand marked paper ballots and BMDs","Optical Scan",
"0601100000","California","Colusa County","7867","18","Assigned Polling Place","No","Hand marked paper ballots and BMDs","Optical Scan",
"0601300000","California","Contra Costa County","540561","854","Assigned Polling Place","No","Hand marked paper ballots and BMDs","Optical Scan",
"0601500000","California","Del Norte County","12760","18","Assigned Polling Place","No","Hand marked paper ballots and DREs with VVPAT","Optical Scan and DRE",
"0601700000","California","El Dorado County","111325","150","Assigned Polling Place","No","Hand marked paper ballots and DREs with VVPAT","Optical Scan and DRE",
"0601900000","California","Fresno County","383793","713","Assigned Polling Place","No","Hand marked paper ballots and DREs with VVPAT","Optical Scan and DRE",
"0602100000","California","Glenn County","12438","30","Assigned Polling Place","No","Hand marked paper ballots and DREs with VVPAT","Optical Scan and DRE",
"0602300000","California","Humboldt County","80330","140","Assigned Polling Place","No","Hand marked paper ballots and DREs with VVPAT","Optical Scan and DRE",
"0602500000","California","Imperial County","58997","108","Assigned Polling Place","No","Hand marked paper ballots and DREs with VVPAT","Optical Scan and DRE",
"0602700000","California","Inyo County","10304","27","Assigned Polling Place","No","Hand marked paper ballots and DREs with VVPAT","Optical Scan and DRE",
"0602900000","California","Kern County","311138","588","Assigned Polling Place","No","Hand marked paper ballots and DREs with VVPAT","Optical Scan and DRE",
"0603100000","California","Kings County","49670","210","Assigned Polling Place","No","Hand marked paper ballots and DREs with VVPAT","Optical Scan and DRE",
"0603300000","California","Lake County","35212","52","Assigned Polling Place","No","Hand marked paper ballots and DREs with VVPAT","Optical Scan and DRE",
"0603500000","California","Lassen County","14080","44","Assigned Polling Place","No","Hand marked paper ballots and DREs with VVPAT","Optical Scan and DRE",
"0603700000","California","Los Angeles County","4324210","4883","Assigned Polling Place","No","Hand marked paper ballots and BMDs","Optical Scan",
"0603900000","California","Madera County","54034","109","Assigned Polling Place","No","Hand marked paper ballots and DREs with VVPAT","Optical Scan and DRE",
"0604100000","California","Marin County","156246","189","Assigned Polling Place","No","Hand marked paper ballots and BMDs","Optical Scan",
"0604300000","California","Mariposa County","11693","21","Assigned Polling Place","No","Hand marked paper ballots and DREs with VVPAT","Optical Scan and DRE",
"0604500000","California","Mendocino County","50721","249","Assigned Polling Place","No","Hand marked paper ballots and DREs with VVPAT","Optical Scan and DRE",
"0604700000","California","Merced County","97335","118","Assigned Polling Place","No","Hand marked paper ballots and BMDs","Optical Scan",
"0604900000","California","Modoc County","5518","20","Assigned Polling Place","No","Hand marked paper ballots and DREs with VVPAT","Optical Scan and DRE",
"0605100000","California","Mono County","6873","13","Assigned Polling Place","No","Hand marked paper ballots and DREs with VVPAT","Optical Scan and DRE",
"0605300000","California","Monterey County","159289","184","Assigned Polling Place","No","Hand marked paper ballots and DREs with VVPAT","Optical Scan and DRE",
"0605500000","California","Napa County","71544","150","Assigned Polling Place","No","Hand marked paper ballots and DREs with VVPAT","Optical Scan and DRE",
"0605700000","California","Nevada County","63361","99","Assigned Polling Place","No","Hand marked paper ballots and DREs with VVPAT","Optical Scan and DRE",
"0605900000","California","Orange County","1620399","2109","Assigned Polling Place","No","DREs with VVPAT for all voters","DRE",
"0606100000","California","Placer County","199217","379","Assigned Polling Place","No","Hand marked paper ballots and DREs with VVPAT","Optical Scan and DRE",
"0606300000","California","Plumas County","13667","29","Assigned Polling Place","No","Hand marked paper ballots and DREs with VVPAT","Optical Scan and DRE",
"0606500000","California","Riverside County","859647","1403","Assigned Polling Place","No","Hand marked paper ballots and DREs with VVPAT","Optical Scan and DRE",
"0606700000","California","Sacramento County","684588","769","Assigned Polling Place","No","Hand marked paper ballots and BMDs","Optical Scan",
"0606900000","California","San Benito County","25355","59","Assigned Polling Place","No","Hand marked paper ballots and DREs with VVPAT","Optical Scan and DRE",
"0607100000","California","San Bernardino County","829908","1391","Assigned Polling Place","No","Hand marked paper ballots and DREs with VVPAT","Optical Scan and DRE",
"0607300000","California","San Diego County","1488157","2267","Assigned Polling Place","No","Hand marked paper ballots and DREs with VVPAT","Optical Scan and DRE",
"0607500000","California","City and County of San Francisco","477651","580","Assigned Polling Place","No","Hand marked paper ballots and DREs with VVPAT","Optical Scan and DRE",
"0607700000","California","San Joaquin County","268476","515","Assigned Polling Place","No","Hand marked paper ballots and DREs with VVPAT","Optical Scan and DRE",
"0607900000","California","San Luis Obispo County","161716","152","Assigned Polling Place","No","Hand marked paper ballots and BMDs","Optical Scan",
"0608100000","California","San Mateo County","389744","555","Assigned Polling Place","No","DREs with VVPAT for all voters","DRE",
"0608300000","California","Santa Barbara County","204912","318","Assigned Polling Place","No","Hand marked paper ballots and BMDs","Optical Scan",
"0608500000","California","Santa Clara County","791931","1142","Assigned Polling Place","No","Hand marked paper ballots and DREs with VVPAT","Optical Scan and DRE",
"0608700000","California","Santa Cruz County","148406","260","Assigned Polling Place","No","Hand marked paper ballots and DREs with VVPAT","Optical Scan and DRE",
"0608900000","California","Shasta County","96839","151","Assigned Polling Place","No","Hand marked paper ballots and DREs with VVPAT","Optical Scan and DRE",
"0609100000","California","Sierra County","2324","23","Election Office","Yes","Hand marked paper ballots and DREs with VVPAT","Optical Scan and DRE",
"0609300000","California","Siskiyou County","26479","72","Assigned Polling Place","No","Hand marked paper ballots and BMDs","Optical Scan",
"0609500000","California","Solano County","191387","214","Assigned Polling Place","No","Hand marked paper ballots and BMDs","Optical Scan",
"0609700000","California","Sonoma County","252796","453","Assigned Polling Place","No","Hand marked paper ballots and DREs with VVPAT","Optical Scan and DRE",
"0609900000","California","Stanislaus County","230163","264","Assigned Polling Place","No","Hand marked paper ballots and BMDs","Optical Scan",
"0610100000","California","Sutter County","41606","62","Assigned Polling Place","No","Hand marked paper ballots and DREs with VVPAT","Optical Scan and DRE",
"0610300000","California","Tehama County","31284","60","Assigned Polling Place","No","Hand marked paper ballots and DREs with VVPAT","Optical Scan and DRE",
"0610500000","California","Trinity County","8388","23","Assigned Polling Place","No","Hand marked paper ballots and DREs with VVPAT","Optical Scan and DRE",
"0610700000","California","Tulare County","146434","244","Assigned Polling Place","No","Hand marked paper ballots and DREs with VVPAT","Optical Scan and DRE",
"0610900000","California","Tuolumne County","33666","68","Assigned Polling Place","No","Hand marked paper ballots and BMDs","Optical Scan",
"0611100000","California","Ventura County","427102","602","Assigned Polling Place","No","Hand marked paper ballots and DREs with VVPAT","Optical Scan and DRE",
"0611300000","California","Yolo County","106295","150","Assigned Polling Place","No","Hand marked paper ballots and DREs with VVPAT","Optical Scan and DRE",
"0611500000","California","Yuba County","29759","46","Assigned Polling Place","No","Hand marked paper ballots and DREs with VVPAT","Optical Scan and DRE",
"0800100000","Colorado","Adams County","178084","216","Vote Center","No","Hand marked paper ballots and DREs with VVPAT","Optical Scan and DRE",
"0800300000","Colorado","Alamosa County","7021","8","Assigned Polling Place","No","Hand marked paper ballots and DREs with VVPAT","Optical Scan and DRE",
"0800500000","Colorado","Arapahoe County","287907","372","Assigned Polling Place","No","DREs without VVPAT for all voters","DRE",
"0800700000","Colorado","Archuleta County","7580","8","Vote Center","No","Hand marked paper ballots and DREs with VVPAT","Optical Scan and DRE",
"0800900000","Colorado","Baca County","2466","9","Assigned Polling Place","No","Hand marked paper ballots and DREs with VVPAT","Optical Scan and DRE",
"0801100000","Colorado","Bent County","2197","6","Assigned Polling Place","No","DREs with VVPAT for all voters","DRE",
"0801300000","Colorado","Boulder County","186320","234","Assigned Polling Place","No","Hand marked paper ballots and DREs with VVPAT","Optical Scan and DRE",
"0801400000","Colorado","City and County of Broomfield","31629","38","Vote Center","No","Hand marked paper ballots and DREs with VVPAT","Optical Scan and DRE",
"0801500000","Colorado","Chaffee County","10801","15","Vote Center","No","Hand marked paper ballots and DREs with VVPAT","Optical Scan and DRE",
"0801700000","Colorado","Cheyenne County","1235","5","Assigned Polling Place","No","Hand marked paper ballots and DREs with VVPAT","Optical Scan and DRE",
"0801900000","Colorado","Clear Creek County","6353","9","Assigned Polling Place","No","Hand marked paper ballots and DREs with VVPAT","Optical Scan and DRE",
"0802100000","Colorado","Conejos County","4422","10","Vote Center","No","Hand marked paper ballots and DREs with VVPAT","Optical Scan and DRE",
"0802300000","Colorado","Costilla County","2030","8","Assigned Polling Place","No","Hand marked paper ballots and DREs with VVPAT","Optical Scan and DRE",
"0802500000","Colorado","Crowley County","1747","6","Assigned Polling Place","No","Hand marked paper ballots and DREs with VVPAT","Optical Scan and DRE",
"0802700000","Colorado","Custer County","3127","3","Assigned Polling Place","No","Hand marked paper ballots and DREs with VVPAT","Optical Scan and DRE",
"0802900000","Colorado","Delta County","16610","20","Assigned Polling Place","No","Hand marked paper ballots and DREs with VVPAT","Optical Scan and DRE",
"0803100000","Colorado","City and County of Denver","313503","427","Assigned Polling Place","No","Hand marked paper ballots and DREs with VVPAT","Optical Scan and DRE",
"0803300000","Colorado","Dolores County","1359","4","Assigned Polling Place","No","Hand marked paper ballots and DREs with VVPAT","Optical Scan and DRE",
"0803500000","Colorado","Douglas County","159313","138","Assigned Polling Place","No","Hand marked paper ballots and DREs with VVPAT","Optical Scan and DRE",
"0803700000","Colorado","Eagle County","24143","29","Assigned Polling Place","No","Hand marked paper ballots and DREs with VVPAT","Optical Scan and DRE",
"0804100000","Colorado","El Paso County","300880","388","Assigned Polling Place","No","Hand marked paper ballots and DREs with VVPAT","Optical Scan and DRE",
"0803900000","Colorado","Elbert County","13935","18","Assigned Polling Place","No","Hand marked paper ballots and DREs with VVPAT","Optical Scan and DRE",
"0804300000","Colorado","Fremont County","25773","30","Assigned Polling Place","No","Hand marked paper ballots and DREs with VVPAT","Optical Scan and DRE",
"0804500000","Colorado","Garfield County","26308","27","Assigned Polling Place","No","Hand marked paper ballots and DREs with VVPAT","Optical Scan and DRE",
"0804700000","Colorado","Gilpin County","3680","6","Vote Center","No","Hand marked paper ballots and DREs with VVPAT","Optical Scan and DRE",
"0804900000","Colorado","Grand County","9379","12","Assigned Polling Place","No","Hand marked paper ballots and DREs with VVPAT","Optical Scan and DRE",
"0805100000","Colorado","Gunnison County","10011","15","Assigned Polling Place","No","Hand marked paper ballots and DREs with VVPAT","Optical Scan and DRE",
"0805300000","Colorado","Hinsdale County","672","4","Assigned Polling Place","No","Hand marked paper ballots and DREs with VVPAT","Optical Scan and DRE",
"0805500000","Colorado","Huerfano County","4587","12","Assigned Polling Place","No","Hand marked paper ballots and DREs with VVPAT","Optical Scan and DRE",
"0805700000","Colorado","Jackson County","1004","6","Assigned Polling Place","No","Hand marked paper ballots and DREs with VVPAT","Hand Count and DRE",
"0805900000","Colorado","Jefferson County","310428","324","Assigned Polling Place","No","Hand marked paper ballots and DREs without VVPAT","Optical Scan and DRE",
"0806100000","Colorado","Kiowa County","974","4","Assigned Polling Place","No","DREs with VVPAT for all voters","DRE",
"0806300000","Colorado","Kit Carson County","3707","13","Assigned Polling Place","No","Hand marked paper ballots and DREs with VVPAT","Optical Scan and DRE",
"0806700000","Colorado","La Plata County","31569","30","Assigned Polling Place","No","Hand marked paper ballots and DREs with VVPAT","Optical Scan and DRE",
"0806500000","Colorado","Lake County","3610","6","Vote Center","No","Hand marked paper ballots and DREs with VVPAT","Optical Scan and DRE",
"0806900000","Colorado","Larimer County","182164","154","Vote Center","No","Hand marked paper ballots and DREs with VVPAT","Optical Scan and DRE",
"0807100000","Colorado","Las Animas County","7700","16","Assigned Polling Place","No","Hand marked paper ballots and DREs with VVPAT","Optical Scan and DRE",
"0807300000","Colorado","Lincoln County","2826","12","Assigned Polling Place","No","DREs with VVPAT for all voters","DRE",
"0807500000","Colorado","Logan County","10148","18","Assigned Polling Place","No","Hand marked paper ballots and DREs with VVPAT","Optical Scan and DRE",
"0807700000","Colorado","Mesa County","77221","82","Vote Center","No","DREs with VVPAT for all voters","DRE",
"0807900000","Colorado","Mineral County","749","1","Assigned Polling Place","No","Hand marked paper ballots and DREs with VVPAT","Optical Scan and DRE",
"0808100000","Colorado","Moffat County","6745","13","Vote Center","No","Hand marked paper ballots and DREs with VVPAT","Optical Scan and DRE",
"0808300000","Colorado","Montezuma County","13860","12","Assigned Polling Place","No","Hand marked paper ballots and DREs with VVPAT","Optical Scan and DRE",
"0808500000","Colorado","Montrose County","20712","30","Assigned Polling Place","No","Hand marked paper ballots and DREs with VVPAT","Optical Scan and DRE",
"0808700000","Colorado","Morgan County","11661","17","Vote Center","No","Hand marked paper ballots and DREs with VVPAT","Optical Scan and DRE",
"0808900000","Colorado","Otero County","9157","17","Vote Center","No","Hand marked paper ballots and DREs with VVPAT","Optical Scan and DRE",
"0809100000","Colorado","Ouray County","3295","5","Assigned Polling Place","No","Hand marked paper ballots and DREs with VVPAT","Optical Scan and DRE",
"0809300000","Colorado","Park County","10239","13","Vote Center","No","Hand marked paper ballots and DREs with VVPAT","Optical Scan and DRE",
"0809500000","Colorado","Phillips County","2797","10","Assigned Polling Place","No","DREs with VVPAT for all voters","DRE",
"0809700000","Colorado","Pitkin County","11138","10","Assigned Polling Place","No","Hand marked paper ballots and DREs with VVPAT","Optical Scan and DRE",
"0809900000","Colorado","Prowers County","5507","13","Assigned Polling Place","No","DREs with VVPAT for all voters","DRE",
"0810100000","Colorado","Pueblo County","84593","131","Assigned Polling Place","No","Hand marked paper ballots and DREs with VVPAT","Optical Scan and DRE",
"0810300000","Colorado","Rio Blanco County","3665","6","Assigned Polling Place","No","Hand marked paper ballots and DREs with VVPAT","Optical Scan and DRE",
"0810500000","Colorado","Rio Grande County","6039","15","Assigned Polling Place","No","Hand marked paper ballots and DREs with VVPAT","Optical Scan and DRE",
"0810700000","Colorado","Routt County","14977","18","Assigned Polling Place","No","Hand marked paper ballots and DREs with VVPAT","Optical Scan and DRE",
"0810900000","Colorado","Saguache County","3059","9","Assigned Polling Place","No","Hand marked paper ballots and DREs with VVPAT","Optical Scan and DRE",
"0811100000","Colorado","San Juan County","582","2","Assigned Polling Place","No","Hand marked paper ballots and DREs with VVPAT","Hand Count and DRE",
"0811300000","Colorado","San Miguel County","4989","6","Assigned Polling Place","No","Hand marked paper ballots and DREs with VVPAT","Optical Scan and DRE",
"0811500000","Colorado","Sedgwick County","1708","5","Assigned Polling Place","No","DREs with VVPAT for all voters","DRE",
"0811700000","Colorado","Summit County","17139","17","Vote Center","No","Hand marked paper ballots and DREs with VVPAT","Optical Scan and DRE",
"0811900000","Colorado","Teller County","13752","13","Vote Center","No","Hand marked paper ballots and DREs with VVPAT","Optical Scan and DRE",
"0812100000","Colorado","Washington County","2794","8","Assigned Polling Place","No","Hand marked paper ballots and DREs with VVPAT","Optical Scan and DRE",
"0812300000","Colorado","Weld County","117264","107","Vote Center","No","DREs with VVPAT for all voters","DRE",
"0812500000","Colorado","Yuma County","4949","14","Assigned Polling Place","No","Hand marked paper ballots and DREs with VVPAT","Optical Scan and DRE",
"0900123890","Connecticut","Town of Easton (Fairfield County)","5361","2","Assigned Polling Place","No","Hand marked paper ballots and BMDs","Optical Scan",
"0900148620","Connecticut","Town of Monroe (Fairfield County)","13092","9","Assigned Polling Place","No","Hand marked paper ballots and BMDs","Optical Scan",
"0900104720","Connecticut","Town of Bethel (Fairfield  County)","11396","5","Assigned Polling Place","No","Hand marked paper ballots and BMDs","Optical Scan",
"0900108070","Connecticut","City of Bridgeport (Fairfield  County)","69602","23","Assigned Polling Place","No","Hand marked paper ballots and BMDs","Optical Scan",
"0900108980","Connecticut","Town of Brookfield (Fairfield  County)","10353","2","Assigned Polling Place","No","Hand marked paper ballots and BMDs","Optical Scan",
"0900118500","Connecticut","City of Danbury (Fairfield  County)","34414","7","Assigned Polling Place","No","Hand marked paper ballots and BMDs","Optical Scan",
"0900118850","Connecticut","Town of Darien (Fairfield  County)","12544","6","Assigned Polling Place","No","Hand marked paper ballots and BMDs","Optical Scan",
"0900126620","Connecticut","Town of Fairfield (Fairfield  County)","37071","10","Assigned Polling Place","No","Hand marked paper ballots and BMDs","Optical Scan",
"0900133620","Connecticut","Town of Greenwich (Fairfield  County)","35522","21","Assigned Polling Place","No","Hand marked paper ballots and BMDs","Optical Scan",
"0900150580","Connecticut","Town of New Canaan (Fairfield  County)","12767","17","Assigned Polling Place","No","Hand marked paper ballots and BMDs","Optical Scan",
"0900150860","Connecticut","Town of New Fairfield (Fairfield  County)","9367","3","Assigned Polling Place","No","Hand marked paper ballots and BMDs","Optical Scan",
"0900152980","Connecticut","Town of Newtown (Fairfield  County)","17197","7","Assigned Polling Place","No","Hand marked paper ballots and BMDs","Optical Scan",
"0900156060","Connecticut","City of Norwalk (Fairfield  County)","49955","1","Assigned Polling Place","No","Hand marked paper ballots and BMDs","Optical Scan",
"0900163480","Connecticut","Town of Redding (Fairfield  County)","6767","2","Assigned Polling Place","No","Hand marked paper ballots and BMDs","Optical Scan",
"0900163970","Connecticut","Town of Ridgefield (Fairfield  County)","16502","2","Assigned Polling Place","No","Hand marked paper ballots and BMDs","Optical Scan",
"0900168170","Connecticut","City of Shelton (Fairfield  County)","25423","1","Assigned Polling Place","No","Hand marked paper ballots and BMDs","Optical Scan",
"0900168310","Connecticut","Town of Sherman (Fairfield  County)","2666","4","Assigned Polling Place","No","Hand marked paper ballots and BMDs","Optical Scan",
"0900173070","Connecticut","City of Stamford (Fairfield  County)","59573","3","Assigned Polling Place","No","Hand marked paper ballots and BMDs","Optical Scan",
"0900174190","Connecticut","Town of Stratford (Fairfield  County)","31893","5","Assigned Polling Place","No","Hand marked paper ballots and BMDs","Optical Scan",
"0900177200","Connecticut","Town of Trumbull (Fairfield  County)","24773","8","Assigned Polling Place","No","Hand marked paper ballots and BMDs","Optical Scan",
"0900183430","Connecticut","Town of Weston (Fairfield  County)","6372","10","Assigned Polling Place","No","Hand marked paper ballots and BMDs","Optical Scan",
"0900183500","Connecticut","Town of Westport (Fairfield  County)","17837","2","Assigned Polling Place","No","Hand marked paper ballots and BMDs","Optical Scan",
"0900186370","Connecticut","Town of Wilton (Fairfield  County)","11731","1","Assigned Polling Place","No","Hand marked paper ballots and BMDs","Optical Scan",
"0900302060","Connecticut","Town of Avon (Hartford County)","12194","3","Assigned Polling Place","No","Hand marked paper ballots and BMDs","Optical Scan",
"0900310100","Connecticut","Town of Burlington (Hartford County)","6135","1","Assigned Polling Place","No","Hand marked paper ballots and BMDs","Optical Scan",
"0900324800","Connecticut","Town of East Windsor (Hartford County)","7424","3","Assigned Polling Place","No","Hand marked paper ballots and BMDs","Optical Scan",
"0900325990","Connecticut","Town of Enfield (Hartford County)","26651","9","Assigned Polling Place","No","Hand marked paper ballots and BMDs","Optical Scan",
"0900374540","Connecticut","Town of Suffield (Hartford County)","8597","12","Assigned Polling Place","No","Hand marked paper ballots and BMDs","Optical Scan",
"0900304300","Connecticut","Town of Berlin (Hartford  County)","13239","5","Assigned Polling Place","No","Hand marked paper ballots and BMDs","Optical Scan",
"0900305910","Connecticut","Town of Bloomfield (Hartford  County)","14957","6","Assigned Polling Place","No","Hand marked paper ballots and BMDs","Optical Scan",
"0900308490","Connecticut","City of Bristol (Hartford  County)","34549","10","Assigned Polling Place","No","Hand marked paper ballots and BMDs","Optical Scan",
"0900312270","Connecticut","Town of Canton (Hartford  County)","6987","1","Assigned Polling Place","No","Hand marked paper ballots and BMDs","Optical Scan",
"0900322070","Connecticut","Town of East Granby (Hartford  County)","3445","1","Assigned Polling Place","No","Hand marked paper ballots and BMDs","Optical Scan",
"0900322630","Connecticut","Town of East Hartford (Hartford  County)","27081","1","Assigned Polling Place","No","Hand marked paper ballots and BMDs","Optical Scan",
"0900327600","Connecticut","Town of Farmington (Hartford  County)","17197","6","Assigned Polling Place","No","Hand marked paper ballots and BMDs","Optical Scan",
"0900331240","Connecticut","Town of Glastonbury (Hartford  County)","23122","9","Assigned Polling Place","No","Hand marked paper ballots and BMDs","Optical Scan",
"0900332640","Connecticut","Town of Granby (Hartford  County)","7324","2","Assigned Polling Place","No","Hand marked paper ballots and BMDs","Optical Scan",
"0900337070","Connecticut","City of Hartford (Hartford  County)","50262","23","Assigned Polling Place","No","Hand marked paper ballots and BMDs","Optical Scan",
"0900337140","Connecticut","Town of Hartland (Hartford  County)","1578","1","Assigned Polling Place","No","Hand marked paper ballots and BMDs","Optical Scan",
"0900344700","Connecticut","Town of Manchester (Hartford  County)","32866","2","Assigned Polling Place","No","Hand marked paper ballots and BMDs","Optical Scan",
"0900345820","Connecticut","Town of Marlborough (Hartford  County)","4331","3","Assigned Polling Place","No","Hand marked paper ballots and BMDs","Optical Scan",
"0900350440","Connecticut","City of New Britain (Hartford  County)","33439","10","Assigned Polling Place","No","Hand marked paper ballots and BMDs","Optical Scan",
"0900352140","Connecticut","Town of Newington (Hartford  County)","19109","7","Assigned Polling Place","No","Hand marked paper ballots and BMDs","Optical Scan",
"0900360120","Connecticut","Town of Plainville (Hartford  County)","10479","5","Assigned Polling Place","No","Hand marked paper ballots and BMDs","Optical Scan",
"0900365370","Connecticut","Town of Rocky Hill (Hartford  County)","11759","3","Assigned Polling Place","No","Hand marked paper ballots and BMDs","Optical Scan",
"0900368940","Connecticut","Town of Simsbury (Hartford  County)","16501","1","Assigned Polling Place","No","Hand marked paper ballots and BMDs","Optical Scan",
"0900371390","Connecticut","Town of South Windsor (Hartford  County)","16426","2","Assigned Polling Place","No","Hand marked paper ballots and BMDs","Optical Scan",
"0900370550","Connecticut","Town of Southington (Hartford  County)","28048","12","Assigned Polling Place","No","Hand marked paper ballots and BMDs","Optical Scan",
"0900382590","Connecticut","Town of West Hartford (Hartford  County)","40045","4","Assigned Polling Place","No","Hand marked paper ballots and BMDs","Optical Scan",
"0900384900","Connecticut","Town of Wethersfield (Hartford  County)","17768","9","Assigned Polling Place","No","Hand marked paper ballots and BMDs","Optical Scan",
"0900387000","Connecticut","Town of Windsor (Hartford  County)","19889","7","Assigned Polling Place","No","Hand marked paper ballots and BMDs","Optical Scan",
"0900387070","Connecticut","Town of Windsor Locks (Hartford  County)","7906","5","Assigned Polling Place","No","Hand marked paper ballots and BMDs","Optical Scan",
"0900549460","Connecticut","Town of Morris (Litchfield County)","1693","6","Assigned Polling Place","No","Hand marked paper ballots and BMDs","Optical Scan",
"0900551350","Connecticut","Town of New Hartford (Litchfield County)","4504","2","Assigned Polling Place","No","Hand marked paper ballots and BMDs","Optical Scan",
"0900554030","Connecticut","Town of North Canaan (Litchfield County)","1973","2","Assigned Polling Place","No","Hand marked paper ballots and BMDs","Optical Scan",
"0900586440","Connecticut","Town of Winchester (Litchfield County)","7084","3","Assigned Polling Place","No","Hand marked paper ballots and BMDs","Optical Scan",
"0900587910","Connecticut","Town of Woodbury (Litchfield County)","6866","1","Assigned Polling Place","No","Hand marked paper ballots and BMDs","Optical Scan",
"0900502760","Connecticut","Town of Barkhamsted (Litchfield  County)","2635","2","Assigned Polling Place","No","Hand marked paper ballots and BMDs","Optical Scan",
"0900504930","Connecticut","Town of Bethlehem (Litchfield  County)","2808","1","Assigned Polling Place","No","Hand marked paper ballots and BMDs","Optical Scan",
"0900508210","Connecticut","Town of Bridgewater (Litchfield  County)","1383","1","Assigned Polling Place","No","Hand marked paper ballots and BMDs","Optical Scan",
"0900510940","Connecticut","Town of Canaan (Litchfield  County)","762","1","Assigned Polling Place","No","Hand marked paper ballots and BMDs","Optical Scan",
"0900516050","Connecticut","Town of Colebrook (Litchfield  County)","1117","1","Assigned Polling Place","No","Hand marked paper ballots and BMDs","Optical Scan",
"0900517240","Connecticut","Town of Cornwall (Litchfield  County)","1089","1","Assigned Polling Place","No","Hand marked paper ballots and BMDs","Optical Scan",
"0900532290","Connecticut","Town of Goshen (Litchfield  County)","2144","1","Assigned Polling Place","No","Hand marked paper ballots and BMDs","Optical Scan",
"0900537280","Connecticut","Town of Harwinton (Litchfield  County)","3969","2","Assigned Polling Place","No","Hand marked paper ballots and BMDs","Optical Scan",
"0900540290","Connecticut","Town of Kent (Litchfield  County)","2013","1","Assigned Polling Place","No","Hand marked paper ballots and BMDs","Optical Scan",
"0900543370","Connecticut","Town of Litchfield (Litchfield  County)","6288","1","Assigned Polling Place","No","Hand marked paper ballots and BMDs","Optical Scan",
"0900552630","Connecticut","Town of New Milford (Litchfield  County)","17879","8","Assigned Polling Place","No","Hand marked paper ballots and BMDs","Optical Scan",
"0900553470","Connecticut","Town of Norfolk (Litchfield  County)","1167","4","Assigned Polling Place","No","Hand marked paper ballots and BMDs","Optical Scan",
"0900560750","Connecticut","Town of Plymouth (Litchfield  County)","7730","4","Assigned Polling Place","No","Hand marked paper ballots and BMDs","Optical Scan",
"0900565930","Connecticut","Town of Roxbury (Litchfield  County)","1755","3","Assigned Polling Place","No","Hand marked paper ballots and BMDs","Optical Scan",
"0900566420","Connecticut","Town of Salisbury (Litchfield  County)","2952","1","Assigned Polling Place","No","Hand marked paper ballots and BMDs","Optical Scan",
"0900567960","Connecticut","Town of Sharon (Litchfield  County)","1906","3","Assigned Polling Place","No","Hand marked paper ballots and BMDs","Optical Scan",
"0900575730","Connecticut","Town of Thomaston (Litchfield  County)","4957","1","Assigned Polling Place","No","Hand marked paper ballots and BMDs","Optical Scan",
"0900576570","Connecticut","City of Torrington (Litchfield  County)","19747","2","Assigned Polling Place","No","Hand marked paper ballots and BMDs","Optical Scan",
"0900579510","Connecticut","Town of Warren (Litchfield  County)","970","9","Assigned Polling Place","No","Hand marked paper ballots and BMDs","Optical Scan",
"0900579720","Connecticut","Town of Washington (Litchfield  County)","2433","1","Assigned Polling Place","No","Hand marked paper ballots and BMDs","Optical Scan",
"0900580490","Connecticut","Town of Watertown (Litchfield  County)","14534","4","Assigned Polling Place","No","Hand marked paper ballots and BMDs","Optical Scan",
"0900714300","Connecticut","Town of Chester (Middlesex County)","2622","1","Assigned Polling Place","No","Hand marked paper ballots and BMDs","Optical Scan",
"0900747080","Connecticut","Town of Middlefield (Middlesex County)","3146","1","Assigned Polling Place","No","Hand marked paper ballots and BMDs","Optical Scan",
"0900757320","Connecticut","Town of Old Saybrook (Middlesex County)","7482","1","Assigned Polling Place","No","Hand marked paper ballots and BMDs","Optical Scan",
"0900715350","Connecticut","Town of Clinton (Middlesex  County)","9333","2","Assigned Polling Place","No","Hand marked paper ballots and BMDs","Optical Scan",
"0900718080","Connecticut","Town of Cromwell (Middlesex  County)","9368","1","Assigned Polling Place","No","Hand marked paper ballots and BMDs","Optical Scan",
"0900719130","Connecticut","Town of Deep River (Middlesex  County)","3223","1","Assigned Polling Place","No","Hand marked paper ballots and BMDs","Optical Scan",
"0900720810","Connecticut","Town of Durham (Middlesex  County)","5006","2","Assigned Polling Place","No","Hand marked paper ballots and BMDs","Optical Scan",
"0900722280","Connecticut","Town of East Haddam (Middlesex  County)","5755","2","Assigned Polling Place","No","Hand marked paper ballots and BMDs","Optical Scan",
"0900722490","Connecticut","Town of East Hampton (Middlesex  County)","8541","1","Assigned Polling Place","No","Hand marked paper ballots and BMDs","Optical Scan",
"0900726270","Connecticut","Town of Essex (Middlesex  County)","4686","2","Assigned Polling Place","No","Hand marked paper ballots and BMDs","Optical Scan",
"0900735230","Connecticut","Town of Haddam (Middlesex  County)","5762","3","Assigned Polling Place","No","Hand marked paper ballots and BMDs","Optical Scan",
"0900740710","Connecticut","Town of Killingworth (Middlesex  County)","4612","8","Assigned Polling Place","No","Hand marked paper ballots and BMDs","Optical Scan",
"0900747360","Connecticut","City of Middletown (Middlesex  County)","25595","1","Assigned Polling Place","No","Hand marked paper ballots and BMDs","Optical Scan",
"0900761800","Connecticut","Town of Portland (Middlesex  County)","6269","1","Assigned Polling Place","No","Hand marked paper ballots and BMDs","Optical Scan",
"0900781680","Connecticut","Town of Westbrook (Middlesex  County)","4482","20","Assigned Polling Place","No","Hand marked paper ballots and BMDs","Optical Scan",
"0900904580","Connecticut","Town of Bethany (New Haven County)","3944","1","Assigned Polling Place","No","Hand marked paper ballots and BMDs","Optical Scan",
"0900919550","Connecticut","City of Derby (New Haven County)","6893","2","Assigned Polling Place","No","Hand marked paper ballots and BMDs","Optical Scan",
"0900958300","Connecticut","Town of Oxford (New Haven County)","8345","2","Assigned Polling Place","No","Hand marked paper ballots and BMDs","Optical Scan",
"0900901220","Connecticut","City of Ansonia (New Haven  County)","9996","7","Assigned Polling Place","No","Hand marked paper ballots and BMDs","Optical Scan",
"0900903250","Connecticut","Town of Beacon Falls (New Haven  County)","3758","1","Assigned Polling Place","No","Hand marked paper ballots and BMDs","Optical Scan",
"0900907310","Connecticut","Town of Branford (New Haven  County)","19229","7","Assigned Polling Place","No","Hand marked paper ballots and BMDs","Optical Scan",
"0900914160","Connecticut","Town of Cheshire (New Haven  County)","18301","9","Assigned Polling Place","No","Hand marked paper ballots and BMDs","Optical Scan",
"0900922910","Connecticut","Town of East Haven (New Haven  County)","15937","7","Assigned Polling Place","No","Hand marked paper ballots and BMDs","Optical Scan",
"0900934950","Connecticut","Town of Guilford (New Haven  County)","15845","4","Assigned Polling Place","No","Hand marked paper ballots and BMDs","Optical Scan",
"0900935650","Connecticut","Town of Hamden (New Haven  County)","34952","9","Assigned Polling Place","No","Hand marked paper ballots and BMDs","Optical Scan",
"0900944560","Connecticut","Town of Madison (New Haven  County)","13501","1","Assigned Polling Place","No","Hand marked paper ballots and BMDs","Optical Scan",
"0900946520","Connecticut","City of Meriden (New Haven  County)","32952","1","Assigned Polling Place","No","Hand marked paper ballots and BMDs","Optical Scan",
"0900946940","Connecticut","Town of Middlebury (New Haven  County)","5105","17","Assigned Polling Place","No","Hand marked paper ballots and BMDs","Optical Scan",
"0900947535","Connecticut","City of Milford (New Haven  County)","33423","14","Assigned Polling Place","No","Hand marked paper ballots and BMDs","Optical Scan",
"0900949950","Connecticut","Town of Naugatuck (New Haven  County)","17845","1","Assigned Polling Place","No","Hand marked paper ballots and BMDs","Optical Scan",
"0900952070","Connecticut","City of New Haven (New Haven  County)","65091","2","Assigned Polling Place","No","Hand marked paper ballots and BMDs","Optical Scan",
"0900953890","Connecticut","Town of North Branford (New Haven  County)","9056","1","Assigned Polling Place","No","Hand marked paper ballots and BMDs","Optical Scan",
"0900954870","Connecticut","Town of North Haven (New Haven  County)","16113","1","Assigned Polling Place","No","Hand marked paper ballots and BMDs","Optical Scan",
"0900957600","Connecticut","Town of Orange (New Haven  County)","10133","2","Assigned Polling Place","No","Hand marked paper ballots and BMDs","Optical Scan",
"0900962290","Connecticut","Town of Prospect (New Haven  County)","6114","1","Assigned Polling Place","No","Hand marked paper ballots and BMDs","Optical Scan",
"0900967610","Connecticut","Town of Seymour (New Haven  County)","9740","1","Assigned Polling Place","No","Hand marked paper ballots and BMDs","Optical Scan",
"0900969640","Connecticut","Town of Southbury (New Haven  County)","14474","5","Assigned Polling Place","No","Hand marked paper ballots and BMDs","Optical Scan",
"0900978740","Connecticut","Town of Wallingford (New Haven  County)","27540","1","Assigned Polling Place","No","Hand marked paper ballots and BMDs","Optical Scan",
"0900980070","Connecticut","City of Waterbury (New Haven  County)","56393","1","Assigned Polling Place","No","Hand marked paper ballots and BMDs","Optical Scan",
"0900982870","Connecticut","City of West Haven (New Haven  County)","31581","2","Assigned Polling Place","No","Hand marked paper ballots and BMDs","Optical Scan",
"0900987560","Connecticut","Town of Wolcott (New Haven  County)","10888","2","Assigned Polling Place","No","Hand marked paper ballots and BMDs","Optical Scan",
"0900987700","Connecticut","Town of Woodbridge (New Haven  County)","6393","3","Assigned Polling Place","No","Hand marked paper ballots and BMDs","Optical Scan",
"0901106820","Connecticut","Town of Bozrah (New London County)","1728","1","Assigned Polling Place","No","Hand marked paper ballots and BMDs","Optical Scan",
"0901123400","Connecticut","Town of East Lyme (New London County)","11863","7","Assigned Polling Place","No","Hand marked paper ballots and BMDs","Optical Scan",
"0901133900","Connecticut","Town of Griswold (New London County)","6825","2","Assigned Polling Place","No","Hand marked paper ballots and BMDs","Optical Scan",
"0901144210","Connecticut","Town of Lyme (New London County)","1834","4","Assigned Polling Place","No","Hand marked paper ballots and BMDs","Optical Scan",
"0901162150","Connecticut","Town of Preston (New London County)","3695","1","Assigned Polling Place","No","Hand marked paper ballots and BMDs","Optical Scan",
"0901171670","Connecticut","Town of Sprague (New London County)","1769","5","Assigned Polling Place","No","Hand marked paper ballots and BMDs","Optical Scan",
"0901115910","Connecticut","Town of Colchester (New London  County)","9830","1","Assigned Polling Place","No","Hand marked paper ballots and BMDs","Optical Scan",
"0901129910","Connecticut","Town of Franklin (New London  County)","1283","1","Assigned Polling Place","No","Hand marked paper ballots and BMDs","Optical Scan",
"0901134250","Connecticut","Town of Groton (New London  County)","20079","8","Assigned Polling Place","No","Hand marked paper ballots and BMDs","Optical Scan",
"0901142390","Connecticut","Town of Lebanon (New London  County)","4727","1","Assigned Polling Place","No","Hand marked paper ballots and BMDs","Optical Scan",
"0901142600","Connecticut","Town of Ledyard (New London  County)","9229","1","Assigned Polling Place","No","Hand marked paper ballots and BMDs","Optical Scan",
"0901143230","Connecticut","Town of Lisbon (New London  County)","2678","2","Assigned Polling Place","No","Hand marked paper ballots and BMDs","Optical Scan",
"0901148900","Connecticut","Town of Montville (New London  County)","9909","4","Assigned Polling Place","No","Hand marked paper ballots and BMDs","Optical Scan",
"0901152350","Connecticut","City of New London (New London  County)","12011","33","Assigned Polling Place","No","Hand marked paper ballots and BMDs","Optical Scan",
"0901155500","Connecticut","Town of North Stonington (New London  County)","3700","5","Assigned Polling Place","No","Hand marked paper ballots and BMDs","Optical Scan",
"0901156270","Connecticut","City of Norwich (New London  County)","20180","13","Assigned Polling Place","No","Hand marked paper ballots and BMDs","Optical Scan",
"0901157040","Connecticut","Town of Old Lyme (New London  County)","6064","10","Assigned Polling Place","No","Hand marked paper ballots and BMDs","Optical Scan",
"0901166210","Connecticut","Town of Salem (New London  County)","2727","1","Assigned Polling Place","No","Hand marked paper ballots and BMDs","Optical Scan",
"0901173770","Connecticut","Town of Stonington (New London  County)","12799","1","Assigned Polling Place","No","Hand marked paper ballots and BMDs","Optical Scan",
"0901178600","Connecticut","Town of Voluntown (New London  County)","1604","6","Assigned Polling Place","No","Hand marked paper ballots and BMDs","Optical Scan",
"0901180280","Connecticut","Town of Waterford (New London  County)","13272","23","Assigned Polling Place","No","Hand marked paper ballots and BMDs","Optical Scan",
"0901316400","Connecticut","Town of Columbia (Tolland County)","3631","1","Assigned Polling Place","No","Hand marked paper ballots and BMDs","Optical Scan",
"0901344910","Connecticut","Town of Mansfield (Tolland County)","12886","10","Assigned Polling Place","No","Hand marked paper ballots and BMDs","Optical Scan",
"0901372090","Connecticut","Town of Stafford (Tolland County)","7887","1","Assigned Polling Place","No","Hand marked paper ballots and BMDs","Optical Scan",
"0901385950","Connecticut","Town of Willington (Tolland County)","3676","10","Assigned Polling Place","No","Hand marked paper ballots and BMDs","Optical Scan",
"0901301080","Connecticut","Town of Andover (Tolland  County)","2231","1","Assigned Polling Place","No","Hand marked paper ballots and BMDs","Optical Scan",
"0901306260","Connecticut","Town of Bolton (Tolland  County)","3583","1","Assigned Polling Place","No","Hand marked paper ballots and BMDs","Optical Scan",
"0901317800","Connecticut","Town of Coventry (Tolland  County)","8091","2","Assigned Polling Place","No","Hand marked paper ballots and BMDs","Optical Scan",
"0901325360","Connecticut","Town of Ellington (Tolland  County)","9428","2","Assigned Polling Place","No","Hand marked paper ballots and BMDs","Optical Scan",
"0901337910","Connecticut","Town of Hebron (Tolland  County)","6355","1","Assigned Polling Place","No","Hand marked paper ballots and BMDs","Optical Scan",
"0901369220","Connecticut","Town of Somers (Tolland  County)","6207","4","Assigned Polling Place","No","Hand marked paper ballots and BMDs","Optical Scan",
"0901376290","Connecticut","Town of Tolland (Tolland  County)","9931","4","Assigned Polling Place","No","Hand marked paper ballots and BMDs","Optical Scan",
"0901377830","Connecticut","Town of Union (Tolland  County)","609","7","Assigned Polling Place","No","Hand marked paper ballots and BMDs","Optical Scan",
"0901378250","Connecticut","Town of Vernon (Tolland  County)","16442","1","Assigned Polling Place","No","Hand marked paper ballots and BMDs","Optical Scan",
"0901540500","Connecticut","Town of Killingly (Windham County)","9233","1","Assigned Polling Place","No","Hand marked paper ballots and BMDs","Optical Scan",
"0901501430","Connecticut","Town of Ashford (Windham  County)","2860","1","Assigned Polling Place","No","Hand marked paper ballots and BMDs","Optical Scan",
"0901509190","Connecticut","Town of Brooklyn (Windham  County)","4793","1","Assigned Polling Place","No","Hand marked paper ballots and BMDs","Optical Scan",
"0901512130","Connecticut","Town of Canterbury (Windham  County)","3432","1","Assigned Polling Place","No","Hand marked paper ballots and BMDs","Optical Scan",
"0901513810","Connecticut","Town of Chaplin (Windham  County)","1369","1","Assigned Polling Place","No","Hand marked paper ballots and BMDs","Optical Scan",
"0901521860","Connecticut","Town of Eastford (Windham  County)","1147","1","Assigned Polling Place","No","Hand marked paper ballots and BMDs","Optical Scan",
"0901536000","Connecticut","Town of Hampton (Windham  County)","1276","1","Assigned Polling Place","No","Hand marked paper ballots and BMDs","Optical Scan",
"0901559980","Connecticut","Town of Plainfield (Windham  County)","9084","1","Assigned Polling Place","No","Hand marked paper ballots and BMDs","Optical Scan",
"0901561030","Connecticut","Town of Pomfret (Windham  County)","2672","2","Assigned Polling Place","No","Hand marked paper ballots and BMDs","Optical Scan",
"0901562710","Connecticut","Town of Putnam (Windham  County)","5234","2","Assigned Polling Place","No","Hand marked paper ballots and BMDs","Optical Scan",
"0901567400","Connecticut","Town of Scotland (Windham  County)","1151","1","Assigned Polling Place","No","Hand marked paper ballots and BMDs","Optical Scan",
"0901573420","Connecticut","Town of Sterling (Windham  County)","2033","20","Assigned Polling Place","No","Hand marked paper ballots and BMDs","Optical Scan",
"0901575870","Connecticut","Town of Thompson (Windham  County)","5493","1","Assigned Polling Place","No","Hand marked paper ballots and BMDs","Optical Scan",
"0901586790","Connecticut","Town of Windham (Windham  County)","13861","1","Assigned Polling Place","No","Hand marked paper ballots and BMDs","Optical Scan",
"0901588190","Connecticut","Town of Woodstock (Windham  County)","5119","2","Assigned Polling Place","No","Hand marked paper ballots and BMDs","Optical Scan",
"1000100000","Delaware","Kent County","92176","68","Assigned Polling Place","No","DREs without VVPAT for all voters","DRE",
"1000300000","Delaware","New Castle County","350716","305","Assigned Polling Place","No","DREs without VVPAT for all voters","DRE",
"1000500000","Delaware","Sussex County","117813","65","Assigned Polling Place","No","DREs without VVPAT for all voters","DRE",
"1100000000","District of Columbia","District of Columbia","426671","143","Assigned Polling Place","No","Hand marked paper ballots and DREs without VVPAT","Optical Scan and DRE",
"1200100000","Florida","Alachua County","154706","69","Assigned Polling Place","No","Hand marked paper ballots and DREs without VVPAT","Optical Scan and DRE",
"1200300000","Florida","Baker County","14172","9","Assigned Polling Place","No","Hand marked paper ballots and DREs without VVPAT","Optical Scan and DRE",
"1200500000","Florida","Bay County","110739","54","Assigned Polling Place","No","Hand marked paper ballots and DREs without VVPAT","Optical Scan and DRE",
"1200700000","Florida","Bradford County","15732","19","Assigned Polling Place","No","Hand marked paper ballots and DREs without VVPAT","Optical Scan and DRE",
"1200900000","Florida","Brevard County","351494","227","Assigned Polling Place","No","Hand marked paper ballots and DREs without VVPAT","Optical Scan and DRE",
"1201100000","Florida","Broward County","1008758","786","Assigned Polling Place","No","Hand marked paper ballots and DREs without VVPAT","Optical Scan and DRE",
"1201300000","Florida","Calhoun County","8622","13","Assigned Polling Place","No","Hand marked paper ballots and DREs without VVPAT","Optical Scan and DRE",
"1201500000","Florida","Charlotte County","118836","80","Assigned Polling Place","No","Hand marked paper ballots and DREs without VVPAT","Optical Scan and DRE",
"1201700000","Florida","Citrus County","102742","41","Assigned Polling Place","No","Hand marked paper ballots and DREs without VVPAT","Optical Scan and DRE",
"1201900000","Florida","Clay County","120655","64","Assigned Polling Place","No","Hand marked paper ballots and DREs without VVPAT","Optical Scan and DRE",
"1202100000","Florida","Collier County","203075","94","Assigned Polling Place","No","Hand marked paper ballots and DREs without VVPAT","Optical Scan and DRE",
"1202300000","Florida","Columbia County","38292","25","Assigned Polling Place","No","Hand marked paper ballots and DREs without VVPAT","Optical Scan and DRE",
"1202700000","Florida","DeSoto County","15613","15","Assigned Polling Place","No","Hand marked paper ballots and DREs without VVPAT","Optical Scan and DRE",
"1202900000","Florida","Dixie County","10775","11","Assigned Polling Place","No","Hand marked paper ballots and DREs without VVPAT","Optical Scan and DRE",
"1203100000","Florida","Duval County","536588","284","Assigned Polling Place","No","Hand marked paper ballots and BMDs","Optical Scan",
"1203300000","Florida","Escambia County","195195","90","Assigned Polling Place","No","Hand marked paper ballots and DREs without VVPAT","Optical Scan and DRE",
"1203500000","Florida","Flagler County","60079","38","Assigned Polling Place","No","Hand marked paper ballots and DREs without VVPAT","Optical Scan and DRE",
"1203700000","Florida","Franklin County","7722","8","Assigned Polling Place","No","Hand marked paper ballots and DREs without VVPAT","Optical Scan and DRE",
"1203900000","Florida","Gadsden County","30128","25","Assigned Polling Place","No","Hand marked paper ballots and DREs without VVPAT","Optical Scan and DRE",
"1204100000","Florida","Gilchrist County","10721","10","Assigned Polling Place","No","Hand marked paper ballots and DREs without VVPAT","Optical Scan and DRE",
"1204300000","Florida","Glades County","6584","13","Assigned Polling Place","No","Hand marked paper ballots and DREs without VVPAT","Optical Scan and DRE",
"1204500000","Florida","Gulf County","9123","8","Assigned Polling Place","No","Hand marked paper ballots and DREs without VVPAT","Optical Scan and DRE",
"1204700000","Florida","Hamilton County","7688","8","Assigned Polling Place","No","Hand marked paper ballots and DREs without VVPAT","Optical Scan and DRE",
"1204900000","Florida","Hardee County","11802","12","Assigned Polling Place","No","Hand marked paper ballots and DREs without VVPAT","Optical Scan and DRE",
"1205100000","Florida","Hendry County","16936","23","Assigned Polling Place","No","Hand marked paper ballots and DREs without VVPAT","Optical Scan and DRE",
"1205300000","Florida","Hernando County","123013","56","Assigned Polling Place","No","Hand marked paper ballots and DREs without VVPAT","Optical Scan and DRE",
"1205500000","Florida","Highlands County","66092","25","Assigned Polling Place","No","Hand marked paper ballots and DREs without VVPAT","Optical Scan and DRE",
"1205700000","Florida","Hillsborough County","701572","383","Assigned Polling Place","No","Hand marked paper ballots and BMDs","Optical Scan",
"1205900000","Florida","Holmes County","11513","8","Assigned Polling Place","No","Hand marked paper ballots and DREs without VVPAT","Optical Scan and DRE",
"1206100000","Florida","Indian River County","90052","54","Assigned Polling Place","No","Hand marked paper ballots and DREs without VVPAT","Optical Scan and DRE",
"1206300000","Florida","Jackson County","28128","33","Assigned Polling Place","No","Hand marked paper ballots and DREs without VVPAT","Optical Scan and DRE",
"1206500000","Florida","Jefferson County","10310","15","Assigned Polling Place","No","Hand marked paper ballots and DREs without VVPAT","Optical Scan and DRE",
"1206700000","Florida","Lafayette County","4469","5","Assigned Polling Place","No","Hand marked paper ballots and DREs without VVPAT","Optical Scan and DRE",
"1206900000","Florida","Lake County","188705","103","Assigned Polling Place","No","Hand marked paper ballots and DREs without VVPAT","Optical Scan and DRE",
"1207100000","Florida","Lee County","320516","171","Assigned Polling Place","No","Hand marked paper ballots and DREs without VVPAT","Optical Scan and DRE",
"1207300000","Florida","Leon County","174776","166","Assigned Polling Place","No","Hand marked paper ballots and DREs without VVPAT","Optical Scan and DRE",
"1207500000","Florida","Levy County","25924","20","Assigned Polling Place","No","Hand marked paper ballots and DREs without VVPAT","Optical Scan and DRE",
"1207700000","Florida","Liberty County","4304","8","Assigned Polling Place","No","Hand marked paper ballots and DREs without VVPAT","Optical Scan and DRE",
"1207900000","Florida","Madison County","12278","11","Assigned Polling Place","No","Hand marked paper ballots and DREs without VVPAT","Optical Scan and DRE",
"1208100000","Florida","Manatee County","206209","136","Assigned Polling Place","No","Hand marked paper ballots and DREs without VVPAT","Optical Scan and DRE",
"1208300000","Florida","Marion County","214718","151","Assigned Polling Place","No","Hand marked paper ballots and DREs without VVPAT","Optical Scan and DRE",
"1208500000","Florida","Martin County","101155","52","Assigned Polling Place","No","Hand marked paper ballots and DREs without VVPAT","Optical Scan and DRE",
"1208600000","Florida","Miami-Dade County","1245144","764","Assigned Polling Place","No","Hand marked paper ballots and DREs without VVPAT","Optical Scan and DRE",
"1208700000","Florida","Monroe County","50136","33","Assigned Polling Place","No","Hand marked paper ballots and DREs without VVPAT","Optical Scan and DRE",
"1208900000","Florida","Nassau County","47501","20","Assigned Polling Place","No","Hand marked paper ballots and DREs without VVPAT","Optical Scan and DRE",
"1209100000","Florida","Okaloosa County","129375","52","Assigned Polling Place","No","Hand marked paper ballots and DREs without VVPAT","Optical Scan and DRE",
"1209300000","Florida","Okeechobee County","18859","18","Assigned Polling Place","No","Hand marked paper ballots and DREs without VVPAT","Optical Scan and DRE",
"1209500000","Florida","Orange County","605145","262","Assigned Polling Place","No","Hand marked paper ballots and DREs without VVPAT","Optical Scan and DRE",
"1209700000","Florida","Osceola County","136542","110","Assigned Polling Place","No","Hand marked paper ballots and DREs without VVPAT","Optical Scan and DRE",
"1209900000","Florida","Palm Beach County","831696","781","Assigned Polling Place","No","Hand marked paper ballots and DREs without VVPAT","Optical Scan and DRE",
"1210100000","Florida","Pasco County","294426","154","Assigned Polling Place","No","Hand marked paper ballots and DREs without VVPAT","Optical Scan and DRE",
"1210300000","Florida","Pinellas County","643416","376","Assigned Polling Place","No","Hand marked paper ballots and BMDs","Optical Scan",
"1210500000","Florida","Polk County","332013","166","Assigned Polling Place","No","Hand marked paper ballots and DREs without VVPAT","Optical Scan and DRE",
"1210700000","Florida","Putnam County","46428","55","Assigned Polling Place","No","Hand marked paper ballots and DREs without VVPAT","Optical Scan and DRE",
"1211300000","Florida","Santa Rosa County","259352","43","Assigned Polling Place","No","Hand marked paper ballots and DREs without VVPAT","Optical Scan and DRE",
"1211500000","Florida","Sarasota County","131743","156","Assigned Polling Place","No","Hand marked paper ballots and BMDs","Optical Scan",
"1211700000","Florida","Seminole County","157674","126","Assigned Polling Place","No","Hand marked paper ballots and DREs without VVPAT","Optical Scan and DRE",
"1210900000","Florida","St. Johns County","107253","46","Assigned Polling Place","No","Hand marked paper ballots and DREs without VVPAT","Optical Scan and DRE",
"1211100000","Florida","St. Lucie County","260627","80","Assigned Polling Place","No","Hand marked paper ballots and DREs without VVPAT","Optical Scan and DRE",
"1211900000","Florida","Sumter County","59921","44","Assigned Polling Place","No","Hand marked paper ballots and DREs without VVPAT","Optical Scan and DRE",
"1212100000","Florida","Suwannee County","24791","16","Assigned Polling Place","No","Hand marked paper ballots and DREs without VVPAT","Optical Scan and DRE",
"1212300000","Florida","Taylor County","13088","14","Assigned Polling Place","No","Hand marked paper ballots and DREs without VVPAT","Optical Scan and DRE",
"1212500000","Florida","Union County","7273","11","Assigned Polling Place","No","Hand marked paper ballots and DREs without VVPAT","Optical Scan and DRE",
"1212700000","Florida","Volusia County","326850","179","Assigned Polling Place","No","Hand marked paper ballots and DREs without VVPAT","Optical Scan and DRE",
"1212900000","Florida","Wakulla County","18565","12","Assigned Polling Place","No","Hand marked paper ballots and DREs without VVPAT","Optical Scan and DRE",
"1213100000","Florida","Walton County","36847","33","Assigned Polling Place","No","Hand marked paper ballots and DREs without VVPAT","Optical Scan and DRE",
"1213300000","Florida","Washington County","15938","18","Assigned Polling Place","No","Hand marked paper ballots and DREs without VVPAT","Optical Scan and DRE",
"1300100000","Georgia","Appling County","9379","17","Assigned Polling Place","No","DREs without VVPAT for all voters","DRE",
"1300300000","Georgia","Atkinson County","4099","4","Assigned Polling Place","No","DREs without VVPAT for all voters","DRE",
"1300500000","Georgia","Bacon County","5223","5","Assigned Polling Place","No","DREs without VVPAT for all voters","DRE",
"1300700000","Georgia","Baker County","2245","6","Assigned Polling Place","No","DREs without VVPAT for all voters","DRE",
"1300900000","Georgia","Baldwin County","20951","14","Assigned Polling Place","No","DREs without VVPAT for all voters","DRE",
"1301100000","Georgia","Banks County","8591","13","Assigned Polling Place","No","DREs without VVPAT for all voters","DRE",
"1301300000","Georgia","Barrow County","33902","16","Assigned Polling Place","No","DREs without VVPAT for all voters","DRE",
"1301500000","Georgia","Bartow County","50750","17","Assigned Polling Place","No","DREs without VVPAT for all voters","DRE",
"1301700000","Georgia","Ben Hill County","8552","5","Assigned Polling Place","No","DREs without VVPAT for all voters","DRE",
"1301900000","Georgia","Berrien County","8993","9","Assigned Polling Place","No","DREs without VVPAT for all voters","DRE",
"1302100000","Georgia","Bibb County","86070","42","Assigned Polling Place","No","DREs without VVPAT for all voters","DRE",
"1302300000","Georgia","Bleckley County","6278","1","Assigned Polling Place","No","DREs without VVPAT for all voters","DRE",
"1302500000","Georgia","Brantley County","8861","9","Assigned Polling Place","No","DREs without VVPAT for all voters","DRE",
"1302700000","Georgia","Brooks County","8399","9","Assigned Polling Place","No","DREs without VVPAT for all voters","DRE",
"1302900000","Georgia","Bryan County","17309","10","Assigned Polling Place","No","DREs without VVPAT for all voters","DRE",
"1303100000","Georgia","Bulloch County","33501","16","Assigned Polling Place","No","DREs without VVPAT for all voters","DRE",
"1303300000","Georgia","Burke County","12767","15","Assigned Polling Place","No","DREs without VVPAT for all voters","DRE",
"1303500000","Georgia","Butts County","12303","5","Assigned Polling Place","No","DREs without VVPAT for all voters","DRE",
"1303700000","Georgia","Calhoun County","3040","5","Assigned Polling Place","No","DREs without VVPAT for all voters","DRE",
"1303900000","Georgia","Camden County","25323","14","Assigned Polling Place","No","DREs without VVPAT for all voters","DRE",
"1304300000","Georgia","Candler County","4883","2","Assigned Polling Place","No","DREs without VVPAT for all voters","DRE",
"1304500000","Georgia","Carroll County","57815","31","Assigned Polling Place","No","DREs without VVPAT for all voters","DRE",
"1304700000","Georgia","Catoosa County","35553","12","Assigned Polling Place","No","DREs without VVPAT for all voters","DRE",
"1304900000","Georgia","Charlton County","5150","9","Assigned Polling Place","No","DREs without VVPAT for all voters","DRE",
"1305100000","Georgia","Chatham County","139641","91","Assigned Polling Place","No","DREs without VVPAT for all voters","DRE",
"1305300000","Georgia","Chattahoochee County","3240","1","Assigned Polling Place","No","DREs without VVPAT for all voters","DRE",
"1305500000","Georgia","Chattooga County","12347","13","Assigned Polling Place","No","DREs without VVPAT for all voters","DRE",
"1305700000","Georgia","Cherokee County","119061","44","Assigned Polling Place","No","DREs without VVPAT for all voters","DRE",
"1305900000","Georgia","Clarke County","59303","24","Assigned Polling Place","No","DREs without VVPAT for all voters","DRE",
"1306100000","Georgia","Clay County","1855","5","Assigned Polling Place","No","DREs without VVPAT for all voters","DRE",
"1306300000","Georgia","Clayton County","134520","58","Assigned Polling Place","No","DREs without VVPAT for all voters","DRE",
"1306500000","Georgia","Clinch County","3695","5","Assigned Polling Place","No","DREs without VVPAT for all voters","DRE",
"1306700000","Georgia","Cobb County","396218","186","Assigned Polling Place","No","DREs without VVPAT for all voters","DRE",
"1306900000","Georgia","Coffee County","19885","6","Assigned Polling Place","No","DREs without VVPAT for all voters","DRE",
"1307100000","Georgia","Colquitt County","19344","19","Assigned Polling Place","No","DREs without VVPAT for all voters","DRE",
"1307300000","Georgia","Columbia County","72305","45","Assigned Polling Place","No","DREs without VVPAT for all voters","DRE",
"1307500000","Georgia","Cook County","7969","8","Assigned Polling Place","No","DREs without VVPAT for all voters","DRE",
"1307700000","Georgia","Coweta County","70785","28","Assigned Polling Place","No","DREs without VVPAT for all voters","DRE",
"1307900000","Georgia","Crawford County","6917","6","Assigned Polling Place","No","DREs without VVPAT for all voters","DRE",
"1308100000","Georgia","Crisp County","10369","6","Assigned Polling Place","No","DREs without VVPAT for all voters","DRE",
"1308300000","Georgia","Dade County","9817","7","Assigned Polling Place","No","DREs without VVPAT for all voters","DRE",
"1308500000","Georgia","Dawson County","13159","8","Assigned Polling Place","No","DREs without VVPAT for all voters","DRE",
"1308900000","Georgia","DeKalb County","413732","194","Assigned Polling Place","No","DREs without VVPAT for all voters","DRE",
"1308700000","Georgia","Decatur County","14421","14","Assigned Polling Place","No","DREs without VVPAT for all voters","DRE",
"1309100000","Georgia","Dodge County","10658","16","Assigned Polling Place","No","DREs without VVPAT for all voters","DRE",
"1309300000","Georgia","Dooly County","5537","7","Assigned Polling Place","No","DREs without VVPAT for all voters","DRE",
"1309500000","Georgia","Dougherty County","52417","28","Assigned Polling Place","No","DREs without VVPAT for all voters","DRE",
"1309700000","Georgia","Douglas County","70267","25","Assigned Polling Place","No","DREs without VVPAT for all voters","DRE",
"1309900000","Georgia","Early County","7012","11","Assigned Polling Place","No","DREs without VVPAT for all voters","DRE",
"1310100000","Georgia","Echols County","1698","1","Assigned Polling Place","No","DREs without VVPAT for all voters","DRE",
"1310300000","Georgia","Effingham County","28549","21","Assigned Polling Place","No","DREs without VVPAT for all voters","DRE",
"1310500000","Georgia","Elbert County","11259","11","Assigned Polling Place","No","DREs without VVPAT for all voters","DRE",
"1310700000","Georgia","Emanuel County","11994","12","Assigned Polling Place","No","DREs without VVPAT for all voters","DRE",
"1310900000","Georgia","Evans County","5235","10","Assigned Polling Place","No","DREs without VVPAT for all voters","DRE",
"1311100000","Georgia","Fannin County","14504","12","Assigned Polling Place","No","DREs without VVPAT for all voters","DRE",
"1311300000","Georgia","Fayette County","71556","36","Assigned Polling Place","No","DREs without VVPAT for all voters","DRE",
"1311500000","Georgia","Floyd County","46718","25","Assigned Polling Place","No","DREs without VVPAT for all voters","DRE",
"1311700000","Georgia","Forsyth County","93065","32","Assigned Polling Place","No","DREs without VVPAT for all voters","DRE",
"1311900000","Georgia","Franklin County","11216","13","Assigned Polling Place","No","DREs without VVPAT for all voters","DRE",
"1312100000","Georgia","Fulton County","553599","344","Assigned Polling Place","No","DREs without VVPAT for all voters","DRE",
"1312300000","Georgia","Gilmer County","15228","13","Assigned Polling Place","No","DREs without VVPAT for all voters","DRE",
"1312500000","Georgia","Glascock County","1767","4","Assigned Polling Place","No","DREs without VVPAT for all voters","DRE",
"1312700000","Georgia","Glynn County","45500","20","Assigned Polling Place","No","DREs without VVPAT for all voters","DRE",
"1312900000","Georgia","Gordon County","25131","13","Assigned Polling Place","No","DREs without VVPAT for all voters","DRE",
"1313100000","Georgia","Grady County","13145","13","Assigned Polling Place","No","DREs without VVPAT for all voters","DRE",
"1313300000","Georgia","Greene County","9952","8","Assigned Polling Place","No","DREs without VVPAT for all voters","DRE",
"1313500000","Georgia","Gwinnett County","382500","163","Assigned Polling Place","No","DREs without VVPAT for all voters","DRE",
"1313700000","Georgia","Habersham County","19728","14","Assigned Polling Place","No","DREs without VVPAT for all voters","DRE",
"1313900000","Georgia","Hall County","79305","39","Assigned Polling Place","No","DREs without VVPAT for all voters","DRE",
"1314100000","Georgia","Hancock County","5813","7","Assigned Polling Place","No","DREs without VVPAT for all voters","DRE",
"1314300000","Georgia","Haralson County","14818","12","Assigned Polling Place","No","DREs without VVPAT for all voters","DRE",
"1314500000","Georgia","Harris County","19253","12","Assigned Polling Place","No","DREs without VVPAT for all voters","DRE",
"1314700000","Georgia","Hart County","13110","7","Assigned Polling Place","No","DREs without VVPAT for all voters","DRE",
"1314900000","Georgia","Heard County","6298","9","Assigned Polling Place","No","DREs without VVPAT for all voters","DRE",
"1315100000","Georgia","Henry County","112696","38","Assigned Polling Place","No","DREs without VVPAT for all voters","DRE",
"1315300000","Georgia","Houston County","71832","24","Assigned Polling Place","No","DREs without VVPAT for all voters","DRE",
"1315500000","Georgia","Irwin County","4866","10","Assigned Polling Place","No","DREs without VVPAT for all voters","DRE",
"1315700000","Georgia","Jackson County","29564","16","Assigned Polling Place","No","DREs without VVPAT for all voters","DRE",
"1315900000","Georgia","Jasper County","7798","7","Assigned Polling Place","No","DREs without VVPAT for all voters","DRE",
"1316100000","Georgia","Jeff Davis County","7431","9","Assigned Polling Place","No","DREs without VVPAT for all voters","DRE",
"1316300000","Georgia","Jefferson County","9821","8","Assigned Polling Place","No","DREs without VVPAT for all voters","DRE",
"1316500000","Georgia","Jenkins County","4887","5","Assigned Polling Place","No","DREs without VVPAT for all voters","DRE",
"1316700000","Georgia","Johnson County","4833","7","Assigned Polling Place","No","DREs without VVPAT for all voters","DRE",
"1316900000","Georgia","Jones County","15512","11","Assigned Polling Place","No","DREs without VVPAT for all voters","DRE",
"1317100000","Georgia","Lamar County","10280","6","Assigned Polling Place","No","DREs without VVPAT for all voters","DRE",
"1317300000","Georgia","Lanier County","4304","3","Assigned Polling Place","No","DREs without VVPAT for all voters","DRE",
"1317500000","Georgia","Laurens County","26185","18","Assigned Polling Place","No","DREs without VVPAT for all voters","DRE",
"1317700000","Georgia","Lee County","16991","10","Assigned Polling Place","No","DREs without VVPAT for all voters","DRE",
"1317900000","Georgia","Liberty County","23861","13","Assigned Polling Place","No","DREs without VVPAT for all voters","DRE",
"1318100000","Georgia","Lincoln County","5408","7","Assigned Polling Place","No","DREs without VVPAT for all voters","DRE",
"1318300000","Georgia","Long County","5455","5","Assigned Polling Place","No","DREs without VVPAT for all voters","DRE",
"1318500000","Georgia","Lowndes County","49996","32","Assigned Polling Place","No","DREs without VVPAT for all voters","DRE",
"1318700000","Georgia","Lumpkin County","14755","15","Assigned Polling Place","No","DREs without VVPAT for all voters","DRE",
"1319300000","Georgia","Macon County","4316","5","Assigned Polling Place","No","DREs without VVPAT for all voters","DRE",
"1319500000","Georgia","Madison County","12632","12","Assigned Polling Place","No","DREs without VVPAT for all voters","DRE",
"1319700000","Georgia","Marion County","7966","7","Assigned Polling Place","No","DREs without VVPAT for all voters","DRE",
"1318900000","Georgia","McDuffie County","6779","10","Assigned Polling Place","No","DREs without VVPAT for all voters","DRE",
"1319100000","Georgia","McIntosh County","14553","7","Assigned Polling Place","No","DREs without VVPAT for all voters","DRE",
"1319900000","Georgia","Meriwether County","13183","14","Assigned Polling Place","No","DREs without VVPAT for all voters","DRE",
"1320100000","Georgia","Miller County","3838","1","Assigned Polling Place","No","DREs without VVPAT for all voters","DRE",
"1320500000","Georgia","Mitchell County","11220","11","Assigned Polling Place","No","DREs without VVPAT for all voters","DRE",
"1320700000","Georgia","Monroe County","15330","14","Assigned Polling Place","No","DREs without VVPAT for all voters","DRE",
"1320900000","Georgia","Montgomery County","4530","7","Assigned Polling Place","No","DREs without VVPAT for all voters","DRE",
"1321100000","Georgia","Morgan County","11003","10","Assigned Polling Place","No","DREs without VVPAT for all voters","DRE",
"1321300000","Georgia","Murray County","17359","7","Assigned Polling Place","No","DREs without VVPAT for all voters","DRE",
"1321500000","Georgia","Muscogee County","103334","48","Assigned Polling Place","No","DREs without VVPAT for all voters","DRE",
"1321700000","Georgia","Newton County","54475","22","Assigned Polling Place","No","DREs without VVPAT for all voters","DRE",
"1321900000","Georgia","Oconee County","20417","13","Assigned Polling Place","No","DREs without VVPAT for all voters","DRE",
"1322100000","Georgia","Oglethorpe County","8163","10","Assigned Polling Place","No","DREs without VVPAT for all voters","DRE",
"1322300000","Georgia","Paulding County","72313","28","Assigned Polling Place","No","DREs without VVPAT for all voters","DRE",
"1322500000","Georgia","Peach County","14470","7","Assigned Polling Place","No","DREs without VVPAT for all voters","DRE",
"1322700000","Georgia","Pickens County","16868","12","Assigned Polling Place","No","DREs without VVPAT for all voters","DRE",
"1322900000","Georgia","Pierce County","8838","8","Assigned Polling Place","No","DREs without VVPAT for all voters","DRE",
"1323100000","Georgia","Pike County","10333","8","Assigned Polling Place","No","DREs without VVPAT for all voters","DRE",
"1323300000","Georgia","Polk County","19938","11","Assigned Polling Place","No","DREs without VVPAT for all voters","DRE",
"1323500000","Georgia","Pulaski County","5098","3","Assigned Polling Place","No","DREs without VVPAT for all voters","DRE",
"1323700000","Georgia","Putnam County","11591","9","Assigned Polling Place","No","DREs without VVPAT for all voters","DRE",
"1323900000","Georgia","Quitman County","1532","2","Assigned Polling Place","No","DREs without VVPAT for all voters","DRE",
"1324100000","Georgia","Rabun County","9780","9","Assigned Polling Place","No","DREs without VVPAT for all voters","DRE",
"1324300000","Georgia","Randolph County","4224","9","Assigned Polling Place","No","DREs without VVPAT for all voters","DRE",
"1324500000","Georgia","Richmond County","106684","73","Assigned Polling Place","No","DREs without VVPAT for all voters","DRE",
"1324700000","Georgia","Rockdale County","48912","18","Assigned Polling Place","No","DREs without VVPAT for all voters","DRE",
"1324900000","Georgia","Schley County","2335","1","Assigned Polling Place","No","DREs without VVPAT for all voters","DRE",
"1325100000","Georgia","Screven County","8527","12","Assigned Polling Place","No","DREs without VVPAT for all voters","DRE",
"1325300000","Georgia","Seminole County","5529","5","Assigned Polling Place","No","DREs without VVPAT for all voters","DRE",
"1325500000","Georgia","Spalding County","34256","21","Assigned Polling Place","No","DREs without VVPAT for all voters","DRE",
"1325700000","Georgia","Stephens County","14226","8","Assigned Polling Place","No","DREs without VVPAT for all voters","DRE",
"1325900000","Georgia","Stewart County","2863","5","Assigned Polling Place","No","DREs without VVPAT for all voters","DRE",
"1326100000","Georgia","Sumter County","16165","11","Assigned Polling Place","No","DREs without VVPAT for all voters","DRE",
"1326300000","Georgia","Talbot County","4553","8","Assigned Polling Place","No","DREs without VVPAT for all voters","DRE",
"1326500000","Georgia","Taliaferro County","1371","2","Assigned Polling Place","No","DREs without VVPAT for all voters","DRE",
"1326700000","Georgia","Tattnall County","9298","9","Assigned Polling Place","No","DREs without VVPAT for all voters","DRE",
"1326900000","Georgia","Taylor County","4715","6","Assigned Polling Place","No","DREs without VVPAT for all voters","DRE",
"1327100000","Georgia","Telfair County","5876","6","Assigned Polling Place","No","DREs without VVPAT for all voters","DRE",
"1327300000","Georgia","Terrell County","5848","6","Assigned Polling Place","No","DREs without VVPAT for all voters","DRE",
"1327500000","Georgia","Thomas County","25375","20","Assigned Polling Place","No","DREs without VVPAT for all voters","DRE",
"1327700000","Georgia","Tift County","18694","12","Assigned Polling Place","No","DREs without VVPAT for all voters","DRE",
"1327900000","Georgia","Toombs County","12834","14","Assigned Polling Place","No","DREs without VVPAT for all voters","DRE",
"1328100000","Georgia","Towns County","7625","4","Assigned Polling Place","No","DREs without VVPAT for all voters","DRE",
"1328300000","Georgia","Treutlen County","3938","6","Assigned Polling Place","No","DREs without VVPAT for all voters","DRE",
"1328500000","Georgia","Troup County","35490","16","Assigned Polling Place","No","DREs without VVPAT for all voters","DRE",
"1328700000","Georgia","Turner County","4677","3","Assigned Polling Place","No","DREs without VVPAT for all voters","DRE",
"1328900000","Georgia","Twiggs County","6144","5","Assigned Polling Place","No","DREs without VVPAT for all voters","DRE",
"1329100000","Georgia","Union County","13596","11","Assigned Polling Place","No","DREs without VVPAT for all voters","DRE",
"1329300000","Georgia","Upson County","15214","10","Assigned Polling Place","No","DREs without VVPAT for all voters","DRE",
"1329500000","Georgia","Walker County","35896","18","Assigned Polling Place","No","DREs without VVPAT for all voters","DRE",
"1329700000","Georgia","Walton County","47488","19","Assigned Polling Place","No","DREs without VVPAT for all voters","DRE",
"1329900000","Georgia","Ware County","16280","12","Assigned Polling Place","No","DREs without VVPAT for all voters","DRE",
"1330100000","Georgia","Warren County","3550","6","Assigned Polling Place","No","DREs without VVPAT for all voters","DRE",
"1330300000","Georgia","Washington County","11342","8","Assigned Polling Place","No","DREs without VVPAT for all voters","DRE",
"1330500000","Georgia","Wayne County","13997","15","Assigned Polling Place","No","DREs without VVPAT for all voters","DRE",
"1330700000","Georgia","Webster County","1420","4","Assigned Polling Place","No","DREs without VVPAT for all voters","DRE",
"1330900000","Georgia","Wheeler County","3137","2","Assigned Polling Place","No","DREs without VVPAT for all voters","DRE",
"1331100000","Georgia","White County","13998","11","Assigned Polling Place","No","DREs without VVPAT for all voters","DRE",
"1331300000","Georgia","Whitfield County","39706","23","Assigned Polling Place","No","DREs without VVPAT for all voters","DRE",
"1331500000","Georgia","Wilcox County","4193","6","Assigned Polling Place","No","DREs without VVPAT for all voters","DRE",
"1331700000","Georgia","Wilkes County","6181","7","Assigned Polling Place","No","DREs without VVPAT for all voters","DRE",
"1331900000","Georgia","Wilkinson County","5921","9","Assigned Polling Place","No","DREs without VVPAT for all voters","DRE",
"1332100000","Georgia","Worth County","11148","16","Assigned Polling Place","No","DREs without VVPAT for all voters","DRE",
"6600000000","Guam","Guam","50806","58","Assigned Polling Place","No","Hand marked paper ballots, No accessible equipment","Optical Scan",
"1500100000","Hawaii","Hawaii County","99337","67","Assigned Polling Place","No","Hand marked paper ballots and DREs with VVPAT","Optical Scan and DRE",
"1500300000","Hawaii","City and County of Honolulu","416195","212","Assigned Polling Place","No","Hand marked paper ballots and DREs with VVPAT","Optical Scan and DRE",
"1500700000","Hawaii","Kauai County","36586","17","Assigned Polling Place","No","Hand marked paper ballots and DREs with VVPAT","Optical Scan and DRE",
"1500900000","Hawaii","Maui County","73891","44","Assigned Polling Place","No","Hand marked paper ballots and DREs with VVPAT","Optical Scan and DRE",
"1600100000","Idaho","Ada County","233037","141","Assigned Polling Place","No","Hand marked paper ballots and BMDs","Optical Scan",
"1600300000","Idaho","Adams County","2942","6","Assigned Polling Place","No","Hand marked paper ballots and BMDs","Hand Count",
"1600500000","Idaho","Bannock County","48314","58","Assigned Polling Place","No","Hand marked paper ballots and BMDs","Optical Scan",
"1600700000","Idaho","Bear Lake County","3858","14","Assigned Polling Place","No","Hand marked paper ballots and BMDs","Hand Count",
"1600900000","Idaho","Benewah County","5426","11","Assigned Polling Place","No","Hand marked paper ballots and BMDs","Hand Count",
"1601100000","Idaho","Bingham County","23310","25","Assigned Polling Place","No","Hand marked punch card ballots and BMDs","Punch Card",
"1601300000","Idaho","Blaine County","13988","14","Assigned Polling Place","No","Hand marked paper ballots and BMDs","Optical Scan",
"1601500000","Idaho","Boise County","5145","6","Assigned Polling Place","No","Hand marked paper ballots and BMDs","Hand Count",
"1601700000","Idaho","Bonner County","25822","33","Assigned Polling Place","No","Hand marked paper ballots and BMDs","Optical Scan",
"1601900000","Idaho","Bonneville County","55184","52","Assigned Polling Place","No","Hand marked punch card ballots and BMDs","Punch Card",
"1602100000","Idaho","Boundary County","6446","7","Assigned Polling Place","No","Hand marked paper ballots and BMDs","Hand Count",
"1602300000","Idaho","Butte County","1871","4","Assigned Polling Place","No","Hand marked paper ballots and BMDs","Hand Count",
"1602500000","Idaho","Camas County","837","2","Assigned Polling Place","No","Hand marked paper ballots and BMDs","Hand Count",
"1602700000","Idaho","Canyon County","82322","53","Assigned Polling Place","No","Hand marked paper ballots and BMDs","Optical Scan",
"1602900000","Idaho","Caribou County","4462","9","Assigned Polling Place","No","Hand marked paper ballots and BMDs","Hand Count",
"1603100000","Idaho","Cassia County","10385","25","Assigned Polling Place","No","Hand marked paper ballots and BMDs","Optical Scan",
"1603300000","Idaho","Clark County","448","3","Assigned Polling Place","No","Hand marked paper ballots and BMDs","Hand Count",
"1603500000","Idaho","Clearwater County","5101","14","Assigned Polling Place","No","Hand marked punch card ballots and BMDs","Punch Card",
"1603700000","Idaho","Custer County","2984","9","Assigned Polling Place","No","Hand marked paper ballots and BMDs","Hand Count",
"1603900000","Idaho","Elmore County","11881","18","Assigned Polling Place","No","Hand marked paper ballots and BMDs","Optical Scan",
"1604100000","Idaho","Franklin County","6753","17","Assigned Polling Place","No","Hand marked punch card ballots and BMDs","Punch Card",
"1604300000","Idaho","Fremont County","7553","14","Assigned Polling Place","No","Hand marked paper ballots and BMDs","Optical Scan",
"1604500000","Idaho","Gem County","10094","13","Assigned Polling Place","No","Hand marked paper ballots and BMDs","Optical Scan",
"1604700000","Idaho","Gooding County","6818","7","Assigned Polling Place","No","Hand marked paper ballots and BMDs","Optical Scan",
"1604900000","Idaho","Idaho County","10814","26","Assigned Polling Place","No","Hand marked paper ballots and BMDs","Hand Count",
"1605100000","Idaho","Jefferson County","12873","17","Assigned Polling Place","No","Hand marked punch card ballots and BMDs","Punch Card",
"1605300000","Idaho","Jerome County","9053","10","Assigned Polling Place","No","Hand marked paper ballots and BMDs","Optical Scan",
"1605500000","Idaho","Kootenai County","79228","71","Assigned Polling Place","No","Hand marked paper ballots and BMDs","Optical Scan",
"1605700000","Idaho","Latah County","26173","32","Assigned Polling Place","No","Hand marked paper ballots and BMDs","Optical Scan",
"1605900000","Idaho","Lemhi County","5412","9","Assigned Polling Place","No","Hand marked paper ballots and BMDs","Optical Scan",
"1606100000","Idaho","Lewis County","2313","8","Assigned Polling Place","No","Hand marked paper ballots and BMDs","Hand Count",
"1606300000","Idaho","Lincoln County","2471","6","Assigned Polling Place","No","Hand marked paper ballots and BMDs","Hand Count",
"1606500000","Idaho","Madison County","18464","19","Assigned Polling Place","No","Hand marked paper ballots and BMDs","Optical Scan",
"1606700000","Idaho","Minidoka County","9409","11","Assigned Polling Place","No","Hand marked punch card ballots and BMDs","Punch Card",
"1606900000","Idaho","Nez Perce County","24282","37","Assigned Polling Place","No","Hand marked punch card ballots and BMDs","Punch Card",
"1607100000","Idaho","Oneida County","2702","6","Assigned Polling Place","No","Hand marked paper ballots and BMDs","Optical Scan",
"1607300000","Idaho","Owyhee County","5280","12","Assigned Polling Place","No","Hand marked paper ballots and BMDs","Hand Count",
"1607500000","Idaho","Payette County","10921","10","Assigned Polling Place","No","Hand marked paper ballots and BMDs","Optical Scan",
"1607700000","Idaho","Power County","3714","6","Assigned Polling Place","No","Hand marked paper ballots and BMDs","Optical Scan",
"1607900000","Idaho","Shoshone County","7166","18","Assigned Polling Place","No","Hand marked punch card ballots and BMDs","Punch Card",
"1608100000","Idaho","Teton County","6075","4","Assigned Polling Place","No","Hand marked paper ballots and BMDs","Optical Scan",
"1608300000","Idaho","Twin Falls County","37680","45","Assigned Polling Place","No","Hand marked paper ballots and BMDs","Optical Scan",
"1608500000","Idaho","Valley County","6977","8","Assigned Polling Place","No","Hand marked paper ballots and BMDs","Optical Scan",
"1608700000","Idaho","Washington County","5881","11","Assigned Polling Place","No","Hand marked paper ballots and BMDs","Hand Count",
"1700100000","Illinois","Adams County","44329","80","Assigned Polling Place","No","Hand marked paper ballots and BMDs","Optical Scan",
"1700300000","Illinois","Alexander County","7926","11","Assigned Polling Place","No","Hand marked paper ballots and BMDs","Optical Scan",
"1703012000","Illinois","City of Aurora (Aurora County)","","80","Assigned Polling Place","No","Hand marked paper ballots and DREs with VVPAT","Optical Scan and DRE",
"1706613000","Illinois","City of Bloomington (Bloomington County)","41960","44","Assigned Polling Place","No","Hand marked paper ballots and BMDs","Optical Scan",
"1700500000","Illinois","Bond County","11774","25","Assigned Polling Place","No","Hand marked paper ballots and DREs with VVPAT","Optical Scan and DRE",
"1700700000","Illinois","Boone County","32771","38","Assigned Polling Place","No","Hand marked paper ballots and DREs with VVPAT","Optical Scan and DRE",
"1700900000","Illinois","Brown County","3383","15","Assigned Polling Place","No","Hand marked paper ballots and BMDs","Optical Scan",
"1701100000","Illinois","Bureau County","24049","50","Assigned Polling Place","No","Hand marked paper ballots and DREs with VVPAT","Optical Scan and DRE",
"1701300000","Illinois","Calhoun County","3952","8","Assigned Polling Place","No","Hand marked paper ballots and BMDs","Optical Scan",
"1701500000","Illinois","Carroll County","11691","22","Assigned Polling Place","No","Hand marked paper ballots and DREs with VVPAT","Optical Scan and DRE",
"1701700000","Illinois","Cass County","9343","21","Assigned Polling Place","No","Hand marked paper ballots and DREs with VVPAT","Optical Scan and DRE",
"1701900000","Illinois","Champaign County","123150","117","Assigned Polling Place","No","Hand marked paper ballots and BMDs","Optical Scan",
"1714000000","Illinois","City of Chicago","1497292","2575","Assigned Polling Place","No","Hand marked paper ballots and DREs with VVPAT","Optical Scan and DRE",
"1702100000","Illinois","Christian County","22147","30","Assigned Polling Place","No","Hand marked paper ballots and DREs with VVPAT","Optical Scan and DRE",
"1702300000","Illinois","Clark County","12882","23","Assigned Polling Place","No","Hand marked paper ballots and DREs with VVPAT","Optical Scan and DRE",
"1702500000","Illinois","Clay County","9674","22","Assigned Polling Place","No","Hand marked paper ballots and BMDs","Optical Scan",
"1702700000","Illinois","Clinton County","25453","39","Assigned Polling Place","No","Hand marked paper ballots and DREs with VVPAT","Optical Scan and DRE",
"1702900000","Illinois","Coles County","33102","44","Assigned Polling Place","No","Hand marked paper ballots and DREs with VVPAT","Optical Scan and DRE",
"1703100000","Illinois","Cook County","1434938","2290","Assigned Polling Place","No","Hand marked paper ballots and DREs with VVPAT","Optical Scan and DRE",
"1703300000","Illinois","Crawford County","14197","24","Assigned Polling Place","No","Hand marked paper ballots and DREs with VVPAT","Optical Scan and DRE",
"1703500000","Illinois","Cumberland County","7923","12","Assigned Polling Place","No","Hand marked paper ballots and DREs with VVPAT","Optical Scan and DRE",
"1718563000","Illinois","City of Danville","18341","34","Assigned Polling Place","No","Hand marked paper ballots and BMDs","Optical Scan",
"1703700000","Illinois","DeKalb County","60718","84","Assigned Polling Place","No","Hand marked paper ballots and BMDs","Optical Scan",
"1703900000","Illinois","DeWitt County","11576","23","Assigned Polling Place","No","Hand marked paper ballots and DREs with VVPAT","Optical Scan and DRE",
"1704100000","Illinois","Douglas County","12193","19","Assigned Polling Place","No","Hand marked paper ballots and DREs with VVPAT","Optical Scan and DRE",
"1704300000","Illinois","DuPage County","552034","732","Assigned Polling Place","No","Hand marked paper ballots and DREs with VVPAT","Optical Scan and DRE",
"1722255000","Illinois","City of East St. Louis (East St. Louis County)","21612","25","Assigned Polling Place","No","Hand marked paper ballots and BMDs","Optical Scan",
"1704500000","Illinois","Edgar County","13004","29","Assigned Polling Place","No","Hand marked paper ballots and DREs with VVPAT","Optical Scan and DRE",
"1704700000","Illinois","Edwards County","4576","12","Assigned Polling Place","No","Hand marked paper ballots and BMDs","Optical Scan",
"1704900000","Illinois","Effingham County","22353","37","Assigned Polling Place","No","Hand marked paper ballots and BMDs","Optical Scan",
"1705100000","Illinois","Fayette County","15520","32","Assigned Polling Place","No","Hand marked paper ballots and DREs with VVPAT","Optical Scan and DRE",
"1705300000","Illinois","Ford County","9059","22","Assigned Polling Place","No","Hand marked paper ballots and DREs with VVPAT","Optical Scan and DRE",
"1705500000","Illinois","Franklin County","28267","35","Assigned Polling Place","No","Hand marked paper ballots and BMDs","Optical Scan",
"1705700000","Illinois","Fulton County","24802","57","Assigned Polling Place","No","Hand marked paper ballots and DREs with VVPAT","Optical Scan and DRE",
"1728326000","Illinois","City of Galesburg (Galesburg County)","18833","31","Assigned Polling Place","No","Hand marked paper ballots and BMDs","Optical Scan",
"1705900000","Illinois","Gallatin County","4319","13","Assigned Polling Place","No","Hand marked paper ballots and BMDs","Optical Scan",
"1706100000","Illinois","Greene County","9446","24","Assigned Polling Place","No","Hand marked paper ballots and DREs with VVPAT","Optical Scan and DRE",
"1706300000","Illinois","Grundy County","30234","42","Assigned Polling Place","No","Hand marked paper ballots and DREs with VVPAT","Optical Scan and DRE",
"1706500000","Illinois","Hamilton County","6432","16","Assigned Polling Place","No","Hand marked paper ballots and BMDs","Optical Scan",
"1706700000","Illinois","Hancock County","13565","35","Assigned Polling Place","No","Hand marked paper ballots and BMDs","Optical Scan",
"1706900000","Illinois","Hardin County","3291","6","Assigned Polling Place","No","Hand marked paper ballots and DREs with VVPAT","Optical Scan and DRE",
"1707100000","Illinois","Henderson County","5527","13","Assigned Polling Place","No","Hand marked paper ballots and BMDs","Optical Scan",
"1707300000","Illinois","Henry County","36603","52","Assigned Polling Place","No","Hand marked paper ballots and BMDs","Optical Scan",
"1707500000","Illinois","Iroquois County","20695","37","Assigned Polling Place","No","Hand marked paper ballots and DREs with VVPAT","Optical Scan and DRE",
"1707700000","Illinois","Jackson County","34943","61","Assigned Polling Place","No","Hand marked paper ballots and BMDs","Optical Scan",
"1707900000","Illinois","Jasper County","7572","16","Assigned Polling Place","No","Hand marked paper ballots and DREs with VVPAT","Optical Scan and DRE",
"1708100000","Illinois","Jefferson County","25816","37","Assigned Polling Place","No","Hand marked paper ballots and BMDs","Optical Scan",
"1708300000","Illinois","Jersey County","17098","25","Assigned Polling Place","No","Hand marked paper ballots and BMDs","Optical Scan",
"1708500000","Illinois","Jo Daviess County","16529","29","Assigned Polling Place","No","Hand marked paper ballots and BMDs","Optical Scan",
"1708700000","Illinois","Johnson County","7984","17","Assigned Polling Place","No","Hand marked paper ballots and DREs with VVPAT","Optical Scan and DRE",
"1708900000","Illinois","Kane County","214479","228","Assigned Polling Place","No","DREs with VVPAT for all voters","DRE",
"1709100000","Illinois","Kankakee County","65279","88","Assigned Polling Place","No","Hand marked paper ballots and DREs with VVPAT","Optical Scan and DRE",
"1709300000","Illinois","Kendall County","64758","75","Assigned Polling Place","No","Hand marked paper ballots and BMDs","Optical Scan",
"1709500000","Illinois","Knox County","16089","30","Assigned Polling Place","No","Hand marked paper ballots and DREs with VVPAT","Optical Scan and DRE",
"1709900000","Illinois","La Salle County","73689","124","Assigned Polling Place","No","Hand marked paper ballots and BMDs","Optical Scan",
"1709700000","Illinois","Lake County","406111","481","Assigned Polling Place","No","Hand marked paper ballots and BMDs","Optical Scan",
"1710100000","Illinois","Lawrence County","10497","27","Assigned Polling Place","No","Hand marked paper ballots and BMDs","Optical Scan",
"1710300000","Illinois","Lee County","23327","49","Assigned Polling Place","No","Hand marked paper ballots and DREs with VVPAT","Optical Scan and DRE",
"1710500000","Illinois","Livingston County","23826","52","Assigned Polling Place","No","Hand marked paper ballots and DREs with VVPAT","Optical Scan and DRE",
"1710700000","Illinois","Logan County","19859","45","Assigned Polling Place","No","Hand marked paper ballots and BMDs","Optical Scan",
"1711500000","Illinois","Macon County","73597","87","Assigned Polling Place","No","Hand marked paper ballots and DREs with VVPAT","Optical Scan and DRE",
"1711700000","Illinois","Macoupin County","32910","61","Assigned Polling Place","No","Hand marked paper ballots and DREs with VVPAT","Optical Scan and DRE",
"1711900000","Illinois","Madison County","178014","233","Assigned Polling Place","No","Hand marked paper ballots and BMDs","Optical Scan",
"1712100000","Illinois","Marion County","27225","49","Assigned Polling Place","No","Hand marked paper ballots and DREs with VVPAT","Optical Scan and DRE",
"1712300000","Illinois","Marshall County","8777","16","Assigned Polling Place","No","Hand marked paper ballots and BMDs","Optical Scan",
"1712500000","Illinois","Mason County","10527","22","Assigned Polling Place","No","Hand marked paper ballots and DREs with VVPAT","Optical Scan and DRE",
"1712700000","Illinois","Massac County","11725","17","Assigned Polling Place","No","Hand marked paper ballots and BMDs","Optical Scan",
"1710900000","Illinois","McDonough County","19620","31","Assigned Polling Place","No","Hand marked paper ballots and DREs with VVPAT","Optical Scan and DRE",
"1711100000","Illinois","McHenry County","199378","212","Assigned Polling Place","No","Hand marked paper ballots and DREs with VVPAT","Optical Scan and DRE",
"1711300000","Illinois","McLean County","58197","71","Assigned Polling Place","No","Hand marked paper ballots and DREs with VVPAT","Optical Scan and DRE",
"1712900000","Illinois","Menard County","9594","16","Assigned Polling Place","No","Hand marked paper ballots and BMDs","Optical Scan",
"1713100000","Illinois","Mercer County","14099","24","Assigned Polling Place","No","Hand marked paper ballots and BMDs","Optical Scan",
"1713300000","Illinois","Monroe County","24783","37","Assigned Polling Place","No","Hand marked paper ballots and DREs with VVPAT","Optical Scan and DRE",
"1713500000","Illinois","Montgomery County","12986","42","Assigned Polling Place","No","Hand marked paper ballots and BMDs","Optical Scan",
"1713700000","Illinois","Morgan County","22925","40","Assigned Polling Place","No","Hand marked paper ballots and DREs with VVPAT","Optical Scan and DRE",
"1713900000","Illinois","Moultrie County","8816","16","Assigned Polling Place","No","Hand marked paper ballots and DREs with VVPAT","Optical Scan and DRE",
"1714100000","Illinois","Ogle County","40453","52","Assigned Polling Place","No","Hand marked paper ballots and BMDs","Optical Scan",
"1759000000","Illinois","City of Peoria","70000","93","Assigned Polling Place","No","DREs with VVPAT for all voters","DRE",
"1714300000","Illinois","Peoria County","48374","53","Assigned Polling Place","No","DREs with VVPAT for all voters","DRE",
"1714500000","Illinois","Perry County","15054","27","Assigned Polling Place","No","Hand marked paper ballots and DREs with VVPAT","Optical Scan and DRE",
"1714700000","Illinois","Piatt County","11921","16","Assigned Polling Place","No","Hand marked paper ballots and DREs with VVPAT","Optical Scan and DRE",
"1714900000","Illinois","Pike County","12761","33","Assigned Polling Place","No","Hand marked paper ballots and DREs with VVPAT","Optical Scan and DRE",
"1715100000","Illinois","Pope County","3465","6","Assigned Polling Place","No","Hand marked paper ballots and DREs with VVPAT","Optical Scan and DRE",
"1715300000","Illinois","Pulaski County","5991","11","Assigned Polling Place","No","Hand marked paper ballots and DREs with VVPAT","Optical Scan and DRE",
"1715500000","Illinois","Putnam County","4663","8","Assigned Polling Place","No","Hand marked paper ballots and DREs with VVPAT","Optical Scan and DRE",
"1715700000","Illinois","Randolph County","22512","37","Assigned Polling Place","No","Hand marked paper ballots and DREs with VVPAT","Optical Scan and DRE",
"1715900000","Illinois","Richland County","13686","22","Assigned Polling Place","No","Hand marked paper ballots and DREs with VVPAT","Optical Scan and DRE",
"1716100000","Illinois","Rock Island County","95539","120","Assigned Polling Place","No","Hand marked paper ballots and DREs with VVPAT","Optical Scan and DRE",
"1765000000","Illinois","City of Rockford","85871","96","Assigned Polling Place","No","Hand marked paper ballots and BMDs","Optical Scan",
"1716500000","Illinois","Saline County","17179","28","Assigned Polling Place","No","Hand marked paper ballots and BMDs","Optical Scan",
"1716700000","Illinois","Sangamon County","138299","232","Assigned Polling Place","No","Hand marked paper ballots and BMDs","Optical Scan",
"1716900000","Illinois","Schuyler County","5569","17","Assigned Polling Place","No","Hand marked paper ballots and DREs with VVPAT","Optical Scan and DRE",
"1717100000","Illinois","Scott County","3976","10","Assigned Polling Place","No","Hand marked paper ballots and DREs with VVPAT","Optical Scan and DRE",
"1717300000","Illinois","Shelby County","15158","33","Assigned Polling Place","No","Hand marked paper ballots and DREs with VVPAT","Optical Scan and DRE",
"1716300000","Illinois","St. Clair County","164882","195","Assigned Polling Place","No","Hand marked paper ballots and DREs with VVPAT","Optical Scan and DRE",
"1717500000","Illinois","Stark County","5234","10","Assigned Polling Place","No","Hand marked paper ballots and BMDs","Optical Scan",
"1717700000","Illinois","Stephenson County","34535","46","Assigned Polling Place","No","Hand marked paper ballots and BMDs","Optical Scan",
"1717900000","Illinois","Tazewell County","99863","131","Assigned Polling Place","No","Hand marked paper ballots and DREs with VVPAT","Optical Scan and DRE",
"1718100000","Illinois","Union County","15379","20","Assigned Polling Place","No","Hand marked paper ballots and DREs with VVPAT","Optical Scan and DRE",
"1718300000","Illinois","Vermilion County","31526","59","Assigned Polling Place","No","Hand marked paper ballots and BMDs","Optical Scan",
"1718500000","Illinois","Wabash County","9391","16","Assigned Polling Place","No","Hand marked paper ballots and BMDs","Optical Scan",
"1718700000","Illinois","Warren County","11830","28","Assigned Polling Place","No","Hand marked paper ballots and DREs with VVPAT","Optical Scan and DRE",
"1718900000","Illinois","Washington County","11899","24","Assigned Polling Place","No","Hand marked paper ballots and DREs with VVPAT","Optical Scan and DRE",
"1719100000","Illinois","Wayne County","12366","27","Assigned Polling Place","No","Hand marked paper ballots and DREs with VVPAT","Optical Scan and DRE",
"1719300000","Illinois","White County","11566","27","Assigned Polling Place","No","Hand marked paper ballots and DREs with VVPAT","Optical Scan and DRE",
"1719500000","Illinois","Whiteside County","3497","60","Assigned Polling Place","No","Hand marked paper ballots and DREs with VVPAT","Optical Scan and DRE",
"1719700000","Illinois","Will County","373847","446","Assigned Polling Place","No","Hand marked paper ballots and BMDs","Optical Scan",
"1719900000","Illinois","Williamson County","43676","65","Assigned Polling Place","No","Hand marked paper ballots and BMDs","Optical Scan",
"1720100000","Illinois","Winnebago County","100936","108","Assigned Polling Place","No","Hand marked paper ballots and DREs with VVPAT","Optical Scan and DRE",
"1720300000","Illinois","Woodford County","25578","45","Assigned Polling Place","No","Hand marked paper ballots and BMDs","Optical Scan",
"1800100000","Indiana","Adams County","17145","25","Assigned Polling Place","No","DREs without VVPAT for all voters","DRE",
"1800300000","Indiana","Allen County","229821","301","Assigned Polling Place","No","DREs without VVPAT for all voters","DRE",
"1800500000","Indiana","Bartholomew County","48031","69","Assigned Polling Place","No","DREs without VVPAT for all voters","DRE",
"1800700000","Indiana","Benton County","5599","15","Assigned Polling Place","No","Hand marked paper ballots and DREs without VVPAT","Optical Scan and DRE",
"1800900000","Indiana","Blackford County","8508","12","Assigned Polling Place","No","DREs without VVPAT for all voters","DRE",
"1801100000","Indiana","Boone County","36756","49","Assigned Polling Place","No","DREs without VVPAT for all voters","DRE",
"1801300000","Indiana","Brown County","11686","12","Assigned Polling Place","No","Hand marked paper ballots and DREs without VVPAT","Optical Scan and DRE",
"1801500000","Indiana","Carroll County","12743","19","Assigned Polling Place","No","Hand marked paper ballots and DREs without VVPAT","Optical Scan and DRE",
"1801700000","Indiana","Cass County","20488","40","Vote Center","No","DREs without VVPAT for all voters","DRE",
"1801900000","Indiana","Clark County","75076","73","Assigned Polling Place","No","Hand marked paper ballots and DREs without VVPAT","Optical Scan and DRE",
"1802100000","Indiana","Clay County","18135","24","Assigned Polling Place","No","DREs without VVPAT for all voters","DRE",
"1802300000","Indiana","Clinton County","19369","39","Assigned Polling Place","No","DREs without VVPAT for all voters","DRE",
"1802500000","Indiana","Crawford County","8511","17","Assigned Polling Place","No","Hand marked paper ballots and DREs without VVPAT","Optical Scan and DRE",
"1802700000","Indiana","Daviess County","18320","28","Assigned Polling Place","No","DREs without VVPAT for all voters","DRE",
"1803300000","Indiana","DeKalb County","26704","39","","No","DREs without VVPAT for all voters","DRE",
"1802900000","Indiana","Dearborn County","32554","48","Assigned Polling Place","No","Hand marked paper ballots and BMDs","Optical Scan",
"1803100000","Indiana","Decatur County","14851","20","Assigned Polling Place","No","DREs without VVPAT for all voters","DRE",
"1803500000","Indiana","Delaware County","85319","75","Assigned Polling Place","No","DREs without VVPAT for all voters","DRE",
"1803700000","Indiana","Dubois County","27446","38","Assigned Polling Place","No","DREs without VVPAT for all voters","DRE",
"1803900000","Indiana","Elkhart County","112649","113","Assigned Polling Place","No","Hand marked paper ballots and DREs without VVPAT","Optical Scan and DRE",
"1804100000","Indiana","Fayette County","15915","28","Assigned Polling Place","No","DREs without VVPAT for all voters","DRE",
"1804300000","Indiana","Floyd County","50401","60","Assigned Polling Place","No","Hand marked paper ballots and BMDs","Optical Scan",
"1804500000","Indiana","Fountain County","11172","22","Assigned Polling Place","No","DREs without VVPAT for all voters","DRE",
"1804700000","Indiana","Franklin County","17302","24","Assigned Polling Place","No","Hand marked paper ballots and DREs without VVPAT","Optical Scan and DRE",
"1804900000","Indiana","Fulton County","12879","17","Assigned Polling Place","No","Hand marked paper ballots and DREs without VVPAT","Optical Scan and DRE",
"1805100000","Indiana","Gibson County","21190","38","Assigned Polling Place","No","Hand marked paper ballots and DREs without VVPAT","Optical Scan and DRE",
"1805300000","Indiana","Grant County","46765","73","Assigned Polling Place","No","DREs without VVPAT for all voters","DRE",
"1805500000","Indiana","Greene County","19240","32","Assigned Polling Place","No","DREs without VVPAT for all voters","DRE",
"1805700000","Indiana","Hamilton County","168019","201","Assigned Polling Place","No","DREs without VVPAT for all voters","DRE",
"1805900000","Indiana","Hancock County","46494","38","Assigned Polling Place","No","Hand marked paper ballots and BMDs","Optical Scan",
"1806100000","Indiana","Harrison County","28598","36","Assigned Polling Place","No","Hand marked paper ballots and DREs without VVPAT","Optical Scan and DRE",
"1806300000","Indiana","Hendricks County","87253","99","Assigned Polling Place","No","DREs without VVPAT for all voters","DRE",
"1806500000","Indiana","Henry County","28767","42","Assigned Polling Place","No","DREs without VVPAT for all voters","DRE",
"1806700000","Indiana","Howard County","58417","72","Assigned Polling Place","No","Hand marked paper ballots and BMDs","Optical Scan",
"1806900000","Indiana","Huntington County","23574","35","Assigned Polling Place","No","DREs without VVPAT for all voters","DRE",
"1807100000","Indiana","Jackson County","27049","34","Assigned Polling Place","No","Hand marked paper ballots and DREs without VVPAT","Optical Scan and DRE",
"1807300000","Indiana","Jasper County","19438","29","Assigned Polling Place","No","DREs without VVPAT for all voters","DRE",
"1807500000","Indiana","Jay County","11008","21","Assigned Polling Place","No","DREs without VVPAT for all voters","DRE",
"1807700000","Indiana","Jefferson County","19992","26","Assigned Polling Place","No","DREs without VVPAT for all voters","DRE",
"1807900000","Indiana","Jennings County","19445","25","Assigned Polling Place","No","Hand marked paper ballots and DREs without VVPAT","Optical Scan and DRE",
"1808100000","Indiana","Johnson County","83943","108","Assigned Polling Place","No","DREs without VVPAT for all voters","DRE",
"1808300000","Indiana","Knox County","26706","37","Assigned Polling Place","No","DREs without VVPAT for all voters","DRE",
"1808500000","Indiana","Kosciusko County","44057","71","Assigned Polling Place","No","DREs without VVPAT for all voters","DRE",
"1808700000","Indiana","LaGrange County","14437","16","Assigned Polling Place","No","Hand marked paper ballots and DREs without VVPAT","Optical Scan and DRE",
"1809100000","Indiana","LaPorte County","73330","81","Assigned Polling Place","No","DREs without VVPAT for all voters","DRE",
"1808900000","Indiana","Lake County","297826","565","Assigned Polling Place","No","DREs without VVPAT for all voters","DRE",
"1809300000","Indiana","Lawrence County","29468","39","Assigned Polling Place","No","DREs without VVPAT for all voters","DRE",
"1809500000","Indiana","Madison County","89981","111","Assigned Polling Place","No","DREs without VVPAT for all voters","DRE",
"1809700000","Indiana","Marion County","580939","590","Assigned Polling Place","No","Hand marked paper ballots and DREs without VVPAT","Optical Scan and DRE",
"1809900000","Indiana","Marshall County","27710","28","Assigned Polling Place","No","DREs without VVPAT for all voters","DRE",
"1810100000","Indiana","Martin County","7355","18","Assigned Polling Place","No","Hand marked paper ballots and DREs without VVPAT","Optical Scan and DRE",
"1810300000","Indiana","Miami County","21453","31","Assigned Polling Place","No","DREs without VVPAT for all voters","DRE",
"1810500000","Indiana","Monroe County","86449","137","Assigned Polling Place","No","DREs without VVPAT for all voters","DRE",
"1810700000","Indiana","Montgomery County","22684","27","Assigned Polling Place","No","Hand marked paper ballots and DREs without VVPAT","Optical Scan and DRE",
"1810900000","Indiana","Morgan County","42696","49","Assigned Polling Place","No","DREs without VVPAT for all voters","DRE",
"1811100000","Indiana","Newton County","10391","18","Assigned Polling Place","No","Hand marked paper ballots and DREs without VVPAT","Optical Scan and DRE",
"1811300000","Indiana","Noble County","27608","29","Assigned Polling Place","No","DREs without VVPAT for all voters","DRE",
"1811500000","Indiana","Ohio County","4220","11","Assigned Polling Place","No","Hand marked paper ballots and DREs without VVPAT","Optical Scan and DRE",
"1811700000","Indiana","Orange County","14803","22","Assigned Polling Place","No","DREs without VVPAT for all voters","DRE",
"1811900000","Indiana","Owen County","13467","19","Assigned Polling Place","No","DREs without VVPAT for all voters","DRE",
"1812100000","Indiana","Parke County","12286","17","Assigned Polling Place","No","Hand marked paper ballots and DREs without VVPAT","Optical Scan and DRE",
"1812300000","Indiana","Perry County","13742","21","Assigned Polling Place","No","DREs without VVPAT for all voters","DRE",
"1812500000","Indiana","Pike County","9040","18","Assigned Polling Place","No","DREs without VVPAT for all voters","DRE",
"1812700000","Indiana","Porter County","98599","130","Assigned Polling Place","No","Hand marked paper ballots and BMDs","Optical Scan",
"1812900000","Indiana","Posey County","17551","33","Assigned Polling Place","No","DREs without VVPAT for all voters","DRE",
"1813100000","Indiana","Pulaski County","9047","15","Assigned Polling Place","No","DREs without VVPAT for all voters","DRE",
"1813300000","Indiana","Putnam County","22028","29","Assigned Polling Place","No","DREs without VVPAT for all voters","DRE",
"1813500000","Indiana","Randolph County","16047","18","Assigned Polling Place","No","DREs without VVPAT for all voters","DRE",
"1813700000","Indiana","Ripley County","19375","27","Assigned Polling Place","No","Hand marked paper ballots and DREs without VVPAT","Optical Scan and DRE",
"1813900000","Indiana","Rush County","11588","21","Assigned Polling Place","No","DREs without VVPAT for all voters","DRE",
"1814300000","Indiana","Scott County","18086","16","Assigned Polling Place","No","Hand marked paper ballots and DREs without VVPAT","Optical Scan and DRE",
"1814500000","Indiana","Shelby County","25867","40","Assigned Polling Place","No","DREs without VVPAT for all voters","DRE",
"1814700000","Indiana","Spencer County","14796","25","Assigned Polling Place","No","DREs without VVPAT for all voters","DRE",
"1814100000","Indiana","St. Joseph County","197661","230","Assigned Polling Place","No","Hand marked paper ballots and BMDs","Optical Scan",
"1814900000","Indiana","Starke County","16136","21","Assigned Polling Place","No","DREs without VVPAT for all voters","DRE",
"1815100000","Indiana","Steuben County","16804","19","Assigned Polling Place","No","Hand marked paper ballots and DREs without VVPAT","Optical Scan and DRE",
"1815300000","Indiana","Sullivan County","13877","20","Assigned Polling Place","No","DREs without VVPAT for all voters","DRE",
"1815500000","Indiana","Switzerland County","6183","12","Assigned Polling Place","No","Hand marked paper ballots and DREs without VVPAT","Optical Scan and DRE",
"1815700000","Indiana","Tippecanoe County","92898","96","Vote Center","No","DREs without VVPAT for all voters","DRE",
"1815900000","Indiana","Tipton County","12587","18","Assigned Polling Place","No","DREs without VVPAT for all voters","DRE",
"1816100000","Indiana","Union County","5509","10","Assigned Polling Place","No","Hand marked paper ballots and DREs without VVPAT","Optical Scan and DRE",
"1816300000","Indiana","Vanderburgh County","135985","134","Assigned Polling Place","No","DREs without VVPAT for all voters","DRE",
"1816500000","Indiana","Vermillion County","10703","17","Assigned Polling Place","No","Hand marked paper ballots and DREs without VVPAT","Optical Scan and DRE",
"1816700000","Indiana","Vigo County","70778","89","Assigned Polling Place","No","Hand marked paper ballots and DREs without VVPAT","Optical Scan and DRE",
"1816900000","Indiana","Wabash County","21638","25","Assigned Polling Place","No","DREs without VVPAT for all voters","DRE",
"1817100000","Indiana","Warren County","6269","13","Assigned Polling Place","No","DREs without VVPAT for all voters","DRE",
"1817300000","Indiana","Warrick County","46487","59","Assigned Polling Place","No","DREs without VVPAT for all voters","DRE",
"1817500000","Indiana","Washington County","18500","22","Assigned Polling Place","No","Hand marked paper ballots and DREs without VVPAT","Optical Scan and DRE",
"1817700000","Indiana","Wayne County","42564","63","Vote Center","No","DREs without VVPAT for all voters","DRE",
"1817900000","Indiana","Wells County","15942","22","Assigned Polling Place","No","DREs without VVPAT for all voters","DRE",
"1818100000","Indiana","White County","16720","24","Assigned Polling Place","No","Hand marked paper ballots and DREs without VVPAT","Optical Scan and DRE",
"1818300000","Indiana","Whitley County","20161","34","Assigned Polling Place","No","DREs without VVPAT for all voters","DRE",
"1900100000","Iowa","Adair County","5410","6","Assigned Polling Place","No","Hand marked paper ballots and BMDs","Optical Scan",
"1900300000","Iowa","Adams County","3217","12","Assigned Polling Place","No","Hand marked paper ballots and BMDs","Optical Scan",
"1900500000","Iowa","Allamakee County","9751","12","Assigned Polling Place","No","Hand marked paper ballots and BMDs","Optical Scan",
"1900700000","Iowa","Appanoose County","8884","14","Assigned Polling Place","No","Hand marked paper ballots and BMDs","Optical Scan",
"1900900000","Iowa","Audubon County","4601","5","Assigned Polling Place","No","Hand marked paper ballots and BMDs","Optical Scan",
"1901100000","Iowa","Benton County","17043","20","Assigned Polling Place","No","Hand marked paper ballots and BMDs","Optical Scan",
"1901300000","Iowa","Black Hawk County","80919","64","Assigned Polling Place","No","Hand marked paper ballots and BMDs","Optical Scan",
"1901500000","Iowa","Boone County","18368","17","Assigned Polling Place","No","Hand marked paper ballots and BMDs","Optical Scan",
"1901700000","Iowa","Bremer County","16879","17","Assigned Polling Place","No","Hand marked paper ballots and BMDs","Optical Scan",
"1901900000","Iowa","Buchanan County","13656","16","Assigned Polling Place","No","Hand marked paper ballots and BMDs","Optical Scan",
"1902100000","Iowa","Buena Vista County","11943","14","Assigned Polling Place","No","Hand marked paper ballots and BMDs","Optical Scan",
"1902300000","Iowa","Butler County","9697","13","Assigned Polling Place","No","Hand marked paper ballots and BMDs","Optical Scan",
"1902500000","Iowa","Calhoun County","7022","12","Assigned Polling Place","No","Hand marked paper ballots and BMDs","Optical Scan",
"1902700000","Iowa","Carroll County","14473","14","Assigned Polling Place","No","Hand marked paper ballots and BMDs","Optical Scan",
"1902900000","Iowa","Cass County","10161","14","Assigned Polling Place","No","Hand marked paper ballots and BMDs","Optical Scan",
"1903100000","Iowa","Cedar County","12103","12","Assigned Polling Place","No","Hand marked paper ballots and BMDs","Optical Scan",
"1903300000","Iowa","Cerro Gordo County","31135","27","Assigned Polling Place","No","Hand marked paper ballots and BMDs","Optical Scan",
"1903500000","Iowa","Cherokee County","8502","8","Assigned Polling Place","No","Hand marked paper ballots and BMDs","Optical Scan",
"1903700000","Iowa","Chickasaw County","9075","14","Assigned Polling Place","No","Hand marked paper ballots and BMDs","Optical Scan",
"1903900000","Iowa","Clarke County","6017","8","Assigned Polling Place","No","Hand marked paper ballots and BMDs","Optical Scan",
"1904100000","Iowa","Clay County","11986","14","Assigned Polling Place","No","Hand marked paper ballots and BMDs","Optical Scan",
"1904300000","Iowa","Clayton County","11876","15","Assigned Polling Place","No","Hand marked paper ballots and BMDs","Optical Scan",
"1904500000","Iowa","Clinton County","31446","31","Assigned Polling Place","No","Hand marked paper ballots and BMDs","Optical Scan",
"1904700000","Iowa","Crawford County","9878","16","Assigned Polling Place","No","Hand marked paper ballots and BMDs","Optical Scan",
"1904900000","Iowa","Dallas County","40072","28","Assigned Polling Place","No","Hand marked paper ballots and BMDs","Optical Scan",
"1905100000","Iowa","Davis County","5141","9","Assigned Polling Place","No","Hand marked paper ballots and BMDs","Optical Scan",
"1905300000","Iowa","Decatur County","5881","14","Assigned Polling Place","No","Hand marked paper ballots and BMDs","Optical Scan",
"1905500000","Iowa","Delaware County","12255","15","Assigned Polling Place","No","Hand marked paper ballots and BMDs","Optical Scan",
"1905700000","Iowa","Des Moines County","26955","20","Assigned Polling Place","No","Hand marked paper ballots and BMDs","Optical Scan",
"1905900000","Iowa","Dickinson County","12530","11","Assigned Polling Place","No","Hand marked paper ballots and BMDs","Optical Scan",
"1906100000","Iowa","Dubuque County","60627","40","Assigned Polling Place","No","Hand marked paper ballots and BMDs","Optical Scan",
"1906300000","Iowa","Emmet County","7248","12","Assigned Polling Place","No","Hand marked paper ballots and BMDs","Optical Scan",
"1906500000","Iowa","Fayette County","13444","26","Assigned Polling Place","No","Hand marked paper ballots and BMDs","Optical Scan",
"1906700000","Iowa","Floyd County","10662","10","Assigned Polling Place","No","Hand marked paper ballots and BMDs","Optical Scan",
"1906900000","Iowa","Franklin County","7007","15","Assigned Polling Place","No","Hand marked paper ballots and BMDs","Optical Scan",
"1907100000","Iowa","Fremont County","5919","9","Assigned Polling Place","No","Hand marked paper ballots and BMDs","Optical Scan",
"1907300000","Iowa","Greene County","6870","8","Assigned Polling Place","No","Hand marked paper ballots and BMDs","Optical Scan",
"1907500000","Iowa","Grundy County","8762","8","Assigned Polling Place","No","Hand marked paper ballots and BMDs","Optical Scan",
"1907700000","Iowa","Guthrie County","7819","9","Assigned Polling Place","No","Hand marked paper ballots and BMDs","Optical Scan",
"1907900000","Iowa","Hamilton County","10820","14","Assigned Polling Place","No","Hand marked paper ballots and BMDs","Optical Scan",
"1908100000","Iowa","Hancock County","8214","11","Assigned Polling Place","No","Hand marked paper ballots and BMDs","Optical Scan",
"1908300000","Iowa","Hardin County","11587","9","Assigned Polling Place","No","Hand marked paper ballots and BMDs","Optical Scan",
"1908500000","Iowa","Harrison County","9254","14","Assigned Polling Place","No","Hand marked paper ballots and BMDs","Optical Scan",
"1908700000","Iowa","Henry County","13702","10","Assigned Polling Place","No","Hand marked paper ballots and BMDs","Optical Scan",
"1908900000","Iowa","Howard County","5881","11","Assigned Polling Place","No","Hand marked paper ballots and BMDs","Optical Scan",
"1909100000","Iowa","Humboldt County","6837","12","Assigned Polling Place","No","Hand marked paper ballots and BMDs","Optical Scan",
"1909300000","Iowa","Ida County","5208","8","Assigned Polling Place","No","Hand marked paper ballots and BMDs","Optical Scan",
"1909500000","Iowa","Iowa County","11553","12","Assigned Polling Place","No","Hand marked paper ballots and BMDs","Optical Scan",
"1909700000","Iowa","Jackson County","14537","17","Assigned Polling Place","No","Hand marked paper ballots and BMDs","Optical Scan",
"1909900000","Iowa","Jasper County","25576","22","Assigned Polling Place","No","Hand marked paper ballots and BMDs","Optical Scan",
"1910100000","Iowa","Jefferson County","12529","13","Assigned Polling Place","No","Hand marked paper ballots and BMDs","Optical Scan",
"1910300000","Iowa","Johnson County","91844","58","Assigned Polling Place","No","Hand marked paper ballots and BMDs","Optical Scan",
"1910500000","Iowa","Jones County","13079","18","Assigned Polling Place","No","Hand marked paper ballots and BMDs","Optical Scan",
"1910700000","Iowa","Keokuk County","7174","17","Assigned Polling Place","No","Hand marked paper ballots and BMDs","Optical Scan",
"1910900000","Iowa","Kossuth County","11886","23","Assigned Polling Place","No","Hand marked paper ballots and BMDs","Optical Scan",
"1911100000","Iowa","Lee County","22813","23","Assigned Polling Place","No","Hand marked paper ballots and BMDs","Optical Scan",
"1911300000","Iowa","Linn County","139915","87","Assigned Polling Place","No","Hand marked paper ballots and BMDs","Optical Scan",
"1911500000","Iowa","Louisa County","7404","9","Assigned Polling Place","No","Hand marked paper ballots and BMDs","Optical Scan",
"1911700000","Iowa","Lucas County","6038","9","Assigned Polling Place","No","Hand marked paper ballots and BMDs","Optical Scan",
"1911900000","Iowa","Lyon County","8338","9","Assigned Polling Place","No","Hand marked paper ballots and BMDs","Optical Scan",
"1912100000","Iowa","Madison County","10992","11","Assigned Polling Place","No","Hand marked paper ballots and BMDs","Optical Scan",
"1912300000","Iowa","Mahaska County","14695","12","Assigned Polling Place","No","Hand marked paper ballots and BMDs","Optical Scan",
"1912500000","Iowa","Marion County","22660","18","Assigned Polling Place","No","Hand marked paper ballots and BMDs","Optical Scan",
"1912700000","Iowa","Marshall County","26700","20","Assigned Polling Place","No","Hand marked paper ballots and BMDs","Optical Scan",
"1912900000","Iowa","Mills County","9891","12","Assigned Polling Place","No","Hand marked paper ballots and BMDs","Optical Scan",
"1913100000","Iowa","Mitchell County","7127","15","Assigned Polling Place","No","Hand marked paper ballots and BMDs","Optical Scan",
"1913300000","Iowa","Monona County","6507","12","Assigned Polling Place","No","Hand marked paper ballots and BMDs","Optical Scan",
"1913500000","Iowa","Monroe County","5019","8","Assigned Polling Place","No","Hand marked paper ballots and BMDs","Optical Scan",
"1913700000","Iowa","Montgomery County","7390","8","Assigned Polling Place","No","Hand marked paper ballots and BMDs","Optical Scan",
"1913900000","Iowa","Muscatine County","27647","26","Assigned Polling Place","No","Hand marked paper ballots and BMDs","Optical Scan",
"1914100000","Iowa","O'Brien County","10210","10","Assigned Polling Place","No","Hand marked paper ballots and BMDs","Optical Scan",
"1914300000","Iowa","Osceola County","4491","10","Assigned Polling Place","No","Hand marked paper ballots and BMDs","Optical Scan",
"1914500000","Iowa","Page County","10599","12","Assigned Polling Place","No","Hand marked paper ballots and BMDs","Optical Scan",
"1914700000","Iowa","Palo Alto County","6556","11","Assigned Polling Place","No","Hand marked paper ballots and BMDs","Optical Scan",
"1914900000","Iowa","Plymouth County","16986","14","Assigned Polling Place","No","Hand marked paper ballots and BMDs","Optical Scan",
"1915100000","Iowa","Pocahontas County","5648","12","Assigned Polling Place","No","Hand marked paper ballots and BMDs","Optical Scan",
"1915300000","Iowa","Polk County","271081","184","Assigned Polling Place","No","Hand marked paper ballots and BMDs","Optical Scan",
"1915500000","Iowa","Pottawattamie County","56299","42","Assigned Polling Place","No","Hand marked paper ballots and BMDs","Optical Scan",
"1915700000","Iowa","Poweshiek County","13367","11","Assigned Polling Place","No","Hand marked paper ballots and BMDs","Optical Scan",
"1915900000","Iowa","Ringgold County","3207","8","Assigned Polling Place","No","Hand marked paper ballots and BMDs","Optical Scan",
"1916100000","Iowa","Sac County","7557","10","Assigned Polling Place","No","Hand marked paper ballots and BMDs","Optical Scan",
"1916300000","Iowa","Scott County","112153","64","Assigned Polling Place","No","Hand marked paper ballots and BMDs","Optical Scan",
"1916500000","Iowa","Shelby County","8614","10","Assigned Polling Place","No","Hand marked paper ballots and BMDs","Optical Scan",
"1916700000","Iowa","Sioux County","20659","20","Assigned Polling Place","No","Hand marked paper ballots and BMDs","Optical Scan",
"1916900000","Iowa","Story County","59009","44","Assigned Polling Place","No","Hand marked paper ballots and BMDs","Optical Scan",
"1917100000","Iowa","Tama County","11798","17","Assigned Polling Place","No","Hand marked paper ballots and BMDs","Optical Scan",
"1917300000","Iowa","Taylor County","4394","9","Assigned Polling Place","No","Hand marked paper ballots and BMDs","Optical Scan",
"1917500000","Iowa","Union County","8097","10","Assigned Polling Place","No","Hand marked paper ballots and BMDs","Optical Scan",
"1917700000","Iowa","Van Buren County","5053","9","Assigned Polling Place","No","Hand marked paper ballots and BMDs","Optical Scan",
"1917900000","Iowa","Wapello County","22697","22","Assigned Polling Place","No","Hand marked paper ballots and BMDs","Optical Scan",
"1918100000","Iowa","Warren County","30130","26","Assigned Polling Place","No","Hand marked paper ballots and BMDs","Optical Scan",
"1918300000","Iowa","Washington County","13205","11","Assigned Polling Place","No","Hand marked paper ballots and BMDs","Optical Scan",
"1918500000","Iowa","Wayne County","3933","5","Assigned Polling Place","No","Hand marked paper ballots and BMDs","Optical Scan",
"1918700000","Iowa","Webster County","24673","30","Assigned Polling Place","No","Hand marked paper ballots and BMDs","Optical Scan",
"1918900000","Iowa","Winnebago County","7359","12","Assigned Polling Place","No","Hand marked paper ballots and BMDs","Optical Scan",
"1919100000","Iowa","Winneshiek County","14416","15","Assigned Polling Place","No","Hand marked paper ballots and BMDs","Optical Scan",
"1919300000","Iowa","Woodbury County","58970","45","Assigned Polling Place","No","Hand marked paper ballots and BMDs","Optical Scan",
"1919500000","Iowa","Worth County","5458","10","Assigned Polling Place","No","Hand marked paper ballots and BMDs","Optical Scan",
"1919700000","Iowa","Wright County","9231","13","Assigned Polling Place","No","Hand marked paper ballots and BMDs","Optical Scan",
"2000100000","Kansas","Allen County","7657","21","Assigned Polling Place","No","Hand marked paper ballots and BMDs","Optical Scan",
"2000300000","Kansas","Anderson County","5156","19","Assigned Polling Place","No","Hand marked paper ballots and DREs without VVPAT","Optical Scan and DRE",
"2000500000","Kansas","Atchison County","10105","17","Assigned Polling Place","No","Hand marked paper ballots and BMDs","Optical Scan",
"2000700000","Kansas","Barber County","3513","22","Assigned Polling Place","No","Hand marked paper ballots and DREs without VVPAT","Optical Scan and DRE",
"2000900000","Kansas","Barton County","16197","40","Assigned Polling Place","No","DREs without VVPAT for all voters","DRE",
"2001100000","Kansas","Bourbon County","9880","20","Assigned Polling Place","No","Hand marked paper ballots and BMDs","Optical Scan",
"2001300000","Kansas","Brown County","5990","18","Assigned Polling Place","No","Hand marked paper ballots and BMDs","Optical Scan",
"2001500000","Kansas","Butler County","36031","52","Assigned Polling Place","No","DREs without VVPAT for all voters","DRE",
"2001700000","Kansas","Chase County","1791","11","Assigned Polling Place","No","Hand marked paper ballots and BMDs","Optical Scan",
"2001900000","Kansas","Chautauqua County","1844","14","Assigned Polling Place","No","Hand marked paper ballots and BMDs","Optical Scan",
"2002100000","Kansas","Cherokee County","14112","39","Assigned Polling Place","No","Hand marked paper ballots and BMDs","Optical Scan",
"2002300000","Kansas","Cheyenne County","1924","9","Assigned Polling Place","No","Hand marked paper ballots and BMDs","Hand Count",
"2002500000","Kansas","Clark County","1456","7","Assigned Polling Place","No","Hand marked paper ballots and DREs without VVPAT","Optical Scan and DRE",
"2002700000","Kansas","Clay County","5528","22","Assigned Polling Place","No","DREs without VVPAT for all voters","DRE",
"2002900000","Kansas","Cloud County","5722","26","Assigned Polling Place","No","Hand marked paper ballots and BMDs","Optical Scan",
"2003100000","Kansas","Coffey County","5593","17","Assigned Polling Place","No","DREs with VVPAT for all voters","DRE",
"2003300000","Kansas","Comanche County","1242","4","Assigned Polling Place","No","Hand marked paper ballots and DREs without VVPAT","Hand Count and DRE",
"2003500000","Kansas","Cowley County","19312","60","Assigned Polling Place","No","DREs without VVPAT for all voters","DRE",
"2003700000","Kansas","Crawford County","20608","50","Assigned Polling Place","No","Hand marked paper ballots and BMDs","Optical Scan",
"2003900000","Kansas","Decatur County","1951","27","Assigned Polling Place","No","Hand marked paper ballots and BMDs","Hand Count",
"2004100000","Kansas","Dickinson County","12202","32","Assigned Polling Place","No","Hand marked paper ballots and BMDs","Optical Scan",
"2004300000","Kansas","Doniphan County","5933","13","Assigned Polling Place","No","Hand marked paper ballots and BMDs","Optical Scan",
"2004500000","Kansas","Douglas County","71890","67","Assigned Polling Place","No","Hand marked paper ballots and BMDs","Optical Scan",
"2004700000","Kansas","Edwards County","1715","15","Assigned Polling Place","No","Hand marked paper ballots and BMDs","Optical Scan",
"2004900000","Kansas","Elk County","1852","10","Assigned Polling Place","No","Hand marked paper ballots and BMDs","Optical Scan",
"2005100000","Kansas","Ellis County","16049","31","Assigned Polling Place","No","DREs without VVPAT for all voters","DRE",
"2005300000","Kansas","Ellsworth County","3985","25","Assigned Polling Place","No","Hand marked paper ballots and BMDs","Optical Scan",
"2005500000","Kansas","Finney County","14067","29","Assigned Polling Place","No","Hand marked paper ballots and BMDs","Optical Scan",
"2005700000","Kansas","Ford County","13788","27","Assigned Polling Place","No","DREs without VVPAT for all voters","DRE",
"2005900000","Kansas","Franklin County","15773","25","Assigned Polling Place","No","Hand marked paper ballots and BMDs","Optical Scan",
"2006100000","Kansas","Geary County","11206","38","Assigned Polling Place","No","DREs without VVPAT for all voters","DRE",
"2006300000","Kansas","Gove County","1826","9","Assigned Polling Place","No","Hand marked paper ballots and BMDs","Hand Count",
"2006500000","Kansas","Graham County","2005","16","Assigned Polling Place","No","Hand marked paper ballots and BMDs","Optical Scan",
"2006700000","Kansas","Grant County","3934","5","Assigned Polling Place","No","Hand marked paper ballots and DREs without VVPAT","Optical Scan and DRE",
"2006900000","Kansas","Gray County","2664","8","Assigned Polling Place","No","Hand marked paper ballots and BMDs","Optical Scan",
"2007100000","Kansas","Greeley County","898","4","Assigned Polling Place","No","Hand marked paper ballots and DREs without VVPAT","Optical Scan and DRE",
"2007300000","Kansas","Greenwood County","4831","18","Assigned Polling Place","No","Hand marked paper ballots and BMDs","Optical Scan",
"2007500000","Kansas","Hamilton County","1427","12","Assigned Polling Place","No","Hand marked paper ballots and DREs with VVPAT","Optical Scan and DRE",
"2007700000","Kansas","Harper County","4069","15","Assigned Polling Place","No","DREs without VVPAT for all voters","DRE",
"2007900000","Kansas","Harvey County","20533","33","Assigned Polling Place","No","Hand marked paper ballots and DREs without VVPAT","Optical Scan and DRE",
"2008100000","Kansas","Haskell County","2266","8","Assigned Polling Place","No","Hand marked paper ballots and BMDs","Optical Scan",
"2008300000","Kansas","Hodgeman County","1476","11","Assigned Polling Place","No","Hand marked paper ballots and DREs with VVPAT","Optical Scan and DRE",
"2008500000","Kansas","Jackson County","8323","18","Assigned Polling Place","No","Hand marked paper ballots and BMDs","Optical Scan",
"2008700000","Kansas","Jefferson County","12669","13","Assigned Polling Place","No","Hand marked paper ballots and DREs without VVPAT","Optical Scan and DRE",
"2008900000","Kansas","Jewell County","2421","25","Assigned Polling Place","No","Hand marked paper ballots and DREs with VVPAT","Hand Count and DRE",
"2009100000","Kansas","Johnson County","325506","450","Assigned Polling Place","No","DREs without VVPAT for all voters","DRE",
"2009300000","Kansas","Kearny County","2002","10","Assigned Polling Place","No","Hand marked paper ballots and DREs without VVPAT","Optical Scan and DRE",
"2009500000","Kansas","Kingman County","5524","27","Assigned Polling Place","No","DREs with VVPAT for all voters","DRE",
"2009700000","Kansas","Kiowa County","1786","5","Assigned Polling Place","No","Hand marked paper ballots and BMDs","Optical Scan",
"2009900000","Kansas","Labette County","15772","36","Assigned Polling Place","No","Hand marked paper ballots and BMDs","Optical Scan",
"2010100000","Kansas","Lane County","1277","10","Assigned Polling Place","No","Hand marked paper ballots and BMDs","Optical Scan",
"2010300000","Kansas","Leavenworth County","35506","47","Assigned Polling Place","No","DREs without VVPAT for all voters","DRE",
"2010500000","Kansas","Lincoln County","1986","22","Assigned Polling Place","No","DREs with VVPAT for all voters","DRE",
"2010700000","Kansas","Linn County","5693","13","Assigned Polling Place","No","Hand marked paper ballots and BMDs","Optical Scan",
"2010900000","Kansas","Logan County","1703","12","Assigned Polling Place","No","Hand marked paper ballots and BMDs","Optical Scan",
"2011100000","Kansas","Lyon County","19415","38","Assigned Polling Place","No","DREs without VVPAT for all voters","DRE",
"2011500000","Kansas","Marion County","7140","31","Assigned Polling Place","No","Hand marked paper ballots and BMDs","Optical Scan",
"2011700000","Kansas","Marshall County","7015","31","Assigned Polling Place","No","Hand marked paper ballots and BMDs","Optical Scan",
"2011300000","Kansas","McPherson County","17294","33","Assigned Polling Place","No","Hand marked paper ballots and BMDs","Optical Scan",
"2011900000","Kansas","Meade County","2761","9","Assigned Polling Place","No","Hand marked paper ballots and DREs without VVPAT","Optical Scan and DRE",
"2012100000","Kansas","Miami County","19140","34","Assigned Polling Place","No","DREs without VVPAT for all voters","DRE",
"2012300000","Kansas","Mitchell County","3956","25","Assigned Polling Place","No","Hand marked paper ballots and DREs without VVPAT","Hand Count and DRE",
"2012500000","Kansas","Montgomery County","18565","48","Assigned Polling Place","No","Hand marked paper ballots and BMDs","Optical Scan",
"2012700000","Kansas","Morris County","3761","15","Assigned Polling Place","No","Hand marked paper ballots and DREs without VVPAT","Hand Count and DRE",
"2012900000","Kansas","Morton County","2232","11","Assigned Polling Place","No","Hand marked paper ballots and BMDs","Optical Scan",
"2013100000","Kansas","Nemaha County","7474","30","Assigned Polling Place","No","Hand marked paper ballots and BMDs","Optical Scan",
"2013300000","Kansas","Neosho County","11851","24","Assigned Polling Place","No","Hand marked paper ballots and BMDs","Optical Scan",
"2013500000","Kansas","Ness County","2046","11","Assigned Polling Place","No","Hand marked paper ballots and BMDs","Optical Scan",
"2013700000","Kansas","Norton County","3712","12","Assigned Polling Place","No","Hand marked paper ballots and BMDs","Optical Scan",
"2013900000","Kansas","Osage County","10647","24","Assigned Polling Place","No","Hand marked paper ballots and BMDs","Optical Scan",
"2014100000","Kansas","Osborne County","2708","30","Assigned Polling Place","No","Hand marked paper ballots and BMDs","Optical Scan",
"2014300000","Kansas","Ottawa County","4096","24","Assigned Polling Place","No","Hand marked paper ballots and DREs without VVPAT","Optical Scan and DRE",
"2014500000","Kansas","Pawnee County","3690","25","Assigned Polling Place","No","Hand marked paper ballots and BMDs","Optical Scan",
"2014700000","Kansas","Phillips County","3907","28","Assigned Polling Place","No","Hand marked paper ballots and BMDs","Optical Scan",
"2014900000","Kansas","Pottawatomie County","11987","27","Assigned Polling Place","No","Hand marked paper ballots and BMDs","Optical Scan",
"2015100000","Kansas","Pratt County","6307","12","Assigned Polling Place","No","Hand marked paper ballots and DREs without VVPAT","Optical Scan and DRE",
"2015300000","Kansas","Rawlins County","2003","17","Assigned Polling Place","No","Hand marked paper ballots and BMDs","Optical Scan",
"2015500000","Kansas","Reno County","38084","79","Assigned Polling Place","No","Hand marked paper ballots and DREs without VVPAT","Optical Scan and DRE",
"2015700000","Kansas","Republic County","3588","23","Assigned Polling Place","No","Hand marked paper ballots and BMDs","Optical Scan",
"2015900000","Kansas","Rice County","5331","26","Assigned Polling Place","No","DREs without VVPAT for all voters","DRE",
"2016100000","Kansas","Riley County","27702","53","Assigned Polling Place","No","DREs without VVPAT for all voters","DRE",
"2016300000","Kansas","Rooks County","3547","14","Assigned Polling Place","No","Hand marked paper ballots and DREs without VVPAT","Optical Scan and DRE",
"2016500000","Kansas","Rush County","2380","13","Assigned Polling Place","No","Hand marked paper ballots and BMDs","Optical Scan",
"2016700000","Kansas","Russell County","3999","17","Assigned Polling Place","No","Hand marked paper ballots and BMDs","Optical Scan",
"2016900000","Kansas","Saline County","33394","53","Assigned Polling Place","No","DREs with VVPAT for all voters","DRE",
"2017100000","Kansas","Scott County","2954","11","Assigned Polling Place","No","Hand marked paper ballots and BMDs","Optical Scan",
"2017300000","Kansas","Sedgwick County","236021","251","Assigned Polling Place","No","Hand marked paper ballots and DREs with VVPAT","Optical Scan and DRE",
"2017500000","Kansas","Seward County","8092","22","Assigned Polling Place","No","DREs without VVPAT for all voters","DRE",
"2017700000","Kansas","Shawnee County","103243","224","Assigned Polling Place","No","Hand marked paper ballots and DREs without VVPAT","Optical Scan and DRE",
"2017900000","Kansas","Sheridan County","1713","15","Assigned Polling Place","No","Hand marked paper ballots and BMDs","Optical Scan",
"2018100000","Kansas","Sherman County","3431","18","Assigned Polling Place","No","Hand marked paper ballots and BMDs","Optical Scan",
"2018300000","Kansas","Smith County","2946","26","Assigned Polling Place","No","Hand marked paper ballots and BMDs","Optical Scan",
"2018500000","Kansas","Stafford County","2730","24","Assigned Polling Place","No","Hand marked paper ballots and BMDs","Optical Scan",
"2018700000","Kansas","Stanton County","1352","3","Assigned Polling Place","No","Hand marked paper ballots and DREs without VVPAT","Optical Scan and DRE",
"2018900000","Kansas","Stevens County","2919","12","Assigned Polling Place","No","Hand marked paper ballots and BMDs","Optical Scan",
"2019100000","Kansas","Sumner County","13435","41","Assigned Polling Place","No","DREs without VVPAT for all voters","DRE",
"2019300000","Kansas","Thomas County","4959","18","Assigned Polling Place","No","Hand marked paper ballots and BMDs","Optical Scan",
"2019500000","Kansas","Trego County","2076","11","Assigned Polling Place","No","Hand marked paper ballots and BMDs","Optical Scan",
"2019700000","Kansas","Wabaunsee County","4452","13","Assigned Polling Place","No","Hand marked paper ballots and DREs with VVPAT","Optical Scan and DRE",
"2019900000","Kansas","Wallace County","967","6","Assigned Polling Place","No","Hand marked paper ballots and DREs without VVPAT","Optical Scan and DRE",
"2020100000","Kansas","Washington County","3905","26","Assigned Polling Place","No","Hand marked paper ballots and BMDs","Optical Scan",
"2020300000","Kansas","Wichita County","1347","3","Assigned Polling Place","No","Hand marked paper ballots and BMDs","Optical Scan",
"2020500000","Kansas","Wilson County","5688","23","Assigned Polling Place","No","Hand marked paper ballots and DREs without VVPAT","Optical Scan and DRE",
"2020700000","Kansas","Woodson County","1927","9","Assigned Polling Place","No","Hand marked paper ballots and BMDs","Optical Scan",
"2020900000","Kansas","Wyandotte County","75870","111","Assigned Polling Place","No","Hand marked paper ballots and DREs without VVPAT","Optical Scan and DRE",
"2100100000","Kentucky","Adair County","12584","16","Assigned Polling Place","No","DREs without VVPAT for all voters","DRE",
"2100300000","Kentucky","Allen County","12439","13","Assigned Polling Place","No","Hand marked paper ballots and DREs without VVPAT","Optical Scan and DRE",
"2100500000","Kentucky","Anderson County","15507","14","Assigned Polling Place","No","DREs without VVPAT for all voters","DRE",
"2100700000","Kentucky","Ballard County","5999","13","Assigned Polling Place","No","Hand marked paper ballots and DREs without VVPAT","Optical Scan and DRE",
"2100900000","Kentucky","Barren County","27232","24","Assigned Polling Place","No","DREs without VVPAT for all voters","DRE",
"2101100000","Kentucky","Bath County","8697","12","Assigned Polling Place","No","DREs without VVPAT for all voters","DRE",
"2101300000","Kentucky","Bell County","20576","33","Assigned Polling Place","No","DREs without VVPAT for all voters","DRE",
"2101500000","Kentucky","Boone County","78084","60","Assigned Polling Place","No","DREs without VVPAT for all voters","DRE",
"2101700000","Kentucky","Bourbon County","13312","18","Assigned Polling Place","No","Hand marked paper ballots and DREs without VVPAT","Optical Scan and DRE",
"2101900000","Kentucky","Boyd County","35995","47","Assigned Polling Place","No","Hand marked paper ballots and DREs without VVPAT","Optical Scan and DRE",
"2102100000","Kentucky","Boyle County","19189","25","Assigned Polling Place","No","Hand marked paper ballots and DREs without VVPAT","Optical Scan and DRE",
"2102300000","Kentucky","Bracken County","6016","8","Assigned Polling Place","No","DREs without VVPAT for all voters","DRE",
"2102500000","Kentucky","Breathitt County","12116","21","Assigned Polling Place","No","DREs without VVPAT for all voters","DRE",
"2102700000","Kentucky","Breckinridge County","13995","15","Assigned Polling Place","No","Hand marked paper ballots and DREs without VVPAT","Optical Scan and DRE",
"2102900000","Kentucky","Bullitt County","49357","44","Assigned Polling Place","No","DREs without VVPAT for all voters","DRE",
"2103100000","Kentucky","Butler County","8780","12","Assigned Polling Place","No","Hand marked paper ballots and DREs without VVPAT","Optical Scan and DRE",
"2103300000","Kentucky","Caldwell County","9583","13","Assigned Polling Place","No","DREs without VVPAT for all voters","DRE",
"2103500000","Kentucky","Calloway County","24759","30","Assigned Polling Place","No","DREs without VVPAT for all voters","DRE",
"2103700000","Kentucky","Campbell County","60400","66","Assigned Polling Place","No","DREs without VVPAT for all voters","DRE",
"2103900000","Kentucky","Carlisle County","3915","6","Assigned Polling Place","No","Hand marked paper ballots and DREs without VVPAT","Optical Scan and DRE",
"2104100000","Kentucky","Carroll County","7215","11","Assigned Polling Place","No","DREs without VVPAT for all voters","DRE",
"2104300000","Kentucky","Carter County","18928","23","Assigned Polling Place","No","DREs without VVPAT for all voters","DRE",
"2104500000","Kentucky","Casey County","10788","15","Assigned Polling Place","No","DREs without VVPAT for all voters","DRE",
"2104700000","Kentucky","Christian County","39061","44","Assigned Polling Place","No","Hand marked paper ballots and DREs without VVPAT","Optical Scan and DRE",
"2104900000","Kentucky","Clark County","24610","26","Assigned Polling Place","No","DREs without VVPAT for all voters","DRE",
"2105100000","Kentucky","Clay County","15246","20","Assigned Polling Place","No","DREs without VVPAT for all voters","DRE",
"2105300000","Kentucky","Clinton County","7229","13","Assigned Polling Place","No","DREs without VVPAT for all voters","DRE",
"2105500000","Kentucky","Crittenden County","6314","12","Assigned Polling Place","No","DREs without VVPAT for all voters","DRE",
"2105700000","Kentucky","Cumberland County","5423","9","Assigned Polling Place","No","DREs without VVPAT for all voters","DRE",
"2105900000","Kentucky","Daviess County","64712","85","Assigned Polling Place","No","Hand marked paper ballots and DREs without VVPAT","Optical Scan and DRE",
"2106100000","Kentucky","Edmonson County","8694","10","Assigned Polling Place","No","Hand marked paper ballots and DREs without VVPAT","Optical Scan and DRE",
"2106300000","Kentucky","Elliott County","5039","7","Assigned Polling Place","No","DREs without VVPAT for all voters","DRE",
"2106500000","Kentucky","Estill County","10145","15","Assigned Polling Place","No","DREs without VVPAT for all voters","DRE",
"2106700000","Kentucky","Fayette County","179614","274","Assigned Polling Place","No","DREs without VVPAT for all voters","DRE",
"2106900000","Kentucky","Fleming County","10175","18","Assigned Polling Place","No","DREs without VVPAT for all voters","DRE",
"2107100000","Kentucky","Floyd County","31256","42","Assigned Polling Place","No","DREs without VVPAT for all voters","DRE",
"2107300000","Kentucky","Franklin County","33681","44","Assigned Polling Place","No","DREs without VVPAT for all voters","DRE",
"2107500000","Kentucky","Fulton County","5167","13","Assigned Polling Place","No","Hand marked paper ballots and DREs without VVPAT","Optical Scan and DRE",
"2107700000","Kentucky","Gallatin County","5693","8","Assigned Polling Place","No","Hand marked paper ballots and DREs without VVPAT","Optical Scan and DRE",
"2107900000","Kentucky","Garrard County","11478","13","Assigned Polling Place","No","Hand marked paper ballots and DREs without VVPAT","Optical Scan and DRE",
"2108100000","Kentucky","Grant County","15289","23","Assigned Polling Place","No","DREs without VVPAT for all voters","DRE",
"2108300000","Kentucky","Graves County","23690","30","Assigned Polling Place","No","Hand marked paper ballots and DREs without VVPAT","Optical Scan and DRE",
"2108500000","Kentucky","Grayson County","17467","23","Assigned Polling Place","No","Hand marked paper ballots and DREs without VVPAT","Optical Scan and DRE",
"2108700000","Kentucky","Green County","8329","10","Assigned Polling Place","No","DREs without VVPAT for all voters","DRE",
"2108900000","Kentucky","Greenup County","27303","32","Assigned Polling Place","No","DREs without VVPAT for all voters","DRE",
"2109100000","Kentucky","Hancock County","6064","10","Assigned Polling Place","No","Hand marked paper ballots and DREs without VVPAT","Optical Scan and DRE",
"2109300000","Kentucky","Hardin County","63583","55","Assigned Polling Place","No","Hand marked paper ballots and DREs without VVPAT","Optical Scan and DRE",
"2109500000","Kentucky","Harlan County","20510","35","Assigned Polling Place","No","DREs without VVPAT for all voters","DRE",
"2109700000","Kentucky","Harrison County","12504","17","Assigned Polling Place","No","DREs without VVPAT for all voters","DRE",
"2109900000","Kentucky","Hart County","12438","19","Assigned Polling Place","No","DREs without VVPAT for all voters","DRE",
"2110100000","Kentucky","Henderson County","30589","42","Assigned Polling Place","No","Hand marked paper ballots and DREs without VVPAT","Optical Scan and DRE",
"2110300000","Kentucky","Henry County","10831","20","Assigned Polling Place","No","Hand marked paper ballots and DREs without VVPAT","Optical Scan and DRE",
"2110500000","Kentucky","Hickman County","3621","6","Assigned Polling Place","No","DREs without VVPAT for all voters","DRE",
"2110700000","Kentucky","Hopkins County","31379","40","Assigned Polling Place","No","DREs without VVPAT for all voters","DRE",
"2110900000","Kentucky","Jackson County","9692","14","Assigned Polling Place","No","DREs without VVPAT for all voters","DRE",
"2111100000","Kentucky","Jefferson County","499520","522","Assigned Polling Place","No","Hand marked paper ballots and DREs without VVPAT","Optical Scan and DRE",
"2111300000","Kentucky","Jessamine County","31655","37","Assigned Polling Place","No","DREs without VVPAT for all voters","DRE",
"2111500000","Kentucky","Johnson County","16791","31","Assigned Polling Place","No","DREs without VVPAT for all voters","DRE",
"2111700000","Kentucky","Kenton County","108068","108","Assigned Polling Place","No","DREs without VVPAT for all voters","DRE",
"2111900000","Kentucky","Knott County","11951","30","Assigned Polling Place","No","DREs without VVPAT for all voters","DRE",
"2112100000","Kentucky","Knox County","22353","30","Assigned Polling Place","No","DREs without VVPAT for all voters","DRE",
"2112300000","Kentucky","Larue County","9959","12","Assigned Polling Place","No","DREs without VVPAT for all voters","DRE",
"2112500000","Kentucky","Laurel County","40349","45","Assigned Polling Place","No","DREs without VVPAT for all voters","DRE",
"2112700000","Kentucky","Lawrence County","11394","18","Assigned Polling Place","No","DREs without VVPAT for all voters","DRE",
"2112900000","Kentucky","Lee County","5286","10","Assigned Polling Place","No","DREs without VVPAT for all voters","DRE",
"2113100000","Kentucky","Leslie County","9147","17","Assigned Polling Place","No","DREs without VVPAT for all voters","DRE",
"2113300000","Kentucky","Letcher County","16568","32","Assigned Polling Place","No","DREs without VVPAT for all voters","DRE",
"2113500000","Kentucky","Lewis County","9775","14","Assigned Polling Place","No","DREs without VVPAT for all voters","DRE",
"2113700000","Kentucky","Lincoln County","16869","17","Assigned Polling Place","No","DREs without VVPAT for all voters","DRE",
"2113900000","Kentucky","Livingston County","7187","10","Assigned Polling Place","No","DREs without VVPAT for all voters","DRE",
"2114100000","Kentucky","Logan County","17011","20","Assigned Polling Place","No","Hand marked paper ballots and DREs without VVPAT","Optical Scan and DRE",
"2114300000","Kentucky","Lyon County","5863","6","Assigned Polling Place","No","DREs without VVPAT for all voters","DRE",
"2115100000","Kentucky","Madison County","52371","56","Assigned Polling Place","No","DREs without VVPAT for all voters","DRE",
"2115300000","Kentucky","Magoffin County","9858","14","Assigned Polling Place","No","DREs without VVPAT for all voters","DRE",
"2115500000","Kentucky","Marion County","12357","17","Assigned Polling Place","No","DREs without VVPAT for all voters","DRE",
"2115700000","Kentucky","Marshall County","22930","25","Assigned Polling Place","No","DREs without VVPAT for all voters","DRE",
"2115900000","Kentucky","Martin County","8927","14","Assigned Polling Place","No","DREs without VVPAT for all voters","DRE",
"2116100000","Kentucky","Mason County","12060","20","Assigned Polling Place","No","DREs without VVPAT for all voters","DRE",
"2114500000","Kentucky","McCracken County","47501","54","Assigned Polling Place","No","DREs without VVPAT for all voters","DRE",
"2114700000","Kentucky","McCreary County","11280","18","Assigned Polling Place","No","DREs without VVPAT for all voters","DRE",
"2114900000","Kentucky","McLean County","6635","8","Assigned Polling Place","No","Hand marked paper ballots and DREs without VVPAT","Optical Scan and DRE",
"2116300000","Kentucky","Meade County","17642","18","Assigned Polling Place","No","DREs without VVPAT for all voters","DRE",
"2116500000","Kentucky","Menifee County","5173","6","Assigned Polling Place","No","DREs without VVPAT for all voters","DRE",
"2116700000","Kentucky","Mercer County","16074","17","Assigned Polling Place","No","DREs without VVPAT for all voters","DRE",
"2116900000","Kentucky","Metcalfe County","7427","12","Assigned Polling Place","No","DREs without VVPAT for all voters","DRE",
"2117100000","Kentucky","Monroe County","8449","12","Assigned Polling Place","No","DREs without VVPAT for all voters","DRE",
"2117300000","Kentucky","Montgomery County","17665","18","Assigned Polling Place","No","DREs without VVPAT for all voters","DRE",
"2117500000","Kentucky","Morgan County","8982","12","Assigned Polling Place","No","DREs without VVPAT for all voters","DRE",
"2117700000","Kentucky","Muhlenberg County","22475","26","Assigned Polling Place","No","Hand marked paper ballots and DREs without VVPAT","Optical Scan and DRE",
"2117900000","Kentucky","Nelson County","28627","27","Assigned Polling Place","No","DREs without VVPAT for all voters","DRE",
"2118100000","Kentucky","Nicholas County","5341","5","Assigned Polling Place","No","DREs without VVPAT for all voters","DRE",
"2118300000","Kentucky","Ohio County","16314","25","Assigned Polling Place","No","Hand marked paper ballots and DREs without VVPAT","Optical Scan and DRE",
"2118500000","Kentucky","Oldham County","39811","34","Assigned Polling Place","No","DREs without VVPAT for all voters","DRE",
"2118700000","Kentucky","Owen County","7701","13","Assigned Polling Place","No","Hand marked paper ballots and DREs without VVPAT","Optical Scan and DRE",
"2118900000","Kentucky","Owsley County","3510","8","Assigned Polling Place","No","DREs without VVPAT for all voters","DRE",
"2119100000","Kentucky","Pendleton County","9841","12","Assigned Polling Place","No","DREs without VVPAT for all voters","DRE",
"2119300000","Kentucky","Perry County","20864","37","Assigned Polling Place","No","DREs without VVPAT for all voters","DRE",
"2119500000","Kentucky","Pike County","46337","57","Assigned Polling Place","No","DREs without VVPAT for all voters","DRE",
"2119700000","Kentucky","Powell County","9566","11","Assigned Polling Place","No","DREs without VVPAT for all voters","DRE",
"2119900000","Kentucky","Pulaski County","43078","57","Assigned Polling Place","No","DREs without VVPAT for all voters","DRE",
"2120100000","Kentucky","Robertson County","1708","5","Assigned Polling Place","No","DREs without VVPAT for all voters","DRE",
"2120300000","Kentucky","Rockcastle County","11615","14","Assigned Polling Place","No","DREs without VVPAT for all voters","DRE",
"2120500000","Kentucky","Rowan County","13759","18","Assigned Polling Place","No","DREs without VVPAT for all voters","DRE",
"2120700000","Kentucky","Russell County","12860","16","Assigned Polling Place","No","DREs without VVPAT for all voters","DRE",
"2120900000","Kentucky","Scott County","29205","35","Assigned Polling Place","No","Hand marked paper ballots and DREs without VVPAT","Optical Scan and DRE",
"2121100000","Kentucky","Shelby County","26273","33","Assigned Polling Place","No","Hand marked paper ballots and DREs without VVPAT","Optical Scan and DRE",
"2121300000","Kentucky","Simpson County","11787","13","Assigned Polling Place","No","DREs without VVPAT for all voters","DRE",
"2121500000","Kentucky","Spencer County","11420","11","Assigned Polling Place","No","DREs without VVPAT for all voters","DRE",
"2121700000","Kentucky","Taylor County","17023","20","Assigned Polling Place","No","Hand marked paper ballots and DREs without VVPAT","Optical Scan and DRE",
"2121900000","Kentucky","Todd County","7925","13","Assigned Polling Place","No","Hand marked paper ballots and DREs without VVPAT","Optical Scan and DRE",
"2122100000","Kentucky","Trigg County","10020","14","Assigned Polling Place","No","Hand marked paper ballots and DREs without VVPAT","Optical Scan and DRE",
"2122300000","Kentucky","Trimble County","6429","12","Assigned Polling Place","No","DREs without VVPAT for all voters","DRE",
"2122500000","Kentucky","Union County","9872","16","Assigned Polling Place","No","Hand marked paper ballots and DREs without VVPAT","Optical Scan and DRE",
"2122700000","Kentucky","Warren County","65079","63","Assigned Polling Place","No","Hand marked paper ballots and DREs without VVPAT","Optical Scan and DRE",
"2122900000","Kentucky","Washington County","8067","14","Assigned Polling Place","No","DREs without VVPAT for all voters","DRE",
"2123100000","Kentucky","Wayne County","13984","19","Assigned Polling Place","No","DREs without VVPAT for all voters","DRE",
"2123300000","Kentucky","Webster County","9241","14","Assigned Polling Place","No","Hand marked paper ballots and DREs without VVPAT","Optical Scan and DRE",
"2123500000","Kentucky","Whitley County","26132","36","Assigned Polling Place","No","DREs without VVPAT for all voters","DRE",
"2123700000","Kentucky","Wolfe County","5910","8","Assigned Polling Place","No","DREs without VVPAT for all voters","DRE",
"2123900000","Kentucky","Woodford County","17666","16","Assigned Polling Place","No","Hand marked paper ballots and DREs without VVPAT","Optical Scan and DRE",
"2200100000","Louisiana","Acadia Parish","37632","59","Assigned Polling Place","No","DREs without VVPAT for all voters","DRE",
"2200300000","Louisiana","Allen Parish","13495","30","Assigned Polling Place","No","DREs without VVPAT for all voters","DRE",
"2200500000","Louisiana","Ascension Parish","61422","61","Assigned Polling Place","No","DREs without VVPAT for all voters","DRE",
"2200700000","Louisiana","Assumption Parish","15205","23","Assigned Polling Place","No","DREs without VVPAT for all voters","DRE",
"2200900000","Louisiana","Avoyelles Parish","24510","45","Assigned Polling Place","No","DREs without VVPAT for all voters","DRE",
"2201100000","Louisiana","Beauregard Parish","20196","45","Assigned Polling Place","No","DREs without VVPAT for all voters","DRE",
"2201300000","Louisiana","Bienville Parish","9659","26","Assigned Polling Place","No","DREs without VVPAT for all voters","DRE",
"2201500000","Louisiana","Bossier Parish","61058","75","Assigned Polling Place","No","DREs without VVPAT for all voters","DRE",
"2201700000","Louisiana","Caddo Parish","153402","158","Assigned Polling Place","No","DREs without VVPAT for all voters","DRE",
"2201900000","Louisiana","Calcasieu Parish","118214","118","Assigned Polling Place","No","DREs without VVPAT for all voters","DRE",
"2202100000","Louisiana","Caldwell Parish","6587","19","Assigned Polling Place","No","DREs without VVPAT for all voters","DRE",
"2202300000","Louisiana","Cameron Parish","6322","13","Assigned Polling Place","No","DREs without VVPAT for all voters","DRE",
"2202500000","Louisiana","Catahoula Parish","7426","29","Assigned Polling Place","No","DREs without VVPAT for all voters","DRE",
"2202700000","Louisiana","Claiborne Parish","9153","28","Assigned Polling Place","No","DREs without VVPAT for all voters","DRE",
"2202900000","Louisiana","Concordia Parish","13013","21","Assigned Polling Place","No","DREs without VVPAT for all voters","DRE",
"2203100000","Louisiana","De Soto Parish","16748","51","Assigned Polling Place","No","DREs without VVPAT for all voters","DRE",
"2203300000","Louisiana","East Baton Rouge Parish","259448","314","Assigned Polling Place","No","DREs without VVPAT for all voters","DRE",
"2203500000","Louisiana","East Carroll Parish","5338","24","Assigned Polling Place","No","DREs without VVPAT for all voters","DRE",
"2203700000","Louisiana","East Feliciana Parish","13506","23","Assigned Polling Place","No","DREs without VVPAT for all voters","DRE",
"2203900000","Louisiana","Evangeline Parish","21700","59","Assigned Polling Place","No","DREs without VVPAT for all voters","DRE",
"2204100000","Louisiana","Franklin Parish","13321","28","Assigned Polling Place","No","DREs without VVPAT for all voters","DRE",
"2204300000","Louisiana","Grant Parish","12347","23","Assigned Polling Place","No","DREs without VVPAT for all voters","DRE",
"2204500000","Louisiana","Iberia Parish","45980","59","Assigned Polling Place","No","DREs without VVPAT for all voters","DRE",
"2204700000","Louisiana","Iberville Parish","20962","44","Assigned Polling Place","No","DREs without VVPAT for all voters","DRE",
"2204900000","Louisiana","Jackson Parish","10084","29","Assigned Polling Place","No","DREs without VVPAT for all voters","DRE",
"2205100000","Louisiana","Jefferson Parish","256983","268","Assigned Polling Place","No","DREs without VVPAT for all voters","DRE",
"2205300000","Louisiana","Jefferson Davis Parish","19443","23","Assigned Polling Place","No","DREs without VVPAT for all voters","DRE",
"2205900000","Louisiana","La Salle Parish","8698","29","Assigned Polling Place","No","DREs without VVPAT for all voters","DRE",
"2205500000","Louisiana","Lafayette Parish","130879","119","Assigned Polling Place","No","DREs without VVPAT for all voters","DRE",
"2205700000","Louisiana","Lafourche Parish","54326","71","Assigned Polling Place","No","DREs without VVPAT for all voters","DRE",
"2206100000","Louisiana","Lincoln Parish","25193","42","Assigned Polling Place","No","DREs without VVPAT for all voters","DRE",
"2206300000","Louisiana","Livingston Parish","70068","71","Assigned Polling Place","No","DREs without VVPAT for all voters","DRE",
"2206500000","Louisiana","Madison Parish","7959","29","Assigned Polling Place","No","DREs without VVPAT for all voters","DRE",
"2206700000","Louisiana","Morehouse Parish","19002","55","Assigned Polling Place","No","DREs without VVPAT for all voters","DRE",
"2206900000","Louisiana","Natchitoches Parish","23974","51","Assigned Polling Place","No","DREs without VVPAT for all voters","DRE",
"2207100000","Louisiana","Orleans Parish","210802","442","Assigned Polling Place","No","DREs without VVPAT for all voters","DRE",
"2207300000","Louisiana","Ouachita Parish","95215","81","Assigned Polling Place","No","DREs without VVPAT for all voters","DRE",
"2207500000","Louisiana","Plaquemines Parish","14922","18","Assigned Polling Place","No","DREs without VVPAT for all voters","DRE",
"2207700000","Louisiana","Pointe Coupee Parish","16202","29","Assigned Polling Place","No","DREs without VVPAT for all voters","DRE",
"2207900000","Louisiana","Rapides Parish","80368","103","Assigned Polling Place","No","DREs without VVPAT for all voters","DRE",
"2208100000","Louisiana","Red River Parish","6267","18","Assigned Polling Place","No","DREs without VVPAT for all voters","DRE",
"2208300000","Louisiana","Richland Parish","13117","35","Assigned Polling Place","No","DREs without VVPAT for all voters","DRE",
"2208500000","Louisiana","Sabine Parish","14069","38","Assigned Polling Place","No","DREs without VVPAT for all voters","DRE",
"2208700000","Louisiana","St. Bernard Parish","23824","36","Assigned Polling Place","No","DREs without VVPAT for all voters","DRE",
"2208900000","Louisiana","St. Charles Parish","32400","45","Assigned Polling Place","No","DREs without VVPAT for all voters","DRE",
"2209100000","Louisiana","St. Helena Parish","8538","13","Assigned Polling Place","No","DREs without VVPAT for all voters","DRE",
"2209300000","Louisiana","St. James Parish","15152","21","Assigned Polling Place","No","DREs without VVPAT for all voters","DRE",
"2209500000","Louisiana","St. John the Baptist Parish","28563","36","Assigned Polling Place","No","DREs without VVPAT for all voters","DRE",
"2209700000","Louisiana","St. Landry Parish","57682","87","Assigned Polling Place","No","DREs without VVPAT for all voters","DRE",
"2209900000","Louisiana","St. Martin Parish","33666","54","Assigned Polling Place","No","DREs without VVPAT for all voters","DRE",
"2210100000","Louisiana","St. Mary Parish","31267","53","Assigned Polling Place","No","DREs without VVPAT for all voters","DRE",
"2210300000","Louisiana","St. Tammany Parish","142225","158","Assigned Polling Place","No","DREs without VVPAT for all voters","DRE",
"2210500000","Louisiana","Tangipahoa Parish","69069","87","Assigned Polling Place","No","DREs without VVPAT for all voters","DRE",
"2210700000","Louisiana","Tensas Parish","4441","17","Assigned Polling Place","No","DREs without VVPAT for all voters","DRE",
"2210900000","Louisiana","Terrebonne Parish","59626","88","Assigned Polling Place","No","DREs without VVPAT for all voters","DRE",
"2211100000","Louisiana","Union Parish","15402","29","Assigned Polling Place","No","DREs without VVPAT for all voters","DRE",
"2211300000","Louisiana","Vermilion Parish","35624","58","Assigned Polling Place","No","DREs without VVPAT for all voters","DRE",
"2211500000","Louisiana","Vernon Parish","22991","73","Assigned Polling Place","No","DREs without VVPAT for all voters","DRE",
"2211700000","Louisiana","Washington Parish","26431","41","Assigned Polling Place","No","DREs without VVPAT for all voters","DRE",
"2211900000","Louisiana","Webster Parish","24639","41","Assigned Polling Place","No","DREs without VVPAT for all voters","DRE",
"2212100000","Louisiana","West Baton Rouge Parish","15084","21","Assigned Polling Place","No","DREs without VVPAT for all voters","DRE",
"2212300000","Louisiana","West Carroll Parish","7358","17","Assigned Polling Place","No","DREs without VVPAT for all voters","DRE",
"2212500000","Louisiana","West Feliciana Parish","7085","17","Assigned Polling Place","No","DREs without VVPAT for all voters","DRE",
"2212700000","Louisiana","Winn Parish","9304","38","Assigned Polling Place","No","DREs without VVPAT for all voters","DRE",
"2300102060","Maine","City of Auburn (Androscoggin County)","15325","5","Assigned Polling Place","No","Hand marked paper ballots and BMDs","Hand Count and Optical Scan",
"2300119105","Maine","Town of Durham (Androscoggin County)","3289","1","Assigned Polling Place","No","Hand marked paper ballots and BMDs","Hand Count and Optical Scan",
"2300129255","Maine","Town of Greene (Androscoggin County)","3302","1","Assigned Polling Place","No","Hand marked paper ballots and BMDs","Hand Count and Optical Scan",
"2300138565","Maine","Town of Leeds (Androscoggin County)","1756","1","Assigned Polling Place","No","Hand marked paper ballots and BMDs","Hand Count and Optical Scan",
"2300138740","Maine","City of Lewiston (Androscoggin County)","22523","7","Assigned Polling Place","No","Hand marked paper ballots and BMDs","Hand Count and Optical Scan",
"2300140035","Maine","Town of Lisbon (Androscoggin County)","6584","2","Assigned Polling Place","No","Hand marked paper ballots and BMDs","Hand Count and Optical Scan",
"2300140665","Maine","Town of Livermore (Androscoggin County)","1774","1","Assigned Polling Place","No","Hand marked paper ballots and BMDs","Hand Count and Optical Scan",
"2300140770","Maine","Town of Livermore Falls (Androscoggin County)","2345","1","Assigned Polling Place","No","Hand marked paper ballots and BMDs","Hand Count and Optical Scan",
"2300144585","Maine","Town of Mechanic Falls (Androscoggin County)","1970","1","Assigned Polling Place","No","Hand marked paper ballots and BMDs","Hand Count and Optical Scan",
"2300146160","Maine","Town of Minot (Androscoggin County)","1899","1","Assigned Polling Place","No","Hand marked paper ballots and BMDs","Hand Count and Optical Scan",
"2300160020","Maine","Town of Poland (Androscoggin County)","3900","1","Assigned Polling Place","No","Hand marked paper ballots and BMDs","Hand Count and Optical Scan",
"2300164570","Maine","Town of Sabattus (Androscoggin County)","3795","1","Assigned Polling Place","No","Hand marked paper ballots and BMDs","Hand Count and Optical Scan",
"2300177800","Maine","Town of Turner (Androscoggin County)","3756","1","Assigned Polling Place","No","Hand marked paper ballots and BMDs","Hand Count and Optical Scan",
"2300179585","Maine","Town of Wales (Androscoggin County)","1216","1","Assigned Polling Place","No","Hand marked paper ballots and BMDs","Hand Count and Optical Scan",
"2300300800","Maine","Town of Allagash (Aroostook County)","233","1","Assigned Polling Place","No","Hand marked paper ballots and BMDs","Hand Count and Optical Scan",
"2300301220","Maine","Town of Amity (Aroostook County)","144","1","Assigned Polling Place","No","Hand marked paper ballots and BMDs","Hand Count and Optical Scan",
"2300301710","Maine","Town of Ashland (Aroostook County)","950","1","Assigned Polling Place","No","Hand marked paper ballots and BMDs","Hand Count and Optical Scan",
"2300302760","Maine","Town of Bancroft (Aroostook County)","41","1","Assigned Polling Place","No","Hand marked paper ballots and BMDs","Hand Count and Optical Scan",
"2300305385","Maine","Town of Blaine (Aroostook County)","609","1","Assigned Polling Place","No","Hand marked paper ballots and BMDs","Hand Count and Optical Scan",
"2300307065","Maine","Town of Bridgewater (Aroostook County)","446","1","Assigned Polling Place","No","Hand marked paper ballots and BMDs","Hand Count and Optical Scan",
"2300310565","Maine","City of Caribou (Aroostook County)","6209","1","Assigned Polling Place","No","Hand marked paper ballots and BMDs","Hand Count and Optical Scan",
"2300311020","Maine","Cary Plantation (Aroostook County)","131","1","Assigned Polling Place","No","Hand marked paper ballots and BMDs","Hand Count and Optical Scan",
"2300311300","Maine","Town of Castle Hill (Aroostook County)","311","1","Assigned Polling Place","No","Hand marked paper ballots and BMDs","Hand Count and Optical Scan",
"2300311335","Maine","Town of Caswell (Aroostook County)","207","1","Assigned Polling Place","No","Hand marked paper ballots and BMDs","Hand Count and Optical Scan",
"2300312000","Maine","Town of Chapman (Aroostook County)","308","1","Assigned Polling Place","No","Hand marked paper ballots and BMDs","Hand Count and Optical Scan",
"2300313900","Maine","Connor Township (Aroostook County)","307","1","Assigned Polling Place","No","Hand marked paper ballots and BMDs","Hand Count and Optical Scan",
"2300315395","Maine","Town of Crystal (Aroostook County)","197","1","Assigned Polling Place","No","Hand marked paper ballots and BMDs","Hand Count and Optical Scan",
"2300315990","Maine","Cyr Plantation (Aroostook County)","51","1","Assigned Polling Place","No","Hand marked paper ballots and BMDs","Hand Count and Optical Scan",
"2300319210","Maine","Town of Dyer Brook (Aroostook County)","179","1","Assigned Polling Place","No","Hand marked paper ballots and BMDs","Hand Count and Optical Scan",
"2300319420","Maine","Town of Eagle Lake (Aroostook County)","664","1","Assigned Polling Place","No","Hand marked paper ballots and BMDs","Hand Count and Optical Scan",
"2300321380","Maine","Town of Easton (Aroostook County)","929","1","Assigned Polling Place","No","Hand marked paper ballots and BMDs","Hand Count and Optical Scan",
"2300325615","Maine","Town of Fort Fairfield (Aroostook County)","2277","1","Assigned Polling Place","No","Hand marked paper ballots and BMDs","Hand Count and Optical Scan",
"2300325755","Maine","Town of Fort Kent (Aroostook County)","2886","1","Assigned Polling Place","No","Hand marked paper ballots and BMDs","Hand Count and Optical Scan",
"2300326735","Maine","Town of Frenchville (Aroostook County)","907","1","Assigned Polling Place","No","Hand marked paper ballots and BMDs","Hand Count and Optical Scan",
"2300327120","Maine","Garfield Plantation (Aroostook County)","71","1","Assigned Polling Place","No","Hand marked paper ballots and BMDs","Hand Count and Optical Scan",
"2300327855","Maine","Glenwood Plantation (Aroostook County)","3","1","Assigned Polling Place","No","Hand marked paper ballots and BMDs","Hand Count and Optical Scan",
"2300328590","Maine","Town of Grand Isle (Aroostook County)","326","1","Assigned Polling Place","No","Hand marked paper ballots and BMDs","Hand Count and Optical Scan",
"2300330690","Maine","Town of Hamlin (Aroostook County)","127","1","Assigned Polling Place","No","Hand marked paper ballots and BMDs","Hand Count and Optical Scan",
"2300330725","Maine","Town of Hammond (Aroostook County)","65","1","Assigned Polling Place","No","Hand marked paper ballots and BMDs","Hand Count and Optical Scan",
"2300332195","Maine","Town of Haynesville (Aroostook County)","95","1","Assigned Polling Place","No","Hand marked paper ballots and BMDs","Hand Count and Optical Scan",
"2300332685","Maine","Town of Hersey (Aroostook County)","44","1","Assigned Polling Place","No","Hand marked paper ballots and BMDs","Hand Count and Optical Scan",
"2300333385","Maine","Town of Hodgdon (Aroostook County)","861","1","Assigned Polling Place","No","Hand marked paper ballots and BMDs","Hand Count and Optical Scan",
"2300333980","Maine","Town of Houlton (Aroostook County)","4113","1","Assigned Polling Place","No","Hand marked paper ballots and BMDs","Hand Count and Optical Scan",
"2300335065","Maine","Town of Island Falls (Aroostook County)","591","1","Assigned Polling Place","No","Hand marked paper ballots and BMDs","Hand Count and Optical Scan",
"2300339300","Maine","Town of Limestone (Aroostook County)","1885","1","Assigned Polling Place","No","Hand marked paper ballots and BMDs","Hand Count and Optical Scan",
"2300339965","Maine","Town of Linneus (Aroostook County)","570","1","Assigned Polling Place","No","Hand marked paper ballots and BMDs","Hand Count and Optical Scan",
"2300340595","Maine","Town of Littleton (Aroostook County)","621","1","Assigned Polling Place","No","Hand marked paper ballots and BMDs","Hand Count and Optical Scan",
"2300341715","Maine","Town of Ludlow (Aroostook County)","257","1","Assigned Polling Place","No","Hand marked paper ballots and BMDs","Hand Count and Optical Scan",
"2300342450","Maine","Macwahoc Plantation (Aroostook County)","79","1","Assigned Polling Place","No","Hand marked paper ballots and BMDs","Hand Count and Optical Scan",
"2300342520","Maine","Town of Madawaska (Aroostook County)","3102","1","Assigned Polling Place","No","Hand marked paper ballots and BMDs","Hand Count and Optical Scan",
"2300373472","Maine","Madawaska Lake Township (Aroostook County)","124","1","Assigned Polling Place","No","Hand marked paper ballots and BMDs","Hand Count and Optical Scan",
"2300343255","Maine","Town of Mapleton (Aroostook County)","1312","1","Assigned Polling Place","No","Hand marked paper ballots and BMDs","Hand Count and Optical Scan",
"2300343710","Maine","Town of Mars Hill (Aroostook County)","1080","1","Assigned Polling Place","No","Hand marked paper ballots and BMDs","Hand Count and Optical Scan",
"2300343990","Maine","Town of Masardis (Aroostook County)","180","1","Assigned Polling Place","No","Hand marked paper ballots and BMDs","Hand Count and Optical Scan",
"2300345180","Maine","Town of Merrill (Aroostook County)","173","1","Assigned Polling Place","No","Hand marked paper ballots and BMDs","Hand Count and Optical Scan",
"2300346685","Maine","Town of Monticello (Aroostook County)","574","1","Assigned Polling Place","No","Hand marked paper ballots and BMDs","Hand Count and Optical Scan",
"2300347175","Maine","Moro Plantation (Aroostook County)","39","1","Assigned Polling Place","No","Hand marked paper ballots and BMDs","Hand Count and Optical Scan",
"2300348120","Maine","Nashville Plantation (Aroostook County)","36","1","Assigned Polling Place","No","Hand marked paper ballots and BMDs","Hand Count and Optical Scan",
"2300348575","Maine","Town of New Canada (Aroostook County)","337","1","Assigned Polling Place","No","Hand marked paper ballots and BMDs","Hand Count and Optical Scan",
"2300348960","Maine","Town of New Limerick (Aroostook County)","403","1","Assigned Polling Place","No","Hand marked paper ballots and BMDs","Hand Count and Optical Scan",
"2300349415","Maine","Town of New Sweden (Aroostook County)","481","1","Assigned Polling Place","No","Hand marked paper ballots and BMDs","Hand Count and Optical Scan",
"2300354385","Maine","Town of Oakfield (Aroostook County)","544","1","Assigned Polling Place","No","Hand marked paper ballots and BMDs","Hand Count and Optical Scan",
"2300355435","Maine","Town of Orient (Aroostook County)","116","1","Assigned Polling Place","No","Hand marked paper ballots and BMDs","Hand Count and Optical Scan",
"2300356205","Maine","Oxbow Plantation (Aroostook County)","82","1","Assigned Polling Place","No","Hand marked paper ballots and BMDs","Hand Count and Optical Scan",
"2300358060","Maine","Town of Perham (Aroostook County)","314","1","Assigned Polling Place","No","Hand marked paper ballots and BMDs","Hand Count and Optical Scan",
"2300360300","Maine","Town of Portage Lake (Aroostook County)","383","1","Assigned Polling Place","No","Hand marked paper ballots and BMDs","Hand Count and Optical Scan",
"2300360825","Maine","City of Presque Isle (Aroostook County)","6722","1","Assigned Polling Place","No","Hand marked paper ballots and BMDs","Hand Count and Optical Scan",
"2300362400","Maine","Reed Plantation (Aroostook County)","131","1","Assigned Polling Place","No","Hand marked paper ballots and BMDs","Hand Count and Optical Scan",
"2300364780","Maine","Town of Saint Agatha (Aroostook County)","934","1","Assigned Polling Place","No","Hand marked paper ballots and BMDs","Hand Count and Optical Scan",
"2300365025","Maine","Town of Saint Francis (Aroostook County)","404","1","Assigned Polling Place","No","Hand marked paper ballots and BMDs","Hand Count and Optical Scan",
"2300365200","Maine","Saint John Plantation (Aroostook County)","233","1","Assigned Polling Place","No","Hand marked paper ballots and BMDs","Hand Count and Optical Scan",
"2300367790","Maine","Town of Sherman (Aroostook County)","802","1","Assigned Polling Place","No","Hand marked paper ballots and BMDs","Hand Count and Optical Scan",
"2300369260","Maine","Town of Smyrna (Aroostook County)","223","1","Assigned Polling Place","No","Hand marked paper ballots and BMDs","Hand Count and Optical Scan",
"2300374405","Maine","Town of Stockholm (Aroostook County)","224","1","Assigned Polling Place","No","Hand marked paper ballots and BMDs","Hand Count and Optical Scan",
"2300378570","Maine","Town of Van Buren (Aroostook County)","1528","1","Assigned Polling Place","No","Hand marked paper ballots and BMDs","Hand Count and Optical Scan",
"2300379270","Maine","Town of Wade (Aroostook County)","203","1","Assigned Polling Place","No","Hand marked paper ballots and BMDs","Hand Count and Optical Scan",
"2300379865","Maine","Town of Wallagrass (Aroostook County)","453","1","Assigned Polling Place","No","Hand marked paper ballots and BMDs","Hand Count and Optical Scan",
"2300380285","Maine","Town of Washburn (Aroostook County)","1035","1","Assigned Polling Place","No","Hand marked paper ballots and BMDs","Hand Count and Optical Scan",
"2300382770","Maine","Town of Westfield (Aroostook County)","378","1","Assigned Polling Place","No","Hand marked paper ballots and BMDs","Hand Count and Optical Scan",
"2300383540","Maine","Town of Westmanland (Aroostook County)","54","1","Assigned Polling Place","No","Hand marked paper ballots and BMDs","Hand Count and Optical Scan",
"2300383785","Maine","Town of Weston (Aroostook County)","193","1","Assigned Polling Place","No","Hand marked paper ballots and BMDs","Hand Count and Optical Scan",
"2300386865","Maine","Winterville Plantation (Aroostook County)","185","1","Assigned Polling Place","No","Hand marked paper ballots and BMDs","Hand Count and Optical Scan",
"2300387215","Maine","Town of Woodland (Aroostook County)","972","1","Assigned Polling Place","No","Hand marked paper ballots and BMDs","Hand Count and Optical Scan",
"2300502655","Maine","Town of Baldwin (Cumberland County)","1261","1","Assigned Polling Place","No","Hand marked paper ballots and BMDs","Hand Count and Optical Scan",
"2300507170","Maine","Town of Bridgton (Cumberland County)","3955","1","Assigned Polling Place","No","Hand marked paper ballots and BMDs","Hand Count and Optical Scan",
"2300508430","Maine","Town of Brunswick (Cumberland County)","15324","7","Assigned Polling Place","No","Hand marked paper ballots and BMDs","Hand Count and Optical Scan",
"2300510180","Maine","Town of Cape Elizabeth (Cumberland County)","7456","1","Assigned Polling Place","No","Hand marked paper ballots and BMDs","Hand Count and Optical Scan",
"2300511125","Maine","Town of Casco (Cumberland County)","3094","1","Assigned Polling Place","No","Hand marked paper ballots and BMDs","Hand Count and Optical Scan",
"2309999902","Maine","Chebeague Island Township (Cumberland County)","351","1","Assigned Polling Place","No","Hand marked paper ballots and BMDs","Hand Count",
"2300515430","Maine","Town of Cumberland (Cumberland County)","5610","1","Assigned Polling Place","No","Hand marked paper ballots and BMDs","Hand Count and Optical Scan",
"2300524495","Maine","Town of Falmouth (Cumberland County)","8710","1","Assigned Polling Place","No","Hand marked paper ballots and BMDs","Hand Count and Optical Scan",
"2300526525","Maine","Town of Freeport (Cumberland County)","6069","1","Assigned Polling Place","No","Hand marked paper ballots and BMDs","Hand Count and Optical Scan",
"2300527025","Maine","Town of Frye Island (Cumberland County)","99","1","Assigned Polling Place","No","Hand marked paper ballots and BMDs","Hand Count and Optical Scan",
"2300528240","Maine","Town of Gorham (Cumberland County)","11779","2","Assigned Polling Place","No","Hand marked paper ballots and BMDs","Hand Count and Optical Scan",
"2300528870","Maine","Town of Gray (Cumberland County)","5951","1","Assigned Polling Place","No","Hand marked paper ballots and BMDs","Hand Count and Optical Scan",
"2300531390","Maine","Town of Harpswell (Cumberland County)","4045","3","Assigned Polling Place","No","Hand marked paper ballots and BMDs","Hand Count and Optical Scan",
"2300531600","Maine","Town of Harrison (Cumberland County)","1878","1","Assigned Polling Place","No","Hand marked paper ballots and BMDs","Hand Count and Optical Scan",
"2300541067","Maine","Town of Long Island (Cumberland County)","235","1","Assigned Polling Place","No","Hand marked paper ballots and BMDs","Hand Count and Optical Scan",
"2300548085","Maine","Town of Naples (Cumberland County)","2844","1","Assigned Polling Place","No","Hand marked paper ballots and BMDs","Hand Count and Optical Scan",
"2300548820","Maine","Town of New Gloucester (Cumberland County)","3898","1","Assigned Polling Place","No","Hand marked paper ballots and BMDs","Hand Count and Optical Scan",
"2300553860","Maine","Town of North Yarmouth (Cumberland County)","3012","1","Assigned Polling Place","No","Hand marked paper ballots and BMDs","Hand Count and Optical Scan",
"2300560545","Maine","City of Portland (Cumberland County)","49263","16","Assigned Polling Place","No","Hand marked paper ballots and BMDs","Hand Count and Optical Scan",
"2300560685","Maine","Town of Pownal (Cumberland County)","1287","1","Assigned Polling Place","No","Hand marked paper ballots and BMDs","Hand Count and Optical Scan",
"2300561945","Maine","Town of Raymond (Cumberland County)","4037","1","Assigned Polling Place","No","Hand marked paper ballots and BMDs","Hand Count and Optical Scan",
"2300566145","Maine","Town of Scarborough (Cumberland County)","14886","1","Assigned Polling Place","No","Hand marked paper ballots and BMDs","Hand Count and Optical Scan",
"2300566775","Maine","Town of Sebago (Cumberland County)","1428","1","Assigned Polling Place","No","Hand marked paper ballots and BMDs","Hand Count and Optical Scan",
"2300571990","Maine","City of South Portland (Cumberland County)","18561","5","Assigned Polling Place","No","Hand marked paper ballots and BMDs","Hand Count and Optical Scan",
"2300573670","Maine","Town of Standish (Cumberland County)","7189","1","Assigned Polling Place","No","Hand marked paper ballots and BMDs","Hand Count and Optical Scan",
"2300582105","Maine","City of Westbrook (Cumberland County)","13551","5","Assigned Polling Place","No","Hand marked paper ballots and BMDs","Hand Count and Optical Scan",
"2300586025","Maine","Town of Windham (Cumberland County)","11610","2","Assigned Polling Place","No","Hand marked paper ballots and BMDs","Hand Count and Optical Scan",
"2300587845","Maine","Town of Yarmouth (Cumberland County)","7209","1","Assigned Polling Place","No","Hand marked paper ballots and BMDs","Hand Count and Optical Scan",
"2300702235","Maine","Town of Avon (Franklin County)","350","1","Assigned Polling Place","No","Hand marked paper ballots and BMDs","Hand Count and Optical Scan",
"2300710740","Maine","Town of Carrabassett Valley (Franklin County)","621","1","Assigned Polling Place","No","Hand marked paper ballots and BMDs","Hand Count and Optical Scan",
"2300710915","Maine","Town of Carthage (Franklin County)","391","1","Assigned Polling Place","No","Hand marked paper ballots and BMDs","Hand Count and Optical Scan",
"2300712595","Maine","Town of Chesterville (Franklin County)","920","1","Assigned Polling Place","No","Hand marked paper ballots and BMDs","Hand Count and Optical Scan",
"2300714205","Maine","Coplin Plantation (Franklin County)","118","1","Assigned Polling Place","No","Hand marked paper ballots and BMDs","Hand Count and Optical Scan",
"2300716165","Maine","Dallas Plantation (Franklin County)","257","1","Assigned Polling Place","No","Hand marked paper ballots and BMDs","Hand Count and Optical Scan",
"2300724005","Maine","Town of Eustis (Franklin County)","560","1","Assigned Polling Place","No","Hand marked paper ballots and BMDs","Hand Count and Optical Scan",
"2300724775","Maine","Town of Farmington (Franklin County)","7410","1","Assigned Polling Place","No","Hand marked paper ballots and BMDs","Hand Count and Optical Scan",
"2300734820","Maine","Town of Industry (Franklin County)","816","1","Assigned Polling Place","No","Hand marked paper ballots and BMDs","Hand Count and Optical Scan",
"2300735625","Maine","Town of Jay (Franklin County)","3540","1","Assigned Polling Place","No","Hand marked paper ballots and BMDs","Hand Count and Optical Scan",
"2300737025","Maine","Town of Kingfield (Franklin County)","1093","1","Assigned Polling Place","No","Hand marked paper ballots and BMDs","Hand Count and Optical Scan",
"2300749345","Maine","Town of New Sharon (Franklin County)","1158","1","Assigned Polling Place","No","Hand marked paper ballots and BMDs","Hand Count and Optical Scan",
"2300749520","Maine","Town of New Vineyard (Franklin County)","577","1","Assigned Polling Place","No","Hand marked paper ballots and BMDs","Hand Count and Optical Scan",
"2300758445","Maine","Town of Phillips (Franklin County)","949","1","Assigned Polling Place","No","Hand marked paper ballots and BMDs","Hand Count and Optical Scan",
"2300761840","Maine","Town of Rangeley (Franklin County)","1120","1","Assigned Polling Place","No","Hand marked paper ballots and BMDs","Hand Count and Optical Scan",
"2300761875","Maine","Rangeley Plantation (Franklin County)","157","1","Assigned Polling Place","No","Hand marked paper ballots and BMDs","Hand Count and Optical Scan",
"2300765655","Maine","Sandy River Plantation (Franklin County)","100","1","Assigned Polling Place","No","Hand marked paper ballots and BMDs","Hand Count and Optical Scan",
"2300774825","Maine","Town of Strong (Franklin County)","1171","1","Assigned Polling Place","No","Hand marked paper ballots and BMDs","Hand Count and Optical Scan",
"2300775980","Maine","Town of Temple (Franklin County)","467","1","Assigned Polling Place","No","Hand marked paper ballots and BMDs","Hand Count and Optical Scan",
"2300781300","Maine","Town of Weld (Franklin County)","376","1","Assigned Polling Place","No","Hand marked paper ballots and BMDs","Hand Count and Optical Scan",
"2300785850","Maine","Town of Wilton (Franklin County)","3100","1","Assigned Polling Place","No","Hand marked paper ballots and BMDs","Hand Count and Optical Scan",
"2300901185","Maine","Town of Amherst (Hancock County)","195","1","Assigned Polling Place","No","Hand marked paper ballots and BMDs","Hand Count and Optical Scan",
"2300902165","Maine","Town of Aurora (Hancock County)","93","1","Assigned Polling Place","No","Hand marked paper ballots and BMDs","Hand Count and Optical Scan",
"2300902865","Maine","Town of Bar Harbor (Hancock County)","3989","1","Assigned Polling Place","No","Hand marked paper ballots and BMDs","Hand Count and Optical Scan",
"2300905700","Maine","Town of Blue Hill (Hancock County)","2228","1","Assigned Polling Place","No","Hand marked paper ballots and BMDs","Hand Count and Optical Scan",
"2300907800","Maine","Town of Brooklin (Hancock County)","777","1","Assigned Polling Place","No","Hand marked paper ballots and BMDs","Hand Count and Optical Scan",
"2300907975","Maine","Town of Brooksville (Hancock County)","829","1","Assigned Polling Place","No","Hand marked paper ballots and BMDs","Hand Count and Optical Scan",
"2300908815","Maine","Town of Bucksport (Hancock County)","4194","1","Assigned Polling Place","No","Hand marked paper ballots and BMDs","Hand Count and Optical Scan",
"2300911265","Maine","Town of Castine (Hancock County)","1138","1","Assigned Polling Place","No","Hand marked paper ballots and BMDs","Hand Count and Optical Scan",
"2300914905","Maine","Town of Cranberry Isle (Hancock County)","208","2","Assigned Polling Place","No","Hand marked paper ballots and BMDs","Hand Count and Optical Scan",
"2300916935","Maine","Town of Dedham (Hancock County)","1393","1","Assigned Polling Place","No","Hand marked paper ballots and BMDs","Hand Count and Optical Scan",
"2300917145","Maine","Town of Deer Isle (Hancock County)","1751","1","Assigned Polling Place","No","Hand marked paper ballots and BMDs","Hand Count and Optical Scan",
"2300919770","Maine","Town of Eastbrook (Hancock County)","304","1","Assigned Polling Place","No","Hand marked paper ballots and BMDs","Hand Count and Optical Scan",
"2300923200","Maine","City of Ellsworth (Hancock County)","5504","4","Assigned Polling Place","No","Hand marked paper ballots and BMDs","Hand Count and Optical Scan",
"2300926350","Maine","Town of Franklin (Hancock County)","1088","1","Assigned Polling Place","No","Hand marked paper ballots and BMDs","Hand Count and Optical Scan",
"2300926595","Maine","Town of Frenchboro (Hancock County)","57","1","Assigned Polling Place","No","Hand marked paper ballots and BMDs","Hand Count and Optical Scan",
"2300928450","Maine","Town of Gouldsboro (Hancock County)","1591","1","Assigned Polling Place","No","Hand marked paper ballots and BMDs","Hand Count and Optical Scan",
"2300928975","Maine","Town of Great Pond (Hancock County)","45","1","Assigned Polling Place","No","Hand marked paper ballots and BMDs","Hand Count and Optical Scan",
"2300930970","Maine","Town of Hancock (Hancock County)","1649","1","Assigned Polling Place","No","Hand marked paper ballots and BMDs","Hand Count and Optical Scan",
"2300938180","Maine","Town of Lamoine (Hancock County)","1452","1","Assigned Polling Place","No","Hand marked paper ballots and BMDs","Hand Count and Optical Scan",
"2300943430","Maine","Town of Mariaville (Hancock County)","345","1","Assigned Polling Place","No","Hand marked paper ballots and BMDs","Hand Count and Optical Scan",
"2300947630","Maine","Town of Mount Desert (Hancock County)","1817","1","Assigned Polling Place","No","Hand marked paper ballots and BMDs","Hand Count and Optical Scan",
"2300955505","Maine","Town of Orland (Hancock County)","1725","1","Assigned Polling Place","No","Hand marked paper ballots and BMDs","Hand Count and Optical Scan",
"2300955855","Maine","Town of Osborn (Hancock County)","49","1","Assigned Polling Place","No","Hand marked paper ballots and BMDs","Hand Count and Optical Scan",
"2300955890","Maine","Town of Otis (Hancock County)","493","1","Assigned Polling Place","No","Hand marked paper ballots and BMDs","Hand Count and Optical Scan",
"2300957920","Maine","Town of Penobscot (Hancock County)","1033","1","Assigned Polling Place","No","Hand marked paper ballots and BMDs","Hand Count and Optical Scan",
"2300967300","Maine","Town of Sedgwick (Hancock County)","944","1","Assigned Polling Place","No","Hand marked paper ballots and BMDs","Hand Count and Optical Scan",
"2300969750","Maine","Town of Sorrento (Hancock County)","266","1","Assigned Polling Place","No","Hand marked paper ballots and BMDs","Hand Count and Optical Scan",
"2300972865","Maine","Town of Southwest Harbor (Hancock County)","1579","1","Assigned Polling Place","No","Hand marked paper ballots and BMDs","Hand Count and Optical Scan",
"2300974580","Maine","Town of Stonington (Hancock County)","1050","1","Assigned Polling Place","No","Hand marked paper ballots and BMDs","Hand Count and Optical Scan",
"2300974965","Maine","Town of Sullivan (Hancock County)","906","1","Assigned Polling Place","No","Hand marked paper ballots and BMDs","Hand Count and Optical Scan",
"2300975280","Maine","Town of Surry (Hancock County)","1187","1","Assigned Polling Place","No","Hand marked paper ballots and BMDs","Hand Count and Optical Scan",
"2300975455","Maine","Town of Swan's Island (Hancock County)","336","1","Assigned Polling Place","No","Hand marked paper ballots and BMDs","Hand Count and Optical Scan",
"2300977345","Maine","Town of Tremont (Hancock County)","1281","1","Assigned Polling Place","No","Hand marked paper ballots and BMDs","Hand Count and Optical Scan",
"2300977415","Maine","Town of Trenton (Hancock County)","1075","1","Assigned Polling Place","No","Hand marked paper ballots and BMDs","Hand Count and Optical Scan",
"2300978920","Maine","Town of Verona Island (Hancock County)","474","1","Assigned Polling Place","No","Hand marked paper ballots and BMDs","Hand Count and Optical Scan",
"2300980040","Maine","Town of Waltham (Hancock County)","247","1","Assigned Polling Place","No","Hand marked paper ballots and BMDs","Hand Count and Optical Scan",
"2300986655","Maine","Town of Winter Harbor (Hancock County)","468","1","Assigned Polling Place","No","Hand marked paper ballots and BMDs","Hand Count and Optical Scan",
"2301100590","Maine","Town of Albion (Kennebec County)","1508","1","Assigned Polling Place","No","Hand marked paper ballots and BMDs","Hand Count and Optical Scan",
"2301102100","Maine","City of Augusta (Kennebec County)","14238","4","Assigned Polling Place","No","Hand marked paper ballots and BMDs","Hand Count and Optical Scan",
"2301104020","Maine","Town of Belgrade (Kennebec County)","2498","1","Assigned Polling Place","No","Hand marked paper ballots and BMDs","Hand Count and Optical Scan",
"2301104475","Maine","Town of Benton (Kennebec County)","1848","1","Assigned Polling Place","No","Hand marked paper ballots and BMDs","Hand Count and Optical Scan",
"2301112350","Maine","Town of Chelsea (Kennebec County)","2028","1","Assigned Polling Place","No","Hand marked paper ballots and BMDs","Hand Count and Optical Scan",
"2301112735","Maine","Town of China (Kennebec County)","2990","1","Assigned Polling Place","No","Hand marked paper ballots and BMDs","Hand Count and Optical Scan",
"2301113470","Maine","Town of Clinton (Kennebec County)","2332","1","Assigned Polling Place","No","Hand marked paper ballots and BMDs","Hand Count and Optical Scan",
"2301124670","Maine","Town of Farmingdale (Kennebec County)","2423","1","Assigned Polling Place","No","Hand marked paper ballots and BMDs","Hand Count and Optical Scan",
"2301124950","Maine","Town of Fayette (Kennebec County)","900","1","Assigned Polling Place","No","Hand marked paper ballots and BMDs","Hand Count and Optical Scan",
"2301127085","Maine","City of Gardiner (Kennebec County)","4621","1","Assigned Polling Place","No","Hand marked paper ballots and BMDs","Hand Count and Optical Scan",
"2301130550","Maine","City of Hallowell (Kennebec County)","2166","1","Assigned Polling Place","No","Hand marked paper ballots and BMDs","Hand Count and Optical Scan",
"2301140175","Maine","Town of Litchfield (Kennebec County)","2437","1","Assigned Polling Place","No","Hand marked paper ballots and BMDs","Hand Count and Optical Scan",
"2301143080","Maine","Town of Manchester (Kennebec County)","2089","1","Assigned Polling Place","No","Hand marked paper ballots and BMDs","Hand Count and Optical Scan",
"2301146405","Maine","Town of Monmouth (Kennebec County)","3139","1","Assigned Polling Place","No","Hand marked paper ballots and BMDs","Hand Count and Optical Scan",
"2301147770","Maine","Town of Mount Vernon (Kennebec County)","1366","1","Assigned Polling Place","No","Hand marked paper ballots and BMDs","Hand Count and Optical Scan",
"2301154560","Maine","Town of Oakland (Kennebec County)","4536","1","Assigned Polling Place","No","Hand marked paper ballots and BMDs","Hand Count and Optical Scan",
"2301159110","Maine","Town of Pittston (Kennebec County)","2125","1","Assigned Polling Place","No","Hand marked paper ballots and BMDs","Hand Count and Optical Scan",
"2301161700","Maine","Town of Randolph (Kennebec County)","1318","1","Assigned Polling Place","No","Hand marked paper ballots and BMDs","Hand Count and Optical Scan",
"2301162190","Maine","Town of Readfield (Kennebec County)","2130","1","Assigned Polling Place","No","Hand marked paper ballots and BMDs","Hand Count and Optical Scan",
"2301163835","Maine","Town of Rome (Kennebec County)","833","1","Assigned Polling Place","No","Hand marked paper ballots and BMDs","Hand Count and Optical Scan",
"2301168385","Maine","Town of Sidney (Kennebec County)","2896","1","Assigned Polling Place","No","Hand marked paper ballots and BMDs","Hand Count and Optical Scan",
"2301178745","Maine","Town of Vassalboro (Kennebec County)","2966","1","Assigned Polling Place","No","Hand marked paper ballots and BMDs","Hand Count and Optical Scan",
"2301179025","Maine","Town of Vienna (Kennebec County)","447","1","Assigned Polling Place","No","Hand marked paper ballots and BMDs","Hand Count and Optical Scan",
"2301180740","Maine","City of Waterville (Kennebec County)","10939","1","Assigned Polling Place","No","Hand marked paper ballots and BMDs","Hand Count and Optical Scan",
"2301180880","Maine","Town of Wayne (Kennebec County)","928","1","Assigned Polling Place","No","Hand marked paper ballots and BMDs","Hand Count and Optical Scan",
"2301182945","Maine","Town of West Gardiner (Kennebec County)","2743","1","Assigned Polling Place","No","Hand marked paper ballots and BMDs","Hand Count and Optical Scan",
"2301186165","Maine","Town of Windsor (Kennebec County)","1754","1","Assigned Polling Place","No","Hand marked paper ballots and BMDs","Hand Count and Optical Scan",
"2301186515","Maine","Town of Winslow (Kennebec County)","6097","1","Assigned Polling Place","No","Hand marked paper ballots and BMDs","Hand Count and Optical Scan",
"2301186970","Maine","Town of Winthrop (Kennebec County)","5000","1","Assigned Polling Place","No","Hand marked paper ballots and BMDs","Hand Count and Optical Scan",
"2301301465","Maine","Town of Appleton (Knox County)","935","1","Assigned Polling Place","No","Hand marked paper ballots and BMDs","Hand Count and Optical Scan",
"2301309725","Maine","Town of Camden (Knox County)","4003","1","Assigned Polling Place","No","Hand marked paper ballots and BMDs","Hand Count and Optical Scan",
"2301315780","Maine","Town of Cushing (Knox County)","1059","1","Assigned Polling Place","No","Hand marked paper ballots and BMDs","Hand Count and Optical Scan",
"2301326805","Maine","Town of Friendship (Knox County)","942","1","Assigned Polling Place","No","Hand marked paper ballots and BMDs","Hand Count and Optical Scan",
"2301333840","Maine","Town of Hope (Knox County)","1112","1","Assigned Polling Place","No","Hand marked paper ballots and BMDs","Hand Count and Optical Scan",
"2301335135","Maine","Town of Isle au Haut (Knox County)","61","1","Assigned Polling Place","No","Hand marked paper ballots and BMDs","Hand Count and Optical Scan",
"2301344165","Maine","Matinicus Isle Plantation (Knox County)","91","1","Assigned Polling Place","No","Hand marked paper ballots and BMDs","Hand Count and Optical Scan",
"2301351620","Maine","Town of North Haven (Knox County)","323","1","Assigned Polling Place","No","Hand marked paper ballots and BMDs","Hand Count and Optical Scan",
"2301356135","Maine","Town of Owl's Head (Knox County)","1335","1","Assigned Polling Place","No","Hand marked paper ballots and BMDs","Hand Count and Optical Scan",
"2301363590","Maine","City of Rockland (Knox County)","4929","1","Assigned Polling Place","No","Hand marked paper ballots and BMDs","Hand Count and Optical Scan",
"2301363660","Maine","Town of Rockport (Knox County)","2546","1","Assigned Polling Place","No","Hand marked paper ballots and BMDs","Hand Count and Optical Scan",
"2301365130","Maine","Town of Saint George (Knox County)","2032","1","Assigned Polling Place","No","Hand marked paper ballots and BMDs","Hand Count and Optical Scan",
"2301372585","Maine","Town of South Thomaston (Knox County)","1268","1","Assigned Polling Place","No","Hand marked paper ballots and BMDs","Hand Count and Optical Scan",
"2301376365","Maine","Town of Thomaston (Knox County)","2038","1","Assigned Polling Place","No","Hand marked paper ballots and BMDs","Hand Count and Optical Scan",
"2301378115","Maine","Town of Union (Knox County)","1707","1","Assigned Polling Place","No","Hand marked paper ballots and BMDs","Hand Count and Optical Scan",
"2301379130","Maine","Town of Vinalhaven (Knox County)","1021","1","Assigned Polling Place","No","Hand marked paper ballots and BMDs","Hand Count and Optical Scan",
"2301380215","Maine","Town of Warren (Knox County)","2611","1","Assigned Polling Place","No","Hand marked paper ballots and BMDs","Hand Count and Optical Scan",
"2301380425","Maine","Town of Washington (Knox County)","1122","1","Assigned Polling Place","No","Hand marked paper ballots and BMDs","Hand Count and Optical Scan",
"2301501010","Maine","Town of Alna (Lincoln County)","569","1","Assigned Polling Place","No","Hand marked paper ballots and BMDs","Hand Count and Optical Scan",
"2301506050","Maine","Town of Boothbay (Lincoln County)","2618","1","Assigned Polling Place","No","Hand marked paper ballots and BMDs","Hand Count and Optical Scan",
"2301506120","Maine","Town of Boothbay Harbor (Lincoln County)","1838","1","Assigned Polling Place","No","Hand marked paper ballots and BMDs","Hand Count and Optical Scan",
"2301506855","Maine","Town of Bremen (Lincoln County)","679","1","Assigned Polling Place","No","Hand marked paper ballots and BMDs","Hand Count and Optical Scan",
"2301507485","Maine","Town of Bristol (Lincoln County)","2301","1","Assigned Polling Place","No","Hand marked paper ballots and BMDs","Hand Count and Optical Scan",
"2301516235","Maine","Town of Damariscotta (Lincoln County)","1987","1","Assigned Polling Place","No","Hand marked paper ballots and BMDs","Hand Count and Optical Scan",
"2301518475","Maine","Town of Dresden (Lincoln County)","1343","1","Assigned Polling Place","No","Hand marked paper ballots and BMDs","Hand Count and Optical Scan",
"2301522675","Maine","Town of Edgecomb (Lincoln County)","1075","1","Assigned Polling Place","No","Hand marked paper ballots and BMDs","Hand Count and Optical Scan",
"2301535695","Maine","Town of Jefferson (Lincoln County)","1860","1","Assigned Polling Place","No","Hand marked paper ballots and BMDs","Hand Count and Optical Scan",
"2301546335","Maine","Monhegan Island Plantation (Lincoln County)","77","1","Assigned Polling Place","No","Hand marked paper ballots and BMDs","Hand Count and Optical Scan",
"2301548645","Maine","Town of Newcastle (Lincoln County)","1479","1","Assigned Polling Place","No","Hand marked paper ballots and BMDs","Hand Count and Optical Scan",
"2301549660","Maine","Town of Nobleboro (Lincoln County)","1335","1","Assigned Polling Place","No","Hand marked paper ballots and BMDs","Hand Count and Optical Scan",
"2301569645","Maine","Town of Somerville (Lincoln County)","353","1","Assigned Polling Place","No","Hand marked paper ballots and BMDs","Hand Count and Optical Scan",
"2301570240","Maine","Town of South Bristol (Lincoln County)","800","1","Assigned Polling Place","No","Hand marked paper ballots and BMDs","Hand Count and Optical Scan",
"2301571955","Maine","Town of Southport (Lincoln County)","660","1","Assigned Polling Place","No","Hand marked paper ballots and BMDs","Hand Count and Optical Scan",
"2301579550","Maine","Town of Waldoboro (Lincoln County)","3911","1","Assigned Polling Place","No","Hand marked paper ballots and BMDs","Hand Count and Optical Scan",
"2301584135","Maine","Town of Westport Island (Lincoln County)","660","1","Assigned Polling Place","No","Hand marked paper ballots and BMDs","Hand Count and Optical Scan",
"2301585010","Maine","Town of Whitefield (Lincoln County)","1668","1","Assigned Polling Place","No","Hand marked paper ballots and BMDs","Hand Count and Optical Scan",
"2301587075","Maine","Town of Wiscasset (Lincoln County)","2995","1","Assigned Polling Place","No","Hand marked paper ballots and BMDs","Hand Count and Optical Scan",
"2309999901","Maine","Albany Township (Oxford County)","338","1","Assigned Polling Place","No","Hand marked paper ballots and BMDs","Hand Count",
"2301701325","Maine","Town of Andover (Oxford County)","692","1","Assigned Polling Place","No","Hand marked paper ballots and BMDs","Hand Count and Optical Scan",
"2301704825","Maine","Town of Bethel (Oxford County)","2141","1","Assigned Polling Place","No","Hand marked paper ballots and BMDs","Hand Count and Optical Scan",
"2301708150","Maine","Town of Brownfield (Oxford County)","1148","1","Assigned Polling Place","No","Hand marked paper ballots and BMDs","Hand Count and Optical Scan",
"2301708710","Maine","Town of Buckfield (Oxford County)","1417","1","Assigned Polling Place","No","Hand marked paper ballots and BMDs","Hand Count and Optical Scan",
"2301709550","Maine","Town of Byron (Oxford County)","110","1","Assigned Polling Place","No","Hand marked paper ballots and BMDs","Hand Count and Optical Scan",
"2301710005","Maine","Town of Canton (Oxford County)","823","1","Assigned Polling Place","No","Hand marked paper ballots and BMDs","Hand Count and Optical Scan",
"2301717250","Maine","Town of Denmark (Oxford County)","970","1","Assigned Polling Place","No","Hand marked paper ballots and BMDs","Hand Count and Optical Scan",
"2301717740","Maine","Town of Dixfield (Oxford County)","1738","1","Assigned Polling Place","No","Hand marked paper ballots and BMDs","Hand Count and Optical Scan",
"2301726910","Maine","Town of Fryeburg (Oxford County)","2958","1","Assigned Polling Place","No","Hand marked paper ballots and BMDs","Hand Count and Optical Scan",
"2301727505","Maine","Town of Gilead (Oxford County)","166","1","Assigned Polling Place","No","Hand marked paper ballots and BMDs","Hand Count and Optical Scan",
"2301729710","Maine","Town of Greenwood (Oxford County)","605","1","Assigned Polling Place","No","Hand marked paper ballots and BMDs","Hand Count and Optical Scan",
"2301731110","Maine","Town of Hanover (Oxford County)","220","1","Assigned Polling Place","No","Hand marked paper ballots and BMDs","Hand Count and Optical Scan",
"2301731670","Maine","Town of Hartford (Oxford County)","872","1","Assigned Polling Place","No","Hand marked paper ballots and BMDs","Hand Count and Optical Scan",
"2301732370","Maine","Town of Hebron (Oxford County)","865","1","Assigned Polling Place","No","Hand marked paper ballots and BMDs","Hand Count and Optical Scan",
"2301733315","Maine","Town of Hiram (Oxford County)","1083","2","Assigned Polling Place","No","Hand marked paper ballots and BMDs","Hand Count and Optical Scan",
"2301739422","Maine","Lincoln Plantation (Oxford County)","32","1","Assigned Polling Place","No","Hand marked paper ballots and BMDs","Hand Count and Optical Scan",
"2301741365","Maine","Town of Lovell (Oxford County)","870","1","Assigned Polling Place","No","Hand marked paper ballots and BMDs","Hand Count and Optical Scan",
"2301742835","Maine","Magalloway Plantation (Oxford County)","32","1","Assigned Polling Place","No","Hand marked paper ballots and BMDs","Hand Count and Optical Scan",
"2301745285","Maine","Town of Mexico (Oxford County)","2029","1","Assigned Polling Place","No","Hand marked paper ballots and BMDs","Hand Count and Optical Scan",
"2301749275","Maine","Town of Newry (Oxford County)","268","1","Assigned Polling Place","No","Hand marked paper ballots and BMDs","Hand Count and Optical Scan",
"2301754000","Maine","Town of Norway (Oxford County)","3803","1","Assigned Polling Place","No","Hand marked paper ballots and BMDs","Hand Count and Optical Scan",
"2301755960","Maine","Town of Otisfield (Oxford County)","1362","1","Assigned Polling Place","No","Hand marked paper ballots and BMDs","Hand Count and Optical Scan",
"2301756310","Maine","Town of Oxford (Oxford County)","3147","1","Assigned Polling Place","No","Hand marked paper ballots and BMDs","Hand Count and Optical Scan",
"2301756625","Maine","Town of Paris (Oxford County)","3557","1","Assigned Polling Place","No","Hand marked paper ballots and BMDs","Hand Count and Optical Scan",
"2301758270","Maine","Town of Peru (Oxford County)","1179","1","Assigned Polling Place","No","Hand marked paper ballots and BMDs","Hand Count and Optical Scan",
"2301760405","Maine","Town of Porter (Oxford County)","1006","1","Assigned Polling Place","No","Hand marked paper ballots and BMDs","Hand Count and Optical Scan",
"2301764185","Maine","Town of Roxbury (Oxford County)","371","1","Assigned Polling Place","No","Hand marked paper ballots and BMDs","Hand Count and Optical Scan",
"2301764290","Maine","Town of Rumford (Oxford County)","4845","1","Assigned Polling Place","No","Hand marked paper ballots and BMDs","Hand Count and Optical Scan",
"2301774510","Maine","Town of Stoneham (Oxford County)","221","1","Assigned Polling Place","No","Hand marked paper ballots and BMDs","Hand Count and Optical Scan",
"2301774685","Maine","Town of Stow (Oxford County)","247","1","Assigned Polling Place","No","Hand marked paper ballots and BMDs","Hand Count and Optical Scan",
"2301775035","Maine","Town of Sumner (Oxford County)","652","1","Assigned Polling Place","No","Hand marked paper ballots and BMDs","Hand Count and Optical Scan",
"2301775595","Maine","Town of Sweden (Oxford County)","271","1","Assigned Polling Place","No","Hand marked paper ballots and BMDs","Hand Count and Optical Scan",
"2301778465","Maine","Town of Upton (Oxford County)","83","1","Assigned Polling Place","No","Hand marked paper ballots and BMDs","Hand Count and Optical Scan",
"2301780635","Maine","Town of Waterford (Oxford County)","1120","1","Assigned Polling Place","No","Hand marked paper ballots and BMDs","Hand Count and Optical Scan",
"2301783890","Maine","Town of West Paris (Oxford County)","1257","1","Assigned Polling Place","No","Hand marked paper ballots and BMDs","Hand Count and Optical Scan",
"2301787355","Maine","Town of Woodstock (Oxford County)","1106","1","Assigned Polling Place","No","Hand marked paper ballots and BMDs","Hand Count and Optical Scan",
"2301901115","Maine","Town of Alton (Penobscot County)","637","1","Assigned Polling Place","No","Hand marked paper ballots and BMDs","Hand Count and Optical Scan",
"2301902795","Maine","City of Bangor (Penobscot County)","21816","4","Assigned Polling Place","No","Hand marked paper ballots and BMDs","Hand Count and Optical Scan",
"2301906575","Maine","Town of Bradford (Penobscot County)","863","1","Assigned Polling Place","No","Hand marked paper ballots and BMDs","Hand Count and Optical Scan",
"2301906680","Maine","Town of Bradley (Penobscot County)","1203","1","Assigned Polling Place","No","Hand marked paper ballots and BMDs","Hand Count and Optical Scan",
"2301906925","Maine","City of Brewer (Penobscot County)","7507","1","Assigned Polling Place","No","Hand marked paper ballots and BMDs","Hand Count and Optical Scan",
"2301909200","Maine","Town of Burlington (Penobscot County)","261","1","Assigned Polling Place","No","Hand marked paper ballots and BMDs","Hand Count and Optical Scan",
"2301910670","Maine","Town of Carmel (Penobscot County)","1933","1","Assigned Polling Place","No","Hand marked paper ballots and BMDs","Hand Count and Optical Scan",
"2301910810","Maine","Carroll Plantation (Penobscot County)","104","1","Assigned Polling Place","No","Hand marked paper ballots and BMDs","Hand Count and Optical Scan",
"2301912105","Maine","Town of Charleston (Penobscot County)","999","1","Assigned Polling Place","No","Hand marked paper ballots and BMDs","Hand Count and Optical Scan",
"2301912525","Maine","Town of Chester (Penobscot County)","438","1","Assigned Polling Place","No","Hand marked paper ballots and BMDs","Hand Count and Optical Scan",
"2301913365","Maine","Town of Clifton (Penobscot County)","664","1","Assigned Polling Place","No","Hand marked paper ballots and BMDs","Hand Count and Optical Scan",
"2301914310","Maine","Town of Corinna (Penobscot County)","1447","1","Assigned Polling Place","No","Hand marked paper ballots and BMDs","Hand Count and Optical Scan",
"2301914380","Maine","Town of Corinth (Penobscot County)","2018","1","Assigned Polling Place","No","Hand marked paper ballots and BMDs","Hand Count and Optical Scan",
"2301917530","Maine","Town of Dexter (Penobscot County)","2433","1","Assigned Polling Place","No","Hand marked paper ballots and BMDs","Hand Count and Optical Scan",
"2301917950","Maine","Town of Dixmont (Penobscot County)","853","1","Assigned Polling Place","No","Hand marked paper ballots and BMDs","Hand Count and Optical Scan",
"2301918580","Maine","Drew Plantation (Penobscot County)","32","1","Assigned Polling Place","No","Hand marked paper ballots and BMDs","Hand Count and Optical Scan",
"2301921030","Maine","Town of East Millinocket (Penobscot County)","1295","1","Assigned Polling Place","No","Hand marked paper ballots and BMDs","Hand Count and Optical Scan",
"2301922535","Maine","Town of Eddington (Penobscot County)","1603","1","Assigned Polling Place","No","Hand marked paper ballots and BMDs","Hand Count and Optical Scan",
"2301922710","Maine","Town of Edinburg (Penobscot County)","137","1","Assigned Polling Place","No","Hand marked paper ballots and BMDs","Hand Count and Optical Scan",
"2301923620","Maine","Town of Enfield (Penobscot County)","1280","1","Assigned Polling Place","No","Hand marked paper ballots and BMDs","Hand Count and Optical Scan",
"2301923865","Maine","Town of Etna (Penobscot County)","864","1","Assigned Polling Place","No","Hand marked paper ballots and BMDs","Hand Count and Optical Scan",
"2301924110","Maine","Town of Exeter (Penobscot County)","763","1","Assigned Polling Place","No","Hand marked paper ballots and BMDs","Hand Count and Optical Scan",
"2301927190","Maine","Town of Garland (Penobscot County)","731","1","Assigned Polling Place","No","Hand marked paper ballots and BMDs","Hand Count and Optical Scan",
"2301927645","Maine","Town of Glenburn (Penobscot County)","3091","1","Assigned Polling Place","No","Hand marked paper ballots and BMDs","Hand Count and Optical Scan",
"2301929185","Maine","Town of Greenbush (Penobscot County)","957","1","Assigned Polling Place","No","Hand marked paper ballots and BMDs","Hand Count and Optical Scan",
"2301930795","Maine","Town of Hampden (Penobscot County)","5643","1","Assigned Polling Place","No","Hand marked paper ballots and BMDs","Hand Count and Optical Scan",
"2301932510","Maine","Town of Hermon (Penobscot County)","4056","1","Assigned Polling Place","No","Hand marked paper ballots and BMDs","Hand Count and Optical Scan",
"2301933490","Maine","Town of Holden (Penobscot County)","2609","1","Assigned Polling Place","No","Hand marked paper ballots and BMDs","Hand Count and Optical Scan",
"2301934190","Maine","Town of Howland (Penobscot County)","879","1","Assigned Polling Place","No","Hand marked paper ballots and BMDs","Hand Count and Optical Scan",
"2301934365","Maine","Town of Hudson (Penobscot County)","1019","1","Assigned Polling Place","No","Hand marked paper ballots and BMDs","Hand Count and Optical Scan",
"2301936325","Maine","Town of Kenduskeag (Penobscot County)","974","1","Assigned Polling Place","No","Hand marked paper ballots and BMDs","Hand Count and Optical Scan",
"2301937075","Maine","Kingman Township (Penobscot County)","137","1","Assigned Polling Place","No","Hand marked paper ballots and BMDs","Hand Count and Optical Scan",
"2301937760","Maine","Town of Lagrange (Penobscot County)","682","1","Assigned Polling Place","No","Hand marked paper ballots and BMDs","Hand Count and Optical Scan",
"2301938005","Maine","Town of Lakeville (Penobscot County)","100","1","Assigned Polling Place","No","Hand marked paper ballots and BMDs","Hand Count and Optical Scan",
"2301938530","Maine","Town of Lee (Penobscot County)","730","1","Assigned Polling Place","No","Hand marked paper ballots and BMDs","Hand Count and Optical Scan",
"2301938705","Maine","Town of Levant (Penobscot County)","1801","1","Assigned Polling Place","No","Hand marked paper ballots and BMDs","Hand Count and Optical Scan",
"2301939475","Maine","Town of Lincoln (Penobscot County)","3257","1","Assigned Polling Place","No","Hand marked paper ballots and BMDs","Hand Count and Optical Scan",
"2301941435","Maine","Town of Lowell (Penobscot County)","306","1","Assigned Polling Place","No","Hand marked paper ballots and BMDs","Hand Count and Optical Scan",
"2301944270","Maine","Town of Mattawamkeag (Penobscot County)","585","1","Assigned Polling Place","No","Hand marked paper ballots and BMDs","Hand Count and Optical Scan",
"2301944340","Maine","Town of Maxfield (Penobscot County)","75","1","Assigned Polling Place","No","Hand marked paper ballots and BMDs","Hand Count and Optical Scan",
"2301945005","Maine","Town of Medway (Penobscot County)","1232","1","Assigned Polling Place","No","Hand marked paper ballots and BMDs","Hand Count and Optical Scan",
"2301945670","Maine","Town of Milford (Penobscot County)","2489","1","Assigned Polling Place","No","Hand marked paper ballots and BMDs","Hand Count and Optical Scan",
"2301945810","Maine","Town of Millinocket (Penobscot County)","3925","1","Assigned Polling Place","No","Hand marked paper ballots and BMDs","Hand Count and Optical Scan",
"2301947560","Maine","Town of Mount Chase (Penobscot County)","158","1","Assigned Polling Place","No","Hand marked paper ballots and BMDs","Hand Count and Optical Scan",
"2301948505","Maine","Town of Newburgh (Penobscot County)","1063","1","Assigned Polling Place","No","Hand marked paper ballots and BMDs","Hand Count and Optical Scan",
"2301949065","Maine","Town of Newport (Penobscot County)","2334","1","Assigned Polling Place","No","Hand marked paper ballots and BMDs","Hand Count and Optical Scan",
"2301955225","Maine","City of Old Town (Penobscot County)","7165","1","Assigned Polling Place","No","Hand marked paper ballots and BMDs","Hand Count and Optical Scan",
"2301955565","Maine","Town of Orono (Penobscot County)","7862","4","Assigned Polling Place","No","Hand marked paper ballots and BMDs","Hand Count and Optical Scan",
"2301955680","Maine","Town of Orrington (Penobscot County)","2937","1","Assigned Polling Place","No","Hand marked paper ballots and BMDs","Hand Count and Optical Scan",
"2301957045","Maine","Town of Passadumkeag (Penobscot County)","295","1","Assigned Polling Place","No","Hand marked paper ballots and BMDs","Hand Count and Optical Scan",
"2301957150","Maine","Town of Patten (Penobscot County)","715","1","Assigned Polling Place","No","Hand marked paper ballots and BMDs","Hand Count and Optical Scan",
"2301957937","Maine","Penobscot Nation Voting District (Penobscot County)","374","1","Assigned Polling Place","No","Hand marked paper ballots and BMDs","Hand Count and Optical Scan",
"2301959950","Maine","Town of Plymouth (Penobscot County)","977","1","Assigned Polling Place","No","Hand marked paper ballots and BMDs","Hand Count and Optical Scan",
"2301960790","Maine","Prentiss Township (Penobscot County)","125","1","Assigned Polling Place","No","Hand marked paper ballots and BMDs","Hand Count and Optical Scan",
"2301967160","Maine","Seboeis Plantation (Penobscot County)","35","1","Assigned Polling Place","No","Hand marked paper ballots and BMDs","Hand Count and Optical Scan",
"2301973250","Maine","Town of Springfield (Penobscot County)","268","1","Assigned Polling Place","No","Hand marked paper ballots and BMDs","Hand Count and Optical Scan",
"2301973600","Maine","Town of Stacyville (Penobscot County)","312","1","Assigned Polling Place","No","Hand marked paper ballots and BMDs","Hand Count and Optical Scan",
"2301974055","Maine","Town of Stetson (Penobscot County)","954","1","Assigned Polling Place","No","Hand marked paper ballots and BMDs","Hand Count and Optical Scan",
"2301978780","Maine","Town of Veazie (Penobscot County)","1327","1","Assigned Polling Place","No","Hand marked paper ballots and BMDs","Hand Count and Optical Scan",
"2301981055","Maine","Webster Plantation (Penobscot County)","59","1","Assigned Polling Place","No","Hand marked paper ballots and BMDs","Hand Count and Optical Scan",
"2301986305","Maine","Town of Winn (Penobscot County)","291","1","Assigned Polling Place","No","Hand marked paper ballots and BMDs","Hand Count and Optical Scan",
"2301987390","Maine","Town of Woodville (Penobscot County)","158","1","Assigned Polling Place","No","Hand marked paper ballots and BMDs","Hand Count and Optical Scan",
"2302100100","Maine","Town of Abbot (Piscataquis County)","475","1","Assigned Polling Place","No","Hand marked paper ballots and BMDs","Hand Count and Optical Scan",
"2302101920","Maine","Town of Atkinson (Piscataquis County)","239","1","Assigned Polling Place","No","Hand marked paper ballots and BMDs","Hand Count and Optical Scan",
"2302103740","Maine","Town of Beaver Cove (Piscataquis County)","119","1","Assigned Polling Place","No","Hand marked paper ballots and BMDs","Hand Count and Optical Scan",
"2302106400","Maine","Town of Bowerbank (Piscataquis County)","95","1","Assigned Polling Place","No","Hand marked paper ballots and BMDs","Hand Count and Optical Scan",
"2302108325","Maine","Town of Brownville (Piscataquis County)","1003","1","Assigned Polling Place","No","Hand marked paper ballots and BMDs","Hand Count and Optical Scan",
"2302118195","Maine","Town of Dover-Foxcroft (Piscataquis County)","3115","1","Assigned Polling Place","No","Hand marked paper ballots and BMDs","Hand Count and Optical Scan",
"2302129535","Maine","Town of Greenville (Piscataquis County)","1608","1","Assigned Polling Place","No","Hand marked paper ballots and BMDs","Hand Count and Optical Scan",
"2302130095","Maine","Town of Guilford (Piscataquis County)","888","1","Assigned Polling Place","No","Hand marked paper ballots and BMDs","Hand Count and Optical Scan",
"2302137095","Maine","Kingsbury Plantation (Piscataquis County)","19","1","Assigned Polling Place","No","Hand marked paper ballots and BMDs","Hand Count and Optical Scan",
"2302137970","Maine","Lake View Plantation (Piscataquis County)","75","1","Assigned Polling Place","No","Hand marked paper ballots and BMDs","Hand Count and Optical Scan",
"2302144830","Maine","Town of Medford (Piscataquis County)","161","1","Assigned Polling Place","No","Hand marked paper ballots and BMDs","Hand Count and Optical Scan",
"2302146020","Maine","Town of Milo (Piscataquis County)","1843","1","Assigned Polling Place","No","Hand marked paper ballots and BMDs","Hand Count and Optical Scan",
"2302146580","Maine","Town of Monson (Piscataquis County)","661","1","Assigned Polling Place","No","Hand marked paper ballots and BMDs","Hand Count and Optical Scan",
"2302156765","Maine","Town of Parkman (Piscataquis County)","617","1","Assigned Polling Place","No","Hand marked paper ballots and BMDs","Hand Count and Optical Scan",
"2302165865","Maine","Town of Sangerville (Piscataquis County)","1090","1","Assigned Polling Place","No","Hand marked paper ballots and BMDs","Hand Count and Optical Scan",
"2302166950","Maine","Town of Sebec (Piscataquis County)","458","1","Assigned Polling Place","No","Hand marked paper ballots and BMDs","Hand Count and Optical Scan",
"2302168140","Maine","Town of Shirley (Piscataquis County)","176","1","Assigned Polling Place","No","Hand marked paper ballots and BMDs","Hand Count and Optical Scan",
"2302181405","Maine","Town of Wellington (Piscataquis County)","208","1","Assigned Polling Place","No","Hand marked paper ballots and BMDs","Hand Count and Optical Scan",
"2302185710","Maine","Town of Willimantic (Piscataquis County)","135","1","Assigned Polling Place","No","Hand marked paper ballots and BMDs","Hand Count and Optical Scan",
"2302301570","Maine","Town of Arrowsic (Sagadahoc County)","396","1","Assigned Polling Place","No","Hand marked paper ballots and BMDs","Hand Count and Optical Scan",
"2302303355","Maine","City of Bath (Sagadahoc County)","7126","1","Assigned Polling Place","No","Hand marked paper ballots and BMDs","Hand Count and Optical Scan",
"2302306260","Maine","Town of Bowdoin (Sagadahoc County)","2269","1","Assigned Polling Place","No","Hand marked paper ballots and BMDs","Hand Count and Optical Scan",
"2302306365","Maine","Town of Bowdoinham (Sagadahoc County)","2377","1","Assigned Polling Place","No","Hand marked paper ballots and BMDs","Hand Count and Optical Scan",
"2302327295","Maine","Town of Georgetown (Sagadahoc County)","993","1","Assigned Polling Place","No","Hand marked paper ballots and BMDs","Hand Count and Optical Scan",
"2302358515","Maine","Town of Phippsburg (Sagadahoc County)","1802","1","Assigned Polling Place","No","Hand marked paper ballots and BMDs","Hand Count and Optical Scan",
"2302362645","Maine","Town of Richmond (Sagadahoc County)","2434","1","Assigned Polling Place","No","Hand marked paper ballots and BMDs","Hand Count and Optical Scan",
"2302376960","Maine","Town of Topsham (Sagadahoc County)","6614","1","Assigned Polling Place","No","Hand marked paper ballots and BMDs","Hand Count and Optical Scan",
"2302381930","Maine","Town of West Bath (Sagadahoc County)","1517","1","Assigned Polling Place","No","Hand marked paper ballots and BMDs","Hand Count and Optical Scan",
"2302387460","Maine","Town of Woolwich (Sagadahoc County)","2467","1","Assigned Polling Place","No","Hand marked paper ballots and BMDs","Hand Count and Optical Scan",
"2302501395","Maine","Town of Anson (Somerset County)","1646","1","Assigned Polling Place","No","Hand marked paper ballots and BMDs","Hand Count and Optical Scan",
"2302501885","Maine","Town of Athens (Somerset County)","775","1","Assigned Polling Place","No","Hand marked paper ballots and BMDs","Hand Count and Optical Scan",
"2302505000","Maine","Town of Bingham (Somerset County)","767","1","Assigned Polling Place","No","Hand marked paper ballots and BMDs","Hand Count and Optical Scan",
"2302507380","Maine","Brighton Plantation (Somerset County)","65","1","Assigned Polling Place","No","Hand marked paper ballots and BMDs","Hand Count and Optical Scan",
"2302509655","Maine","Town of Cambridge (Somerset County)","349","1","Assigned Polling Place","No","Hand marked paper ballots and BMDs","Hand Count and Optical Scan",
"2302509935","Maine","Town of Canaan (Somerset County)","1532","1","Assigned Polling Place","No","Hand marked paper ballots and BMDs","Hand Count and Optical Scan",
"2302510495","Maine","Town of Caratunk (Somerset County)","79","1","Assigned Polling Place","No","Hand marked paper ballots and BMDs","Hand Count and Optical Scan",
"2302514555","Maine","Town of Cornville (Somerset County)","949","1","Assigned Polling Place","No","Hand marked paper ballots and BMDs","Hand Count and Optical Scan",
"2302517285","Maine","Dennistown Plantation (Somerset County)","31","1","Assigned Polling Place","No","Hand marked paper ballots and BMDs","Hand Count and Optical Scan",
"2302517460","Maine","Town of Detroit (Somerset County)","590","1","Assigned Polling Place","No","Hand marked paper ballots and BMDs","Hand Count and Optical Scan",
"2302523410","Maine","Town of Embden (Somerset County)","793","1","Assigned Polling Place","No","Hand marked paper ballots and BMDs","Hand Count and Optical Scan",
"2302524320","Maine","Town of Fairfield (Somerset County)","4467","1","Assigned Polling Place","No","Hand marked paper ballots and BMDs","Hand Count and Optical Scan",
"2302531355","Maine","Town of Harmony (Somerset County)","710","1","Assigned Polling Place","No","Hand marked paper ballots and BMDs","Hand Count and Optical Scan",
"2302531740","Maine","Town of Hartland (Somerset County)","1083","1","Assigned Polling Place","No","Hand marked paper ballots and BMDs","Hand Count and Optical Scan",
"2302532895","Maine","Highland Plantation (Somerset County)","151","1","Assigned Polling Place","No","Hand marked paper ballots and BMDs","Hand Count and Optical Scan",
"2302535345","Maine","Town of Jackman (Somerset County)","728","1","Assigned Polling Place","No","Hand marked paper ballots and BMDs","Hand Count and Optical Scan",
"2302542660","Maine","Town of Madison (Somerset County)","3199","1","Assigned Polling Place","No","Hand marked paper ballots and BMDs","Hand Count and Optical Scan",
"2302545110","Maine","Town of Mercer (Somerset County)","561","1","Assigned Polling Place","No","Hand marked paper ballots and BMDs","Hand Count and Optical Scan",
"2302547140","Maine","Town of Moose River (Somerset County)","159","1","Assigned Polling Place","No","Hand marked paper ballots and BMDs","Hand Count and Optical Scan",
"2302547455","Maine","Town of Moscow (Somerset County)","369","1","Assigned Polling Place","No","Hand marked paper ballots and BMDs","Hand Count and Optical Scan",
"2302549205","Maine","Town of New Portland (Somerset County)","534","1","Assigned Polling Place","No","Hand marked paper ballots and BMDs","Hand Count and Optical Scan",
"2302549835","Maine","Town of Norridgewock (Somerset County)","2295","1","Assigned Polling Place","No","Hand marked paper ballots and BMDs","Hand Count and Optical Scan",
"2302556520","Maine","Town of Palmyra (Somerset County)","1494","1","Assigned Polling Place","No","Hand marked paper ballots and BMDs","Hand Count and Optical Scan",
"2302559005","Maine","Town of Pittsfield (Somerset County)","3442","1","Assigned Polling Place","No","Hand marked paper ballots and BMDs","Hand Count and Optical Scan",
"2302559705","Maine","Pleasant Ridge Plantation (Somerset County)","73","1","Assigned Polling Place","No","Hand marked paper ballots and BMDs","Hand Count and Optical Scan",
"2302562995","Maine","Town of Ripley (Somerset County)","350","1","Assigned Polling Place","No","Hand marked paper ballots and BMDs","Hand Count and Optical Scan",
"2309999905","Maine","Rockwood Strip Township (Somerset County)","266","1","Assigned Polling Place","No","Hand marked paper ballots and BMDs","Hand Count",
"2302564850","Maine","Town of Saint Albans (Somerset County)","1385","1","Assigned Polling Place","No","Hand marked paper ballots and BMDs","Hand Count and Optical Scan",
"2302568910","Maine","Town of Skowhegan (Somerset County)","6313","1","Assigned Polling Place","No","Hand marked paper ballots and BMDs","Hand Count and Optical Scan",
"2302569155","Maine","Town of Smithfield (Somerset County)","736","1","Assigned Polling Place","No","Hand marked paper ballots and BMDs","Hand Count and Optical Scan",
"2302569505","Maine","Town of Solon (Somerset County)","753","1","Assigned Polling Place","No","Hand marked paper ballots and BMDs","Hand Count and Optical Scan",
"2302573845","Maine","Town of Starks (Somerset County)","511","1","Assigned Polling Place","No","Hand marked paper ballots and BMDs","Hand Count and Optical Scan",
"2302576190","Maine","The Forks Plantation (Somerset County)","59","1","Assigned Polling Place","No","Hand marked paper ballots and BMDs","Hand Count and Optical Scan",
"2302582840","Maine","West Forks Plantation (Somerset County)","47","1","Assigned Polling Place","No","Hand marked paper ballots and BMDs","Hand Count and Optical Scan",
"2302703950","Maine","City of Belfast (Waldo County)","4968","3","Assigned Polling Place","No","Hand marked paper ballots and BMDs","Hand Count and Optical Scan",
"2302704125","Maine","Town of Belmont (Waldo County)","628","1","Assigned Polling Place","No","Hand marked paper ballots and BMDs","Hand Count and Optical Scan",
"2302707870","Maine","Town of Brooks (Waldo County)","667","1","Assigned Polling Place","No","Hand marked paper ballots and BMDs","Hand Count and Optical Scan",
"2302709270","Maine","Town of Burnham (Waldo County)","859","1","Assigned Polling Place","No","Hand marked paper ballots and BMDs","Hand Count and Optical Scan",
"2302726280","Maine","Town of Frankfort (Waldo County)","878","1","Assigned Polling Place","No","Hand marked paper ballots and BMDs","Hand Count and Optical Scan",
"2302726420","Maine","Town of Freedom (Waldo County)","558","1","Assigned Polling Place","No","Hand marked paper ballots and BMDs","Hand Count and Optical Scan",
"2302735240","Maine","Town of Islesboro (Waldo County)","556","1","Assigned Polling Place","No","Hand marked paper ballots and BMDs","Hand Count and Optical Scan",
"2302735450","Maine","Town of Jackson (Waldo County)","372","1","Assigned Polling Place","No","Hand marked paper ballots and BMDs","Hand Count and Optical Scan",
"2302737585","Maine","Town of Knox (Waldo County)","535","1","Assigned Polling Place","No","Hand marked paper ballots and BMDs","Hand Count and Optical Scan",
"2302739055","Maine","Town of Liberty (Waldo County)","659","1","Assigned Polling Place","No","Hand marked paper ballots and BMDs","Hand Count and Optical Scan",
"2302739755","Maine","Town of Lincolnville (Waldo County)","1713","1","Assigned Polling Place","No","Hand marked paper ballots and BMDs","Hand Count and Optical Scan",
"2302746475","Maine","Town of Monroe (Waldo County)","752","1","Assigned Polling Place","No","Hand marked paper ballots and BMDs","Hand Count and Optical Scan",
"2302746790","Maine","Town of Montville (Waldo County)","712","1","Assigned Polling Place","No","Hand marked paper ballots and BMDs","Hand Count and Optical Scan",
"2302747245","Maine","Town of Morrill (Waldo County)","626","1","Assigned Polling Place","No","Hand marked paper ballots and BMDs","Hand Count and Optical Scan",
"2302752845","Maine","Town of Northport (Waldo County)","1118","1","Assigned Polling Place","No","Hand marked paper ballots and BMDs","Hand Count and Optical Scan",
"2302756450","Maine","Town of Palermo (Waldo County)","1029","1","Assigned Polling Place","No","Hand marked paper ballots and BMDs","Hand Count and Optical Scan",
"2302761210","Maine","Town of Prospect (Waldo County)","522","1","Assigned Polling Place","No","Hand marked paper ballots and BMDs","Hand Count and Optical Scan",
"2302766565","Maine","Town of Searsmont (Waldo County)","946","1","Assigned Polling Place","No","Hand marked paper ballots and BMDs","Hand Count and Optical Scan",
"2302766635","Maine","Town of Searsport (Waldo County)","2218","1","Assigned Polling Place","No","Hand marked paper ballots and BMDs","Hand Count and Optical Scan",
"2302774475","Maine","Town of Stockton Springs (Waldo County)","1271","1","Assigned Polling Place","No","Hand marked paper ballots and BMDs","Hand Count and Optical Scan",
"2302775525","Maine","Town of Swanville (Waldo County)","1127","1","Assigned Polling Place","No","Hand marked paper ballots and BMDs","Hand Count and Optical Scan",
"2302776610","Maine","Town of Thorndike (Waldo County)","594","1","Assigned Polling Place","No","Hand marked paper ballots and BMDs","Hand Count and Optical Scan",
"2302777625","Maine","Town of Troy (Waldo County)","692","1","Assigned Polling Place","No","Hand marked paper ballots and BMDs","Hand Count and Optical Scan",
"2302778255","Maine","Town of Unity (Waldo County)","1481","1","Assigned Polling Place","No","Hand marked paper ballots and BMDs","Hand Count and Optical Scan",
"2302779480","Maine","Town of Waldo (Waldo County)","561","1","Assigned Polling Place","No","Hand marked paper ballots and BMDs","Hand Count and Optical Scan",
"2302786760","Maine","Town of Winterport (Waldo County)","3039","1","Assigned Polling Place","No","Hand marked paper ballots and BMDs","Hand Count and Optical Scan",
"2302900380","Maine","Town of Addison (Washington County)","780","1","Assigned Polling Place","No","Hand marked paper ballots and BMDs","Hand Count",
"2302900660","Maine","Town of Alexander (Washington County)","391","1","Assigned Polling Place","No","Hand marked paper ballots and BMDs","Hand Count",
"2302902480","Maine","Town of Baileyville (Washington County)","1070","1","Assigned Polling Place","No","Hand marked paper ballots and BMDs","Hand Count",
"2302902970","Maine","Baring Plantation (Washington County)","169","1","Assigned Polling Place","No","Hand marked paper ballots and BMDs","Hand Count",
"2302903670","Maine","Town of Beals (Washington County)","388","1","Assigned Polling Place","No","Hand marked paper ballots and BMDs","Hand Count",
"2302903810","Maine","Town of Beddington (Washington County)","41","1","Assigned Polling Place","No","Hand marked paper ballots and BMDs","Hand Count",
"2302909585","Maine","City of Calais (Washington County)","2332","1","Assigned Polling Place","No","Hand marked paper ballots and BMDs","Hand Count",
"2302912175","Maine","Town of Charlotte (Washington County)","224","1","Assigned Polling Place","No","Hand marked paper ballots and BMDs","Hand Count",
"2302912455","Maine","Town of Cherryfield (Washington County)","889","1","Assigned Polling Place","No","Hand marked paper ballots and BMDs","Hand Count",
"2302913750","Maine","Town of Columbia (Washington County)","312","1","Assigned Polling Place","No","Hand marked paper ballots and BMDs","Hand Count",
"2302913820","Maine","Town of Columbia Falls (Washington County)","455","1","Assigned Polling Place","No","Hand marked paper ballots and BMDs","Hand Count",
"2302914100","Maine","Town of Cooper (Washington County)","156","1","Assigned Polling Place","No","Hand marked paper ballots and BMDs","Hand Count",
"2302914940","Maine","Town of Crawford (Washington County)","86","1","Assigned Polling Place","No","Hand marked paper ballots and BMDs","Hand Count",
"2302915920","Maine","Town of Cutler (Washington County)","402","1","Assigned Polling Place","No","Hand marked paper ballots and BMDs","Hand Count",
"2302916410","Maine","Town of Danforth (Washington County)","607","1","Assigned Polling Place","No","Hand marked paper ballots and BMDs","Hand Count",
"2302916865","Maine","Town of Deblois (Washington County)","39","1","Assigned Polling Place","No","Hand marked paper ballots and BMDs","Hand Count",
"2302917355","Maine","Town of Dennysville (Washington County)","238","1","Assigned Polling Place","No","Hand marked paper ballots and BMDs","Hand Count",
"2302920960","Maine","Town of East Machias (Washington County)","902","1","Assigned Polling Place","No","Hand marked paper ballots and BMDs","Hand Count",
"2302921730","Maine","City of Eastport (Washington County)","1127","1","Assigned Polling Place","No","Hand marked paper ballots and BMDs","Hand Count",
"2309999903","Maine","Edmunds Township (Washington County)","244","1","Assigned Polling Place","No","Hand marked paper ballots and BMDs","Hand Count",
"2302928660","Maine","Grand Lake Stream Plantation (Washington County)","140","1","Assigned Polling Place","No","Hand marked paper ballots and BMDs","Hand Count",
"2302931530","Maine","Town of Harrington (Washington County)","515","1","Assigned Polling Place","No","Hand marked paper ballots and BMDs","Hand Count",
"2309999904","Maine","Indian Township (Washington County)","452","1","Assigned Polling Place","No","Hand marked paper ballots and BMDs","Hand Count",
"2302935905","Maine","Town of Jonesboro (Washington County)","411","1","Assigned Polling Place","No","Hand marked paper ballots and BMDs","Hand Count",
"2302936010","Maine","Town of Jonesport (Washington County)","928","1","Assigned Polling Place","No","Hand marked paper ballots and BMDs","Hand Count",
"2302941610","Maine","Town of Lubec (Washington County)","1307","1","Assigned Polling Place","No","Hand marked paper ballots and BMDs","Hand Count",
"2302941960","Maine","Town of Machias (Washington County)","1847","1","Assigned Polling Place","No","Hand marked paper ballots and BMDs","Hand Count",
"2302942100","Maine","Town of Machiasport (Washington County)","809","1","Assigned Polling Place","No","Hand marked paper ballots and BMDs","Hand Count",
"2302943640","Maine","Town of Marshfield (Washington County)","388","1","Assigned Polling Place","No","Hand marked paper ballots and BMDs","Hand Count",
"2302944760","Maine","Town of Meddybemps (Washington County)","117","1","Assigned Polling Place","No","Hand marked paper ballots and BMDs","Hand Count",
"2302945600","Maine","Town of Milbridge (Washington County)","1090","1","Assigned Polling Place","No","Hand marked paper ballots and BMDs","Hand Count",
"2302951375","Maine","Town of Northfield (Washington County)","130","1","Assigned Polling Place","No","Hand marked paper ballots and BMDs","Hand Count",
"2302957780","Maine","Town of Pembroke (Washington County)","637","1","Assigned Polling Place","No","Hand marked paper ballots and BMDs","Hand Count",
"2302958165","Maine","Town of Perry (Washington County)","656","1","Assigned Polling Place","No","Hand marked paper ballots and BMDs","Hand Count",
"2302957090","Maine","Pleasant Point Voting District (Washington County)","443","1","Assigned Polling Place","No","Hand marked paper ballots and BMDs","Hand Count",
"2302961035","Maine","Town of Princeton (Washington County)","672","1","Assigned Polling Place","No","Hand marked paper ballots and BMDs","Hand Count",
"2302963275","Maine","Town of Robbinston (Washington County)","452","1","Assigned Polling Place","No","Hand marked paper ballots and BMDs","Hand Count",
"2302963940","Maine","Town of Roque Bluffs (Washington County)","218","1","Assigned Polling Place","No","Hand marked paper ballots and BMDs","Hand Count",
"2302974125","Maine","Town of Steuben (Washington County)","950","1","Assigned Polling Place","No","Hand marked paper ballots and BMDs","Hand Count",
"2302975770","Maine","Town of Talmadge (Washington County)","43","1","Assigned Polling Place","No","Hand marked paper ballots and BMDs","Hand Count",
"2302976895","Maine","Town of Topsfield (Washington County)","197","1","Assigned Polling Place","No","Hand marked paper ballots and BMDs","Hand Count",
"2302978675","Maine","Town of Vanceboro (Washington County)","149","1","Assigned Polling Place","No","Hand marked paper ballots and BMDs","Hand Count",
"2302979375","Maine","Town of Waite (Washington County)","62","1","Assigned Polling Place","No","Hand marked paper ballots and BMDs","Hand Count",
"2302981685","Maine","Town of Wesley (Washington County)","93","1","Assigned Polling Place","No","Hand marked paper ballots and BMDs","Hand Count",
"2302985185","Maine","Town of Whiting (Washington County)","430","1","Assigned Polling Place","No","Hand marked paper ballots and BMDs","Hand Count",
"2302985290","Maine","Town of Whitneyville (Washington County)","144","1","Assigned Polling Place","No","Hand marked paper ballots and BMDs","Hand Count",
"2303100275","Maine","Town of Acton (York County)","1926","1","Assigned Polling Place","No","Hand marked paper ballots and BMDs","Hand Count and Optical Scan",
"2303100730","Maine","Town of Alfred (York County)","2169","1","Assigned Polling Place","No","Hand marked paper ballots and BMDs","Hand Count and Optical Scan",
"2303101605","Maine","Town of Arundel (York County)","2929","1","Assigned Polling Place","No","Hand marked paper ballots and BMDs","Hand Count and Optical Scan",
"2303104720","Maine","Town of Berwick (York County)","5243","1","Assigned Polling Place","No","Hand marked paper ballots and BMDs","Hand Count and Optical Scan",
"2303104860","Maine","City of Biddeford (York County)","13324","7","Assigned Polling Place","No","Hand marked paper ballots and BMDs","Hand Count and Optical Scan",
"2303109410","Maine","Town of Buxton (York County)","6116","1","Assigned Polling Place","No","Hand marked paper ballots and BMDs","Hand Count and Optical Scan",
"2303114485","Maine","Town of Cornish (York County)","1103","1","Assigned Polling Place","No","Hand marked paper ballots and BMDs","Hand Count and Optical Scan",
"2303116725","Maine","Town of Dayton (York County)","1433","1","Assigned Polling Place","No","Hand marked paper ballots and BMDs","Hand Count and Optical Scan",
"2303122955","Maine","Town of Eliot (York County)","5381","1","Assigned Polling Place","No","Hand marked paper ballots and BMDs","Hand Count and Optical Scan",
"2303133665","Maine","Town of Hollis (York County)","3159","1","Assigned Polling Place","No","Hand marked paper ballots and BMDs","Hand Count and Optical Scan",
"2303136535","Maine","Town of Kennebunk (York County)","8748","1","Assigned Polling Place","No","Hand marked paper ballots and BMDs","Hand Count and Optical Scan",
"2303136745","Maine","Town of Kennebunkport (York County)","2802","1","Assigned Polling Place","No","Hand marked paper ballots and BMDs","Hand Count and Optical Scan",
"2303137270","Maine","Town of Kittery (York County)","6939","1","Assigned Polling Place","No","Hand marked paper ballots and BMDs","Hand Count and Optical Scan",
"2303138425","Maine","Town of Lebanon (York County)","4092","1","Assigned Polling Place","No","Hand marked paper ballots and BMDs","Hand Count and Optical Scan",
"2303139195","Maine","Town of Limerick (York County)","1918","1","Assigned Polling Place","No","Hand marked paper ballots and BMDs","Hand Count and Optical Scan",
"2303139405","Maine","Town of Limington (York County)","2333","1","Assigned Polling Place","No","Hand marked paper ballots and BMDs","Hand Count and Optical Scan",
"2303141750","Maine","Town of Lyman (York County)","3230","1","Assigned Polling Place","No","Hand marked paper ballots and BMDs","Hand Count and Optical Scan",
"2303148750","Maine","Town of Newfield (York County)","1061","1","Assigned Polling Place","No","Hand marked paper ballots and BMDs","Hand Count and Optical Scan",
"2303150325","Maine","Town of North Berwick (York County)","3283","1","Assigned Polling Place","No","Hand marked paper ballots and BMDs","Hand Count and Optical Scan",
"2303154980","Maine","Town of Ogunquit (York County)","1103","1","Assigned Polling Place","No","Hand marked paper ballots and BMDs","Hand Count and Optical Scan",
"2303155085","Maine","Town of Old Orchard Beach (York County)","7437","4","Assigned Polling Place","No","Hand marked paper ballots and BMDs","Hand Count and Optical Scan",
"2303156870","Maine","Town of Parsonsfield (York County)","1227","1","Assigned Polling Place","No","Hand marked paper ballots and BMDs","Hand Count and Optical Scan",
"2303164675","Maine","City of Saco (York County)","13438","7","Assigned Polling Place","No","Hand marked paper ballots and BMDs","Hand Count and Optical Scan",
"2303165760","Maine","Town of Sanford (York County)","13196","7","Assigned Polling Place","No","Hand marked paper ballots and BMDs","Hand Count and Optical Scan",
"2303167475","Maine","Town of Shapleigh (York County)","1927","1","Assigned Polling Place","No","Hand marked paper ballots and BMDs","Hand Count and Optical Scan",
"2303170030","Maine","Town of South Berwick (York County)","4969","1","Assigned Polling Place","No","Hand marked paper ballots and BMDs","Hand Count and Optical Scan",
"2303180530","Maine","Town of Waterboro (York County)","4668","1","Assigned Polling Place","No","Hand marked paper ballots and BMDs","Hand Count and Optical Scan",
"2303181475","Maine","Town of Wells (York County)","7439","1","Assigned Polling Place","No","Hand marked paper ballots and BMDs","Hand Count and Optical Scan",
"2303187985","Maine","Town of York (York County)","10620","1","Assigned Polling Place","No","Hand marked paper ballots and BMDs","Hand Count and Optical Scan",
"2400100000","Maryland","Allegany County","42170","36","Assigned Polling Place","No","DREs without VVPAT for all voters","DRE",
"2400300000","Maryland","Anne Arundel County","329437","189","Assigned Polling Place","No","DREs without VVPAT for all voters","DRE",
"2451000000","Maryland","City of Baltimore","368142","290","Assigned Polling Place","No","DREs without VVPAT for all voters","DRE",
"2400500000","Maryland","Baltimore County","502327","219","Assigned Polling Place","No","DREs without VVPAT for all voters","DRE",
"2400900000","Maryland","Calvert County","55553","23","Assigned Polling Place","No","DREs without VVPAT for all voters","DRE",
"2401100000","Maryland","Caroline County","17597","8","Assigned Polling Place","No","DREs without VVPAT for all voters","DRE",
"2401300000","Maryland","Carroll County","105450","46","Assigned Polling Place","No","DREs without VVPAT for all voters","DRE",
"2401500000","Maryland","Cecil County","62643","19","Assigned Polling Place","No","DREs without VVPAT for all voters","DRE",
"2401700000","Maryland","Charles County","87735","36","Assigned Polling Place","No","DREs without VVPAT for all voters","DRE",
"2401900000","Maryland","Dorchester County","19352","31","Assigned Polling Place","No","DREs without VVPAT for all voters","DRE",
"2402100000","Maryland","Frederick County","134263","66","Assigned Polling Place","No","DREs without VVPAT for all voters","DRE",
"2402300000","Maryland","Garrett County","18104","19","Assigned Polling Place","No","DREs without VVPAT for all voters","DRE",
"2402500000","Maryland","Harford County","149653","72","Assigned Polling Place","No","DREs without VVPAT for all voters","DRE",
"2402700000","Maryland","Howard County","175112","110","Assigned Polling Place","No","DREs without VVPAT for all voters","DRE",
"2402900000","Maryland","Kent County","12767","10","Assigned Polling Place","No","DREs without VVPAT for all voters","DRE",
"2403100000","Maryland","Montgomery County","557670","245","Assigned Polling Place","No","DREs without VVPAT for all voters","DRE",
"2403300000","Maryland","Prince George's County","497420","223","Assigned Polling Place","No","DREs without VVPAT for all voters","DRE",
"2403500000","Maryland","Queen Anne's County","29334","17","Assigned Polling Place","No","DREs without VVPAT for all voters","DRE",
"2403900000","Maryland","Somerset County","13070","22","Assigned Polling Place","No","DREs without VVPAT for all voters","DRE",
"2403700000","Maryland","St. Mary's County","57743","31","Assigned Polling Place","No","DREs without VVPAT for all voters","DRE",
"2404100000","Maryland","Talbot County","24689","12","Assigned Polling Place","No","DREs without VVPAT for all voters","DRE",
"2404300000","Maryland","Washington County","85178","50","Assigned Polling Place","No","DREs without VVPAT for all voters","DRE",
"2404500000","Maryland","Wicomico County","52885","38","Assigned Polling Place","No","DREs without VVPAT for all voters","DRE",
"2404700000","Maryland","Worcester County","34351","18","Assigned Polling Place","No","DREs without VVPAT for all voters","DRE",
"2500103600","Massachusetts","Town of Barnstable (Barnstable County)","32029","13","Assigned Polling Place","No","Hand marked paper ballots and BMDs","Hand Count and Optical Scan",
"2500107175","Massachusetts","Town of Bourne (Barnstable County)","12124","6","Assigned Polling Place","No","Hand marked paper ballots and BMDs","Hand Count and Optical Scan",
"2500107980","Massachusetts","Town of Brewster (Barnstable County)","7817","3","Assigned Polling Place","No","Hand marked paper ballots and BMDs","Hand Count and Optical Scan",
"2500112995","Massachusetts","Town of Chatham (Barnstable County)","5573","2","Assigned Polling Place","No","Hand marked paper ballots and BMDs","Hand Count and Optical Scan",
"2500116775","Massachusetts","Town of Dennis (Barnstable County)","11206","5","Assigned Polling Place","No","Hand marked paper ballots and BMDs","Hand Count and Optical Scan",
"2500119295","Massachusetts","Town of Eastham (Barnstable County)","4276","1","Assigned Polling Place","No","Hand marked paper ballots and BMDs","Hand Count and Optical Scan",
"2500123105","Massachusetts","Town of Falmouth (Barnstable County)","23176","9","Assigned Polling Place","No","Hand marked paper ballots and BMDs","Hand Count and Optical Scan",
"2500129020","Massachusetts","Town of Harwich (Barnstable County)","9594","4","Assigned Polling Place","No","Hand marked paper ballots and BMDs","Hand Count and Optical Scan",
"2500139100","Massachusetts","Town of Mashpee (Barnstable County)","9354","5","Assigned Polling Place","No","Hand marked paper ballots and BMDs","Hand Count and Optical Scan",
"2500151440","Massachusetts","Town of Orleans (Barnstable County)","5252","2","Assigned Polling Place","No","Hand marked paper ballots and BMDs","Hand Count and Optical Scan",
"2500155500","Massachusetts","Town of Provincetown (Barnstable County)","2740","1","Assigned Polling Place","No","Hand marked paper ballots and BMDs","Hand Count and Optical Scan",
"2500159735","Massachusetts","Town of Sandwich (Barnstable County)","15417","7","Assigned Polling Place","No","Hand marked paper ballots and BMDs","Hand Count and Optical Scan",
"2500170605","Massachusetts","Town of Truro (Barnstable County)","1640","1","Assigned Polling Place","No","Hand marked paper ballots and BMDs","Hand Count and Optical Scan",
"2500174385","Massachusetts","Town of Wellfleet (Barnstable County)","2586","1","Assigned Polling Place","No","Hand marked paper ballots and BMDs","Hand Count and Optical Scan",
"2500182525","Massachusetts","Town of Yarmouth (Barnstable County)","17437","7","Assigned Polling Place","No","Hand marked paper ballots and BMDs","Hand Count and Optical Scan",
"2500300555","Massachusetts","Town of Adams (Berkshire County)","5761","5","Assigned Polling Place","No","Hand marked paper ballots and BMDs","Hand Count and Optical Scan",
"2500300975","Massachusetts","Town of Alford (Berkshire County)","396","1","Assigned Polling Place","No","Hand marked paper ballots and BMDs","Hand Count and Optical Scan",
"2500304545","Massachusetts","Town of Becket (Berkshire County)","1237","1","Assigned Polling Place","No","Hand marked paper ballots and BMDs","Hand Count and Optical Scan",
"2500313345","Massachusetts","Town of Cheshire (Berkshire County)","2358","1","Assigned Polling Place","No","Hand marked paper ballots and BMDs","Hand Count and Optical Scan",
"2500314010","Massachusetts","Town of Clarksburg (Berkshire County)","1117","1","Assigned Polling Place","No","Hand marked paper ballots and BMDs","Hand Count and Optical Scan",
"2500316180","Massachusetts","Town of Dalton (Berkshire County)","4528","2","Assigned Polling Place","No","Hand marked paper ballots and BMDs","Hand Count and Optical Scan",
"2500321360","Massachusetts","Town of Egremont (Berkshire County)","953","1","Assigned Polling Place","No","Hand marked paper ballots and BMDs","Hand Count and Optical Scan",
"2500324120","Massachusetts","Town of Florida (Berkshire County)","541","1","Assigned Polling Place","No","Hand marked paper ballots and BMDs","Hand Count and Optical Scan",
"2500326815","Massachusetts","Town of Great Barrington (Berkshire County)","4741","4","Assigned Polling Place","No","Hand marked paper ballots and BMDs","Hand Count and Optical Scan",
"2500328180","Massachusetts","Town of Hancock (Berkshire County)","497","1","Assigned Polling Place","No","Hand marked paper ballots and BMDs","Hand Count and Optical Scan",
"2500330315","Massachusetts","Town of Hinsdale (Berkshire County)","1402","1","Assigned Polling Place","No","Hand marked paper ballots and BMDs","Hand Count and Optical Scan",
"2500334340","Massachusetts","Town of Lanesborough (Berkshire County)","2177","1","Assigned Polling Place","No","Hand marked paper ballots and BMDs","Hand Count and Optical Scan",
"2500334655","Massachusetts","Town of Lee (Berkshire County)","3917","6","Assigned Polling Place","No","Hand marked paper ballots and BMDs","Hand Count and Optical Scan",
"2500334970","Massachusetts","Town of Lenox (Berkshire County)","3749","1","Assigned Polling Place","No","Hand marked paper ballots and BMDs","Hand Count and Optical Scan",
"2500342460","Massachusetts","Town of Monterey (Berkshire County)","752","1","Assigned Polling Place","No","Hand marked paper ballots and BMDs","Hand Count and Optical Scan",
"2500343300","Massachusetts","Town of Mount Washington (Berkshire County)","125","1","Assigned Polling Place","No","Hand marked paper ballots and BMDs","Hand Count and Optical Scan",
"2500344385","Massachusetts","Town of New Ashford (Berkshire County)","165","1","Assigned Polling Place","No","Hand marked paper ballots and BMDs","Hand Count and Optical Scan",
"2500345420","Massachusetts","Town of New Marlborough (Berkshire County)","1035","1","Assigned Polling Place","No","Hand marked paper ballots and BMDs","Hand Count and Optical Scan",
"2500346225","Massachusetts","City of North Adams (Berkshire County)","8477","5","Assigned Polling Place","No","Hand marked paper ballots and BMDs","Hand Count and Optical Scan",
"2500351580","Massachusetts","Town of Otis (Berkshire County)","1046","1","Assigned Polling Place","No","Hand marked paper ballots and BMDs","Hand Count and Optical Scan",
"2500353050","Massachusetts","Town of Peru (Berkshire County)","583","1","Assigned Polling Place","No","Hand marked paper ballots and BMDs","Hand Count and Optical Scan",
"2500353960","Massachusetts","City of Pittsfield (Berkshire County)","29223","14","Assigned Polling Place","No","Hand marked paper ballots and BMDs","Hand Count and Optical Scan",
"2500356795","Massachusetts","Town of Richmond (Berkshire County)","1142","1","Assigned Polling Place","No","Hand marked paper ballots and BMDs","Hand Count and Optical Scan",
"2500359665","Massachusetts","Town of Sandisfield (Berkshire County)","568","1","Assigned Polling Place","No","Hand marked paper ballots and BMDs","Hand Count and Optical Scan",
"2500360225","Massachusetts","Town of Savoy (Berkshire County)","537","1","Assigned Polling Place","No","Hand marked paper ballots and BMDs","Hand Count and Optical Scan",
"2500361065","Massachusetts","Town of Sheffield (Berkshire County)","2268","1","Assigned Polling Place","No","Hand marked paper ballots and BMDs","Hand Count and Optical Scan",
"2500367595","Massachusetts","Town of Stockbridge (Berkshire County)","1495","1","Assigned Polling Place","No","Hand marked paper ballots and BMDs","Hand Count and Optical Scan",
"2500371095","Massachusetts","Town of Tyringham (Berkshire County)","313","1","Assigned Polling Place","No","Hand marked paper ballots and BMDs","Hand Count and Optical Scan",
"2500373335","Massachusetts","Town of Washington (Berkshire County)","421","1","Assigned Polling Place","No","Hand marked paper ballots and BMDs","Hand Count and Optical Scan",
"2500377990","Massachusetts","Town of West Stockbridge (Berkshire County)","1074","1","Assigned Polling Place","No","Hand marked paper ballots and BMDs","Hand Count and Optical Scan",
"2500379985","Massachusetts","Town of Williamstown (Berkshire County)","4524","3","Assigned Polling Place","No","Hand marked paper ballots and BMDs","Hand Count and Optical Scan",
"2500380685","Massachusetts","Town of Windsor (Berkshire County)","642","1","Assigned Polling Place","No","Hand marked paper ballots and BMDs","Hand Count and Optical Scan",
"2500500520","Massachusetts","Town of Acushnet (Bristol County)","7454","3","Assigned Polling Place","No","Hand marked paper ballots and BMDs","Optical Scan",
"2500502690","Massachusetts","City of Attleboro (Bristol County)","24964","12","Assigned Polling Place","No","Hand marked paper ballots and BMDs","Optical Scan",
"2500505280","Massachusetts","Town of Berkley (Bristol County)","3832","1","Assigned Polling Place","No","Hand marked paper ballots and BMDs","Optical Scan",
"2500516425","Massachusetts","Town of Dartmouth (Bristol County)","21463","10","Assigned Polling Place","No","Hand marked paper ballots and BMDs","Optical Scan",
"2500516950","Massachusetts","Town of Dighton (Bristol County)","4436","1","Assigned Polling Place","No","Hand marked paper ballots and BMDs","Optical Scan",
"2500520100","Massachusetts","Town of Easton (Bristol County)","13727","6","Assigned Polling Place","No","Hand marked paper ballots and BMDs","Optical Scan",
"2500522130","Massachusetts","Town of Fairhaven (Bristol County)","10936","6","Assigned Polling Place","No","Hand marked paper ballots and BMDs","Optical Scan",
"2500523000","Massachusetts","City of Fall River (Bristol County)","44004","30","Assigned Polling Place","No","Hand marked paper ballots and BMDs","Optical Scan",
"2500525240","Massachusetts","Town of Freetown (Bristol County)","5979","3","Assigned Polling Place","No","Hand marked paper ballots and BMDs","Optical Scan",
"2500538225","Massachusetts","Town of Mansfield (Bristol County)","13801","6","Assigned Polling Place","No","Hand marked paper ballots and BMDs","Optical Scan",
"2500545000","Massachusetts","City of New Bedford (Bristol County)","43929","42","Assigned Polling Place","No","Hand marked paper ballots and BMDs","Optical Scan",
"2500546575","Massachusetts","Town of North Attleborough (Bristol County)","17825","9","Assigned Polling Place","No","Hand marked paper ballots and BMDs","Optical Scan",
"2500549970","Massachusetts","Town of Norton (Bristol County)","11087","5","Assigned Polling Place","No","Hand marked paper ballots and BMDs","Optical Scan",
"2500556060","Massachusetts","Town of Raynham (Bristol County)","9153","3","Assigned Polling Place","No","Hand marked paper ballots and BMDs","Optical Scan",
"2500556375","Massachusetts","Town of Rehoboth (Bristol County)","7743","3","Assigned Polling Place","No","Hand marked paper ballots and BMDs","Optical Scan",
"2500560645","Massachusetts","Town of Seekonk (Bristol County)","8932","4","Assigned Polling Place","No","Hand marked paper ballots and BMDs","Optical Scan",
"2500562430","Massachusetts","Town of Somerset (Bristol County)","12920","5","Assigned Polling Place","No","Hand marked paper ballots and BMDs","Optical Scan",
"2500568750","Massachusetts","Town of Swansea (Bristol County)","11075","5","Assigned Polling Place","No","Hand marked paper ballots and BMDs","Optical Scan",
"2500569170","Massachusetts","City of Taunton (Bristol County)","32454","16","Assigned Polling Place","No","Hand marked paper ballots and BMDs","Optical Scan",
"2500577570","Massachusetts","Town of Westport (Bristol County)","10955","5","Assigned Polling Place","No","Hand marked paper ballots and BMDs","Optical Scan",
"2500701585","Massachusetts","Town of Aquinnah (Dukes County)","398","1","Assigned Polling Place","No","Hand marked paper ballots and BMDs","Hand Count and Optical Scan",
"2500713800","Massachusetts","Town of Chilmark (Dukes County)","847","1","Assigned Polling Place","No","Hand marked paper ballots and BMDs","Hand Count and Optical Scan",
"2500721150","Massachusetts","Town of Edgartown (Dukes County)","3130","1","Assigned Polling Place","No","Hand marked paper ballots and BMDs","Hand Count and Optical Scan",
"2500726325","Massachusetts","Town of Gosnold (Dukes County)","115","1","Assigned Polling Place","No","Hand marked paper ballots and BMDs","Hand Count and Optical Scan",
"2500750390","Massachusetts","Town of Oak Bluffs (Dukes County)","3224","1","Assigned Polling Place","No","Hand marked paper ballots and BMDs","Hand Count and Optical Scan",
"2500769940","Massachusetts","Town of Tisbury (Dukes County)","2959","1","Assigned Polling Place","No","Hand marked paper ballots and BMDs","Hand Count and Optical Scan",
"2500778235","Massachusetts","Town of West Tisbury (Dukes County)","2255","1","Assigned Polling Place","No","Hand marked paper ballots and BMDs","Hand Count and Optical Scan",
"2500901185","Massachusetts","City of Amesbury (Essex County)","10570","6","Assigned Polling Place","No","Hand marked paper ballots and BMDs","Hand Count and Optical Scan",
"2500901465","Massachusetts","Town of Andover (Essex County)","22071","9","Assigned Polling Place","No","Hand marked paper ballots and BMDs","Hand Count and Optical Scan",
"2500905595","Massachusetts","City of Beverly (Essex County)","25055","12","Assigned Polling Place","No","Hand marked paper ballots and BMDs","Hand Count and Optical Scan",
"2500907420","Massachusetts","Town of Boxford (Essex County)","5767","3","Assigned Polling Place","No","Hand marked paper ballots and BMDs","Hand Count and Optical Scan",
"2500916250","Massachusetts","Town of Danvers (Essex County)","17235","8","Assigned Polling Place","No","Hand marked paper ballots and BMDs","Hand Count and Optical Scan",
"2500921850","Massachusetts","Town of Essex (Essex County)","2702","1","Assigned Polling Place","No","Hand marked paper ballots and BMDs","Hand Count and Optical Scan",
"2500925625","Massachusetts","Town of Georgetown (Essex County)","5459","2","Assigned Polling Place","No","Hand marked paper ballots and BMDs","Hand Count and Optical Scan",
"2500926150","Massachusetts","City of Gloucester (Essex County)","20416","10","Assigned Polling Place","No","Hand marked paper ballots and BMDs","Hand Count and Optical Scan",
"2500927620","Massachusetts","Town of Groveland (Essex County)","4764","1","Assigned Polling Place","No","Hand marked paper ballots and BMDs","Hand Count and Optical Scan",
"2500927900","Massachusetts","Town of Hamilton (Essex County)","5499","3","Assigned Polling Place","No","Hand marked paper ballots and BMDs","Hand Count and Optical Scan",
"2500929405","Massachusetts","City of Haverhill (Essex County)","34076","22","Assigned Polling Place","No","Hand marked paper ballots and BMDs","Hand Count and Optical Scan",
"2500932310","Massachusetts","Town of Ipswich (Essex County)","9736","4","Assigned Polling Place","No","Hand marked paper ballots and BMDs","Hand Count and Optical Scan",
"2500934550","Massachusetts","City of Lawrence (Essex County)","33426","24","Assigned Polling Place","No","Hand marked paper ballots and BMDs","Hand Count and Optical Scan",
"2500937490","Massachusetts","City of Lynn (Essex County)","43556","28","Assigned Polling Place","No","Hand marked paper ballots and BMDs","Hand Count and Optical Scan",
"2500937560","Massachusetts","Town of Lynnfield (Essex County)","8456","4","Assigned Polling Place","No","Hand marked paper ballots and BMDs","Hand Count and Optical Scan",
"2500937995","Massachusetts","Town of Manchester-by-the-Sea (Essex County)","3789","1","Assigned Polling Place","No","Hand marked paper ballots and BMDs","Hand Count and Optical Scan",
"2500938400","Massachusetts","Town of Marblehead (Essex County)","14762","7","Assigned Polling Place","No","Hand marked paper ballots and BMDs","Hand Count and Optical Scan",
"2500940430","Massachusetts","Town of Merrimac (Essex County)","4113","1","Assigned Polling Place","No","Hand marked paper ballots and BMDs","Hand Count and Optical Scan",
"2500940710","Massachusetts","City of Methuen (Essex County)","27962","12","Assigned Polling Place","No","Hand marked paper ballots and BMDs","Hand Count and Optical Scan",
"2500941095","Massachusetts","Town of Middleton (Essex County)","5328","2","Assigned Polling Place","No","Hand marked paper ballots and BMDs","Hand Count and Optical Scan",
"2500943580","Massachusetts","Town of Nahant (Essex County)","2620","1","Assigned Polling Place","No","Hand marked paper ballots and BMDs","Hand Count and Optical Scan",
"2500945175","Massachusetts","Town of Newbury (Essex County)","5119","2","Assigned Polling Place","No","Hand marked paper ballots and BMDs","Hand Count and Optical Scan",
"2500945245","Massachusetts","City of Newburyport (Essex County)","12913","7","Assigned Polling Place","No","Hand marked paper ballots and BMDs","Hand Count and Optical Scan",
"2500946365","Massachusetts","Town of North Andover (Essex County)","17808","8","Assigned Polling Place","No","Hand marked paper ballots and BMDs","Hand Count and Optical Scan",
"2500952490","Massachusetts","City of Peabody (Essex County)","31661","19","Assigned Polling Place","No","Hand marked paper ballots and BMDs","Hand Count and Optical Scan",
"2500957880","Massachusetts","Town of Rockport (Essex County)","5233","3","Assigned Polling Place","No","Hand marked paper ballots and BMDs","Hand Count and Optical Scan",
"2500958405","Massachusetts","Town of Rowley (Essex County)","4092","1","Assigned Polling Place","No","Hand marked paper ballots and BMDs","Hand Count and Optical Scan",
"2500959105","Massachusetts","City of Salem (Essex County)","24311","14","Assigned Polling Place","No","Hand marked paper ballots and BMDs","Hand Count and Optical Scan",
"2500959245","Massachusetts","Town of Salisbury (Essex County)","5751","2","Assigned Polling Place","No","Hand marked paper ballots and BMDs","Hand Count and Optical Scan",
"2500960015","Massachusetts","Town of Saugus (Essex County)","16126","10","Assigned Polling Place","No","Hand marked paper ballots and BMDs","Hand Count and Optical Scan",
"2500968645","Massachusetts","Town of Swampscott (Essex County)","9390","6","Assigned Polling Place","No","Hand marked paper ballots and BMDs","Hand Count and Optical Scan",
"2500970150","Massachusetts","Town of Topsfield (Essex County)","4316","1","Assigned Polling Place","No","Hand marked paper ballots and BMDs","Hand Count and Optical Scan",
"2500974595","Massachusetts","Town of Wenham (Essex County)","2727","1","Assigned Polling Place","No","Hand marked paper ballots and BMDs","Hand Count and Optical Scan",
"2500977150","Massachusetts","Town of West Newbury (Essex County)","3225","1","Assigned Polling Place","No","Hand marked paper ballots and BMDs","Hand Count and Optical Scan",
"2501102095","Massachusetts","Town of Ashfield (Franklin County)","1330","1","Assigned Polling Place","No","Hand marked paper ballots and BMDs","Hand Count and Optical Scan",
"2501105560","Massachusetts","Town of Bernardston (Franklin County)","1545","1","Assigned Polling Place","No","Hand marked paper ballots and BMDs","Hand Count and Optical Scan",
"2501109595","Massachusetts","Town of Buckland (Franklin County)","1235","1","Assigned Polling Place","No","Hand marked paper ballots and BMDs","Hand Count and Optical Scan",
"2501112505","Massachusetts","Town of Charlemont (Franklin County)","875","1","Assigned Polling Place","No","Hand marked paper ballots and BMDs","Hand Count and Optical Scan",
"2501114885","Massachusetts","Town of Colrain (Franklin County)","1157","1","Assigned Polling Place","No","Hand marked paper ballots and BMDs","Hand Count and Optical Scan",
"2501115200","Massachusetts","Town of Conway (Franklin County)","1494","1","Assigned Polling Place","No","Hand marked paper ballots and BMDs","Hand Count and Optical Scan",
"2501116670","Massachusetts","Town of Deerfield (Franklin County)","3565","1","Assigned Polling Place","No","Hand marked paper ballots and BMDs","Hand Count and Optical Scan",
"2501121780","Massachusetts","Town of Erving (Franklin County)","1076","1","Assigned Polling Place","No","Hand marked paper ballots and BMDs","Hand Count and Optical Scan",
"2501125730","Massachusetts","Town of Gill (Franklin County)","1091","1","Assigned Polling Place","No","Hand marked paper ballots and BMDs","Hand Count and Optical Scan",
"2501127025","Massachusetts","Town of Greenfield (Franklin County)","10442","9","Assigned Polling Place","No","Hand marked paper ballots and BMDs","Hand Count and Optical Scan",
"2501129475","Massachusetts","Town of Hawley (Franklin County)","218","1","Assigned Polling Place","No","Hand marked paper ballots and BMDs","Hand Count and Optical Scan",
"2501129650","Massachusetts","Town of Heath (Franklin County)","520","1","Assigned Polling Place","No","Hand marked paper ballots and BMDs","Hand Count and Optical Scan",
"2501135180","Massachusetts","Town of Leverett (Franklin County)","1396","1","Assigned Polling Place","No","Hand marked paper ballots and BMDs","Hand Count and Optical Scan",
"2501135285","Massachusetts","Town of Leyden (Franklin County)","548","1","Assigned Polling Place","No","Hand marked paper ballots and BMDs","Hand Count and Optical Scan",
"2501142040","Massachusetts","Town of Monroe (Franklin County)","73","1","Assigned Polling Place","No","Hand marked paper ballots and BMDs","Hand Count and Optical Scan",
"2501142285","Massachusetts","Town of Montague (Franklin County)","5120","6","Assigned Polling Place","No","Hand marked paper ballots and BMDs","Hand Count and Optical Scan",
"2501145490","Massachusetts","Town of New Salem (Franklin County)","720","1","Assigned Polling Place","No","Hand marked paper ballots and BMDs","Hand Count and Optical Scan",
"2501147835","Massachusetts","Town of Northfield (Franklin County)","2027","1","Assigned Polling Place","No","Hand marked paper ballots and BMDs","Hand Count and Optical Scan",
"2501151265","Massachusetts","Town of Orange (Franklin County)","4500","2","Assigned Polling Place","No","Hand marked paper ballots and BMDs","Hand Count and Optical Scan",
"2501158335","Massachusetts","Town of Rowe (Franklin County)","300","1","Assigned Polling Place","No","Hand marked paper ballots and BMDs","Hand Count and Optical Scan",
"2501161135","Massachusetts","Town of Shelburne (Franklin County)","1386","1","Assigned Polling Place","No","Hand marked paper ballots and BMDs","Hand Count and Optical Scan",
"2501161905","Massachusetts","Town of Shutesbury (Franklin County)","1397","1","Assigned Polling Place","No","Hand marked paper ballots and BMDs","Hand Count and Optical Scan",
"2501168400","Massachusetts","Town of Sunderland (Franklin County)","2356","1","Assigned Polling Place","No","Hand marked paper ballots and BMDs","Hand Count and Optical Scan",
"2501173265","Massachusetts","Town of Warwick (Franklin County)","539","1","Assigned Polling Place","No","Hand marked paper ballots and BMDs","Hand Count and Optical Scan",
"2501174525","Massachusetts","Town of Wendell (Franklin County)","667","1","Assigned Polling Place","No","Hand marked paper ballots and BMDs","Hand Count and Optical Scan",
"2501179110","Massachusetts","Town of Whately (Franklin County)","1134","1","Assigned Polling Place","No","Hand marked paper ballots and BMDs","Hand Count and Optical Scan",
"2501300765","Massachusetts","Town of Agawam (Hampden County)","18747","8","Assigned Polling Place","No","Hand marked paper ballots and BMDs","Hand Count and Optical Scan",
"2501306085","Massachusetts","Town of Blandford (Hampden County)","830","1","Assigned Polling Place","No","Hand marked paper ballots and BMDs","Hand Count and Optical Scan",
"2501308470","Massachusetts","Town of Brimfield (Hampden County)","2391","1","Assigned Polling Place","No","Hand marked paper ballots and BMDs","Hand Count and Optical Scan",
"2501313485","Massachusetts","Town of Chester (Hampden County)","970","1","Assigned Polling Place","No","Hand marked paper ballots and BMDs","Hand Count and Optical Scan",
"2501313660","Massachusetts","City of Chicopee (Hampden County)","31278","26","Assigned Polling Place","No","Hand marked paper ballots and BMDs","Hand Count and Optical Scan",
"2501319645","Massachusetts","Town of East Longmeadow (Hampden County)","10563","4","Assigned Polling Place","No","Hand marked paper ballots and BMDs","Hand Count and Optical Scan",
"2501326675","Massachusetts","Town of Granville (Hampden County)","1145","1","Assigned Polling Place","No","Hand marked paper ballots and BMDs","Hand Count and Optical Scan",
"2501328075","Massachusetts","Town of Hampden (Hampden County)","3677","1","Assigned Polling Place","No","Hand marked paper ballots and BMDs","Hand Count and Optical Scan",
"2501330665","Massachusetts","Town of Holland (Hampden County)","1814","1","Assigned Polling Place","No","Hand marked paper ballots and BMDs","Hand Count and Optical Scan",
"2501330840","Massachusetts","City of Holyoke (Hampden County)","22170","14","Assigned Polling Place","No","Hand marked paper ballots and BMDs","Hand Count and Optical Scan",
"2501336300","Massachusetts","Town of Longmeadow (Hampden County)","11222","5","Assigned Polling Place","No","Hand marked paper ballots and BMDs","Hand Count and Optical Scan",
"2501337175","Massachusetts","Town of Ludlow (Hampden County)","12591","6","Assigned Polling Place","No","Hand marked paper ballots and BMDs","Hand Count and Optical Scan",
"2501342145","Massachusetts","Town of Monson (Hampden County)","5394","3","Assigned Polling Place","No","Hand marked paper ballots and BMDs","Hand Count and Optical Scan",
"2501342530","Massachusetts","Town of Montgomery (Hampden County)","587","1","Assigned Polling Place","No","Hand marked paper ballots and BMDs","Hand Count and Optical Scan",
"2501352105","Massachusetts","Town of Palmer (Hampden County)","8268","4","Assigned Polling Place","No","Hand marked paper ballots and BMDs","Hand Count and Optical Scan",
"2501358650","Massachusetts","Town of Russell (Hampden County)","1001","1","Assigned Polling Place","No","Hand marked paper ballots and BMDs","Hand Count and Optical Scan",
"2501365825","Massachusetts","Town of Southwick (Hampden County)","6299","3","Assigned Polling Place","No","Hand marked paper ballots and BMDs","Hand Count and Optical Scan",
"2501367000","Massachusetts","City of Springfield (Hampden County)","66899","64","Assigned Polling Place","No","Hand marked paper ballots and BMDs","Hand Count and Optical Scan",
"2501370045","Massachusetts","Town of Tolland (Hampden County)","324","1","Assigned Polling Place","No","Hand marked paper ballots and BMDs","Hand Count and Optical Scan",
"2501372390","Massachusetts","Town of Wales (Hampden County)","1323","1","Assigned Polling Place","No","Hand marked paper ballots and BMDs","Hand Count and Optical Scan",
"2501377850","Massachusetts","Town of West Springfield (Hampden County)","15931","8","Assigned Polling Place","No","Hand marked paper ballots and BMDs","Hand Count and Optical Scan",
"2501376030","Massachusetts","City of Westfield (Hampden County)","23566","12","Assigned Polling Place","No","Hand marked paper ballots and BMDs","Hand Count and Optical Scan",
"2501379740","Massachusetts","Town of Wilbraham (Hampden County)","10100","4","Assigned Polling Place","No","Hand marked paper ballots and BMDs","Hand Count and Optical Scan",
"2501501325","Massachusetts","Town of Amherst (Hampshire County)","15074","14","Assigned Polling Place","No","Hand marked paper ballots and BMDs","Hand Count and Optical Scan",
"2501504825","Massachusetts","Town of Belchertown (Hampshire County)","9324","4","Assigned Polling Place","No","Hand marked paper ballots and BMDs","Hand Count and Optical Scan",
"2501513590","Massachusetts","Town of Chesterfield (Hampshire County)","867","1","Assigned Polling Place","No","Hand marked paper ballots and BMDs","Hand Count and Optical Scan",
"2501516040","Massachusetts","Town of Cummington (Hampshire County)","661","1","Assigned Polling Place","No","Hand marked paper ballots and BMDs","Hand Count and Optical Scan",
"2501519330","Massachusetts","City of Easthampton (Hampshire County)","10965","5","Assigned Polling Place","No","Hand marked paper ballots and BMDs","Hand Count and Optical Scan",
"2501526290","Massachusetts","Town of Goshen (Hampshire County)","720","1","Assigned Polling Place","No","Hand marked paper ballots and BMDs","Hand Count and Optical Scan",
"2501526535","Massachusetts","Town of Granby (Hampshire County)","4333","1","Assigned Polling Place","No","Hand marked paper ballots and BMDs","Hand Count and Optical Scan",
"2501527690","Massachusetts","Town of Hadley (Hampshire County)","3624","1","Assigned Polling Place","No","Hand marked paper ballots and BMDs","Hand Count and Optical Scan",
"2501529265","Massachusetts","Town of Hatfield (Hampshire County)","2457","1","Assigned Polling Place","No","Hand marked paper ballots and BMDs","Hand Count and Optical Scan",
"2501531785","Massachusetts","Town of Huntington (Hampshire County)","1402","1","Assigned Polling Place","No","Hand marked paper ballots and BMDs","Hand Count and Optical Scan",
"2501540990","Massachusetts","Town of Middlefield (Hampshire County)","347","1","Assigned Polling Place","No","Hand marked paper ballots and BMDs","Hand Count and Optical Scan",
"2501546330","Massachusetts","City of Northampton (Hampshire County)","19307","14","Assigned Polling Place","No","Hand marked paper ballots and BMDs","Hand Count and Optical Scan",
"2501552560","Massachusetts","Town of Pelham (Hampshire County)","1055","1","Assigned Polling Place","No","Hand marked paper ballots and BMDs","Hand Count and Optical Scan",
"2501554030","Massachusetts","Town of Plainfield (Hampshire County)","428","1","Assigned Polling Place","No","Hand marked paper ballots and BMDs","Hand Count and Optical Scan",
"2501564145","Massachusetts","Town of South Hadley (Hampshire County)","10464","5","Assigned Polling Place","No","Hand marked paper ballots and BMDs","Hand Count and Optical Scan",
"2501562745","Massachusetts","Town of Southampton (Hampshire County)","4040","1","Assigned Polling Place","No","Hand marked paper ballots and BMDs","Hand Count and Optical Scan",
"2501572880","Massachusetts","Town of Ware (Hampshire County)","5942","3","Assigned Polling Place","No","Hand marked paper ballots and BMDs","Hand Count and Optical Scan",
"2501576380","Massachusetts","Town of Westhampton (Hampshire County)","1290","1","Assigned Polling Place","No","Hand marked paper ballots and BMDs","Hand Count and Optical Scan",
"2501579915","Massachusetts","Town of Williamsburg (Hampshire County)","1930","1","Assigned Polling Place","No","Hand marked paper ballots and BMDs","Hand Count and Optical Scan",
"2501582175","Massachusetts","Town of Worthington (Hampshire County)","926","1","Assigned Polling Place","No","Hand marked paper ballots and BMDs","Hand Count and Optical Scan",
"2501700380","Massachusetts","Town of Acton (Middlesex County)","13285","6","Assigned Polling Place","No","Hand marked paper ballots and BMDs","Hand Count and Optical Scan",
"2501701605","Massachusetts","Town of Arlington (Middlesex County)","29471","21","Assigned Polling Place","No","Hand marked paper ballots and BMDs","Hand Count and Optical Scan",
"2501701955","Massachusetts","Town of Ashby (Middlesex County)","2189","1","Assigned Polling Place","No","Hand marked paper ballots and BMDs","Hand Count and Optical Scan",
"2501702130","Massachusetts","Town of Ashland (Middlesex County)","9857","4","Assigned Polling Place","No","Hand marked paper ballots and BMDs","Hand Count and Optical Scan",
"2501703005","Massachusetts","Town of Ayer (Middlesex County)","3972","2","Assigned Polling Place","No","Hand marked paper ballots and BMDs","Hand Count and Optical Scan",
"2501704615","Massachusetts","Town of Bedford (Middlesex County)","8703","4","Assigned Polling Place","No","Hand marked paper ballots and BMDs","Hand Count and Optical Scan",
"2501705070","Massachusetts","Town of Belmont (Middlesex County)","15684","8","Assigned Polling Place","No","Hand marked paper ballots and BMDs","Hand Count and Optical Scan",
"2501705805","Massachusetts","Town of Billerica (Middlesex County)","23445","11","Assigned Polling Place","No","Hand marked paper ballots and BMDs","Hand Count and Optical Scan",
"2501707350","Massachusetts","Town of Boxborough (Middlesex County)","3330","1","Assigned Polling Place","No","Hand marked paper ballots and BMDs","Hand Count and Optical Scan",
"2501709840","Massachusetts","Town of Burlington (Middlesex County)","15954","6","Assigned Polling Place","No","Hand marked paper ballots and BMDs","Hand Count and Optical Scan",
"2501711000","Massachusetts","City of Cambridge (Middlesex County)","52169","33","Assigned Polling Place","No","Hand marked paper ballots and BMDs","Hand Count and Optical Scan",
"2501711525","Massachusetts","Town of Carlisle (Middlesex County)","3707","1","Assigned Polling Place","No","Hand marked paper ballots and BMDs","Hand Count and Optical Scan",
"2501713135","Massachusetts","Town of Chelmsford (Middlesex County)","22932","9","Assigned Polling Place","No","Hand marked paper ballots and BMDs","Hand Count and Optical Scan",
"2501715060","Massachusetts","Town of Concord (Middlesex County)","11986","5","Assigned Polling Place","No","Hand marked paper ballots and BMDs","Hand Count and Optical Scan",
"2501717475","Massachusetts","Town of Dracut (Middlesex County)","17402","10","Assigned Polling Place","No","Hand marked paper ballots and BMDs","Hand Count and Optical Scan",
"2501717825","Massachusetts","Town of Dunstable (Middlesex County)","2138","1","Assigned Polling Place","No","Hand marked paper ballots and BMDs","Hand Count and Optical Scan",
"2501721990","Massachusetts","City of Everett (Middlesex County)","17147","18","Assigned Polling Place","No","Hand marked paper ballots and BMDs","Hand Count and Optical Scan",
"2501724925","Massachusetts","City of Framingham (Middlesex County)","34724","18","Assigned Polling Place","No","Hand marked paper ballots and BMDs","Hand Count and Optical Scan",
"2501727480","Massachusetts","Town of Groton (Middlesex County)","6999","3","Assigned Polling Place","No","Hand marked paper ballots and BMDs","Hand Count and Optical Scan",
"2501730700","Massachusetts","Town of Holliston (Middlesex County)","9699","4","Assigned Polling Place","No","Hand marked paper ballots and BMDs","Hand Count and Optical Scan",
"2501731085","Massachusetts","Town of Hopkinton (Middlesex County)","9420","4","Assigned Polling Place","No","Hand marked paper ballots and BMDs","Hand Count and Optical Scan",
"2501731540","Massachusetts","Town of Hudson (Middlesex County)","11826","7","Assigned Polling Place","No","Hand marked paper ballots and BMDs","Hand Count and Optical Scan",
"2501735215","Massachusetts","Town of Lexington (Middlesex County)","20697","9","Assigned Polling Place","No","Hand marked paper ballots and BMDs","Hand Count and Optical Scan",
"2501735425","Massachusetts","Town of Lincoln (Middlesex County)","4051","3","Assigned Polling Place","No","Hand marked paper ballots and BMDs","Hand Count and Optical Scan",
"2501735950","Massachusetts","Town of Littleton (Middlesex County)","5997","3","Assigned Polling Place","No","Hand marked paper ballots and BMDs","Hand Count and Optical Scan",
"2501737000","Massachusetts","City of Lowell (Middlesex County)","49340","33","Assigned Polling Place","No","Hand marked paper ballots and BMDs","Hand Count and Optical Scan",
"2501737875","Massachusetts","City of Malden (Middlesex County)","27568","16","Assigned Polling Place","No","Hand marked paper ballots and BMDs","Hand Count and Optical Scan",
"2501738715","Massachusetts","City of Marlborough (Middlesex County)","18435","14","Assigned Polling Place","No","Hand marked paper ballots and BMDs","Hand Count and Optical Scan",
"2501739625","Massachusetts","Town of Maynard (Middlesex County)","6432","4","Assigned Polling Place","No","Hand marked paper ballots and BMDs","Hand Count and Optical Scan",
"2501739835","Massachusetts","City of Medford (Middlesex County)","32101","16","Assigned Polling Place","No","Hand marked paper ballots and BMDs","Hand Count and Optical Scan",
"2501740115","Massachusetts","City of Melrose (Middlesex County)","18614","14","Assigned Polling Place","No","Hand marked paper ballots and BMDs","Hand Count and Optical Scan",
"2501743895","Massachusetts","Town of Natick (Middlesex County)","22109","10","Assigned Polling Place","No","Hand marked paper ballots and BMDs","Hand Count and Optical Scan",
"2501745560","Massachusetts","City of Newton (Middlesex County)","50975","31","Assigned Polling Place","No","Hand marked paper ballots and BMDs","Hand Count and Optical Scan",
"2501748955","Massachusetts","Town of North Reading (Middlesex County)","9702","4","Assigned Polling Place","No","Hand marked paper ballots and BMDs","Hand Count and Optical Scan",
"2501752805","Massachusetts","Town of Pepperell (Middlesex County)","7509","3","Assigned Polling Place","No","Hand marked paper ballots and BMDs","Hand Count and Optical Scan",
"2501756130","Massachusetts","Town of Reading (Middlesex County)","16478","8","Assigned Polling Place","No","Hand marked paper ballots and BMDs","Hand Count and Optical Scan",
"2501761380","Massachusetts","Town of Sherborn (Middlesex County)","3044","1","Assigned Polling Place","No","Hand marked paper ballots and BMDs","Hand Count and Optical Scan",
"2501761590","Massachusetts","Town of Shirley (Middlesex County)","3709","1","Assigned Polling Place","No","Hand marked paper ballots and BMDs","Hand Count and Optical Scan",
"2501762535","Massachusetts","City of Somerville (Middlesex County)","41374","21","Assigned Polling Place","No","Hand marked paper ballots and BMDs","Hand Count and Optical Scan",
"2501767665","Massachusetts","Town of Stoneham (Middlesex County)","15027","7","Assigned Polling Place","No","Hand marked paper ballots and BMDs","Hand Count and Optical Scan",
"2501768050","Massachusetts","Town of Stow (Middlesex County)","4549","1","Assigned Polling Place","No","Hand marked paper ballots and BMDs","Hand Count and Optical Scan",
"2501768260","Massachusetts","Town of Sudbury (Middlesex County)","11745","5","Assigned Polling Place","No","Hand marked paper ballots and BMDs","Hand Count and Optical Scan",
"2501769415","Massachusetts","Town of Tewksbury (Middlesex County)","18321","8","Assigned Polling Place","No","Hand marked paper ballots and BMDs","Hand Count and Optical Scan",
"2501770360","Massachusetts","Town of Townsend (Middlesex County)","6298","3","Assigned Polling Place","No","Hand marked paper ballots and BMDs","Hand Count and Optical Scan",
"2501771025","Massachusetts","Town of Tyngsborough (Middlesex County)","7341","4","Assigned Polling Place","No","Hand marked paper ballots and BMDs","Hand Count and Optical Scan",
"2501772215","Massachusetts","Town of Wakefield (Middlesex County)","16691","7","Assigned Polling Place","No","Hand marked paper ballots and BMDs","Hand Count and Optical Scan",
"2501772600","Massachusetts","City of Waltham (Middlesex County)","31155","18","Assigned Polling Place","No","Hand marked paper ballots and BMDs","Hand Count and Optical Scan",
"2501773440","Massachusetts","City of Watertown (Middlesex County)","21499","12","Assigned Polling Place","No","Hand marked paper ballots and BMDs","Hand Count and Optical Scan",
"2501773790","Massachusetts","Town of Wayland (Middlesex County)","9208","4","Assigned Polling Place","No","Hand marked paper ballots and BMDs","Hand Count and Optical Scan",
"2501776135","Massachusetts","Town of Westford (Middlesex County)","15019","6","Assigned Polling Place","No","Hand marked paper ballots and BMDs","Hand Count and Optical Scan",
"2501777255","Massachusetts","Town of Weston (Middlesex County)","7614","4","Assigned Polling Place","No","Hand marked paper ballots and BMDs","Hand Count and Optical Scan",
"2501780230","Massachusetts","Town of Wilmington (Middlesex County)","15169","6","Assigned Polling Place","No","Hand marked paper ballots and BMDs","Hand Count and Optical Scan",
"2501780510","Massachusetts","Town of Winchester (Middlesex County)","14337","8","Assigned Polling Place","No","Hand marked paper ballots and BMDs","Hand Count and Optical Scan",
"2501781035","Massachusetts","City of Woburn (Middlesex County)","23616","14","Assigned Polling Place","No","Hand marked paper ballots and BMDs","Hand Count and Optical Scan",
"2501900000","Massachusetts","Town and County of Nantucket","8160","1","Assigned Polling Place","No","Hand marked paper ballots and BMDs","Optical Scan",
"2502102935","Massachusetts","Town of Avon (Norfolk County)","2867","1","Assigned Polling Place","No","Hand marked paper ballots and BMDs","Optical Scan",
"2502104930","Massachusetts","Town of Bellingham (Norfolk County)","10470","5","Assigned Polling Place","No","Hand marked paper ballots and BMDs","Optical Scan",
"2502107665","Massachusetts","Town of Braintree (Norfolk County)","22477","12","Assigned Polling Place","No","Hand marked paper ballots and BMDs","Optical Scan",
"2502109175","Massachusetts","Town of Brookline (Norfolk County)","33352","16","Assigned Polling Place","No","Hand marked paper ballots and BMDs","Optical Scan",
"2502111315","Massachusetts","Town of Canton (Norfolk County)","14909","6","Assigned Polling Place","No","Hand marked paper ballots and BMDs","Optical Scan",
"2502114640","Massachusetts","Town of Cohasset (Norfolk County)","5219","2","Assigned Polling Place","No","Hand marked paper ballots and BMDs","Optical Scan",
"2502116495","Massachusetts","Town of Dedham (Norfolk County)","16009","7","Assigned Polling Place","No","Hand marked paper ballots and BMDs","Optical Scan",
"2502117405","Massachusetts","Town of Dover (Norfolk County)","3803","1","Assigned Polling Place","No","Hand marked paper ballots and BMDs","Optical Scan",
"2502124820","Massachusetts","Town of Foxborough (Norfolk County)","10980","5","Assigned Polling Place","No","Hand marked paper ballots and BMDs","Optical Scan",
"2502125100","Massachusetts","Town of Franklin (Norfolk County)","19907","8","Assigned Polling Place","No","Hand marked paper ballots and BMDs","Optical Scan",
"2502130455","Massachusetts","Town of Holbrook (Norfolk County)","7137","4","Assigned Polling Place","No","Hand marked paper ballots and BMDs","Optical Scan",
"2502139765","Massachusetts","Town of Medfield (Norfolk County)","8389","4","Assigned Polling Place","No","Hand marked paper ballots and BMDs","Optical Scan",
"2502139975","Massachusetts","Town of Medway (Norfolk County)","8458","4","Assigned Polling Place","No","Hand marked paper ballots and BMDs","Optical Scan",
"2502141515","Massachusetts","Town of Millis (Norfolk County)","5310","3","Assigned Polling Place","No","Hand marked paper ballots and BMDs","Optical Scan",
"2502141690","Massachusetts","Town of Milton (Norfolk County)","18455","11","Assigned Polling Place","No","Hand marked paper ballots and BMDs","Optical Scan",
"2502144105","Massachusetts","Town of Needham (Norfolk County)","20038","10","Assigned Polling Place","No","Hand marked paper ballots and BMDs","Optical Scan",
"2502146050","Massachusetts","Town of Norfolk (Norfolk County)","6191","4","Assigned Polling Place","No","Hand marked paper ballots and BMDs","Optical Scan",
"2502150250","Massachusetts","Town of Norwood (Norfolk County)","17288","9","Assigned Polling Place","No","Hand marked paper ballots and BMDs","Optical Scan",
"2502154100","Massachusetts","Town of Plainville (Norfolk County)","5301","2","Assigned Polling Place","No","Hand marked paper ballots and BMDs","Optical Scan",
"2502155745","Massachusetts","City of Quincy (Norfolk County)","58335","30","Assigned Polling Place","No","Hand marked paper ballots and BMDs","Optical Scan",
"2502155955","Massachusetts","Town of Randolph (Norfolk County)","17171","8","Assigned Polling Place","No","Hand marked paper ballots and BMDs","Optical Scan",
"2502160785","Massachusetts","Town of Sharon (Norfolk County)","11968","5","Assigned Polling Place","No","Hand marked paper ballots and BMDs","Optical Scan",
"2502167945","Massachusetts","Town of Stoughton (Norfolk County)","17530","8","Assigned Polling Place","No","Hand marked paper ballots and BMDs","Optical Scan",
"2502172495","Massachusetts","Town of Walpole (Norfolk County)","16058","8","Assigned Polling Place","No","Hand marked paper ballots and BMDs","Optical Scan",
"2502174175","Massachusetts","Town of Wellesley (Norfolk County)","16430","7","Assigned Polling Place","No","Hand marked paper ballots and BMDs","Optical Scan",
"2502178690","Massachusetts","Town of Westwood (Norfolk County)","10101","4","Assigned Polling Place","No","Hand marked paper ballots and BMDs","Optical Scan",
"2502178865","Massachusetts","Town of Weymouth (Norfolk County)","34564","18","Assigned Polling Place","No","Hand marked paper ballots and BMDs","Optical Scan",
"2502182315","Massachusetts","Town of Wrentham (Norfolk County)","7283","3","Assigned Polling Place","No","Hand marked paper ballots and BMDs","Optical Scan",
"2502300170","Massachusetts","Town of Abington (Plymouth County)","10145","4","Assigned Polling Place","No","Hand marked paper ballots and BMDs","Hand Count and Optical Scan",
"2502308085","Massachusetts","Town of Bridgewater (Plymouth County)","15329","7","Assigned Polling Place","No","Hand marked paper ballots and BMDs","Hand Count and Optical Scan",
"2502309000","Massachusetts","City of Brockton (Plymouth County)","47398","28","Assigned Polling Place","No","Hand marked paper ballots and BMDs","Hand Count and Optical Scan",
"2502311665","Massachusetts","Town of Carver (Plymouth County)","7330","3","Assigned Polling Place","No","Hand marked paper ballots and BMDs","Hand Count and Optical Scan",
"2502317895","Massachusetts","Town of Duxbury (Plymouth County)","11091","6","Assigned Polling Place","No","Hand marked paper ballots and BMDs","Hand Count and Optical Scan",
"2502318455","Massachusetts","Town of East Bridgewater (Plymouth County)","8849","4","Assigned Polling Place","No","Hand marked paper ballots and BMDs","Hand Count and Optical Scan",
"2502327795","Massachusetts","Town of Halifax (Plymouth County)","4939","2","Assigned Polling Place","No","Hand marked paper ballots and BMDs","Hand Count and Optical Scan",
"2502328285","Massachusetts","Town of Hanover (Plymouth County)","9414","4","Assigned Polling Place","No","Hand marked paper ballots and BMDs","Hand Count and Optical Scan",
"2502328495","Massachusetts","Town of Hanson (Plymouth County)","6608","3","Assigned Polling Place","No","Hand marked paper ballots and BMDs","Hand Count and Optical Scan",
"2502330210","Massachusetts","Town of Hingham (Plymouth County)","15871","7","Assigned Polling Place","No","Hand marked paper ballots and BMDs","Hand Count and Optical Scan",
"2502331645","Massachusetts","Town of Hull (Plymouth County)","7543","3","Assigned Polling Place","No","Hand marked paper ballots and BMDs","Hand Count and Optical Scan",
"2502333220","Massachusetts","Town of Kingston (Plymouth County)","8391","4","Assigned Polling Place","No","Hand marked paper ballots and BMDs","Hand Count and Optical Scan",
"2502333920","Massachusetts","Town of Lakeville (Plymouth County)","7114","3","Assigned Polling Place","No","Hand marked paper ballots and BMDs","Hand Count and Optical Scan",
"2502338540","Massachusetts","Town of Marion (Plymouth County)","3699","1","Assigned Polling Place","No","Hand marked paper ballots and BMDs","Hand Count and Optical Scan",
"2502338855","Massachusetts","Town of Marshfield (Plymouth County)","17420","7","Assigned Polling Place","No","Hand marked paper ballots and BMDs","Hand Count and Optical Scan",
"2502339450","Massachusetts","Town of Mattapoisett (Plymouth County)","4776","2","Assigned Polling Place","No","Hand marked paper ballots and BMDs","Hand Count and Optical Scan",
"2502340850","Massachusetts","Town of Middleborough (Plymouth County)","15074","6","Assigned Polling Place","No","Hand marked paper ballots and BMDs","Hand Count and Optical Scan",
"2502350145","Massachusetts","Town of Norwell (Plymouth County)","7345","3","Assigned Polling Place","No","Hand marked paper ballots and BMDs","Hand Count and Optical Scan",
"2502352630","Massachusetts","Town of Pembroke (Plymouth County)","11678","5","Assigned Polling Place","No","Hand marked paper ballots and BMDs","Hand Count and Optical Scan",
"2502354310","Massachusetts","Town of Plymouth (Plymouth County)","35767","14","Assigned Polling Place","No","Hand marked paper ballots and BMDs","Hand Count and Optical Scan",
"2502354415","Massachusetts","Town of Plympton (Plymouth County)","2003","1","Assigned Polling Place","No","Hand marked paper ballots and BMDs","Hand Count and Optical Scan",
"2502357600","Massachusetts","Town of Rochester (Plymouth County)","3789","1","Assigned Polling Place","No","Hand marked paper ballots and BMDs","Hand Count and Optical Scan",
"2502357775","Massachusetts","Town of Rockland (Plymouth County)","10710","6","Assigned Polling Place","No","Hand marked paper ballots and BMDs","Hand Count and Optical Scan",
"2502360330","Massachusetts","Town of Scituate (Plymouth County)","12861","6","Assigned Polling Place","No","Hand marked paper ballots and BMDs","Hand Count and Optical Scan",
"2502372985","Massachusetts","Town of Wareham (Plymouth County)","14662","6","Assigned Polling Place","No","Hand marked paper ballots and BMDs","Hand Count and Optical Scan",
"2502375260","Massachusetts","Town of West Bridgewater (Plymouth County)","4798","2","Assigned Polling Place","No","Hand marked paper ballots and BMDs","Hand Count and Optical Scan",
"2502379530","Massachusetts","Town of Whitman (Plymouth County)","8789","4","Assigned Polling Place","No","Hand marked paper ballots and BMDs","Hand Count and Optical Scan",
"2502507000","Massachusetts","City of Boston (Suffolk County)","295703","255","Assigned Polling Place","No","Hand marked paper ballots and BMDs","Optical Scan",
"2502513205","Massachusetts","City of Chelsea (Suffolk County)","11713","16","Assigned Polling Place","No","Hand marked paper ballots and BMDs","Optical Scan",
"2502556585","Massachusetts","City of Revere (Suffolk County)","22859","21","Assigned Polling Place","No","Hand marked paper ballots and BMDs","Optical Scan",
"2502580930","Massachusetts","Town of Winthrop (Suffolk County)","11158","6","Assigned Polling Place","No","Hand marked paper ballots and BMDs","Optical Scan",
"2502701885","Massachusetts","Town of Ashburnham (Worcester County)","4142","1","Assigned Polling Place","No","Hand marked paper ballots and BMDs","Hand Count and Optical Scan",
"2502702480","Massachusetts","Town of Athol (Worcester County)","6400","3","Assigned Polling Place","No","Hand marked paper ballots and BMDs","Hand Count and Optical Scan",
"2502702760","Massachusetts","Town of Auburn (Worcester County)","11018","5","Assigned Polling Place","No","Hand marked paper ballots and BMDs","Hand Count and Optical Scan",
"2502703740","Massachusetts","Town of Barre (Worcester County)","3256","2","Assigned Polling Place","No","Hand marked paper ballots and BMDs","Hand Count and Optical Scan",
"2502705490","Massachusetts","Town of Berlin (Worcester County)","1898","1","Assigned Polling Place","No","Hand marked paper ballots and BMDs","Hand Count and Optical Scan",
"2502706015","Massachusetts","Town of Blackstone (Worcester County)","5792","3","Assigned Polling Place","No","Hand marked paper ballots and BMDs","Hand Count and Optical Scan",
"2502706365","Massachusetts","Town of Bolton (Worcester County)","3203","1","Assigned Polling Place","No","Hand marked paper ballots and BMDs","Hand Count and Optical Scan",
"2502707525","Massachusetts","Town of Boylston (Worcester County)","3132","1","Assigned Polling Place","No","Hand marked paper ballots and BMDs","Hand Count and Optical Scan",
"2502709105","Massachusetts","Town of Brookfield (Worcester County)","2204","1","Assigned Polling Place","No","Hand marked paper ballots and BMDs","Hand Count and Optical Scan",
"2502712715","Massachusetts","Town of Charlton (Worcester County)","9839","3","Assigned Polling Place","No","Hand marked paper ballots and BMDs","Hand Count and Optical Scan",
"2502714395","Massachusetts","Town of Clinton (Worcester County)","8189","4","Assigned Polling Place","No","Hand marked paper ballots and BMDs","Hand Count and Optical Scan",
"2502717300","Massachusetts","Town of Douglas (Worcester County)","5398","2","Assigned Polling Place","No","Hand marked paper ballots and BMDs","Hand Count and Optical Scan",
"2502717685","Massachusetts","Town of Dudley (Worcester County)","6729","4","Assigned Polling Place","No","Hand marked paper ballots and BMDs","Hand Count and Optical Scan",
"2502718560","Massachusetts","Town of East Brookfield (Worcester County)","1414","1","Assigned Polling Place","No","Hand marked paper ballots and BMDs","Hand Count and Optical Scan",
"2502723875","Massachusetts","City of Fitchburg (Worcester County)","19388","12","Assigned Polling Place","No","Hand marked paper ballots and BMDs","Hand Count and Optical Scan",
"2502725485","Massachusetts","City of Gardner (Worcester County)","11175","11","Assigned Polling Place","No","Hand marked paper ballots and BMDs","Hand Count and Optical Scan",
"2502726430","Massachusetts","Town of Grafton (Worcester County)","10689","4","Assigned Polling Place","No","Hand marked paper ballots and BMDs","Hand Count and Optical Scan",
"2502728740","Massachusetts","Town of Hardwick (Worcester County)","1719","1","Assigned Polling Place","No","Hand marked paper ballots and BMDs","Hand Count and Optical Scan",
"2502728950","Massachusetts","Town of Harvard (Worcester County)","3971","1","Assigned Polling Place","No","Hand marked paper ballots and BMDs","Hand Count and Optical Scan",
"2502730560","Massachusetts","Town of Holden (Worcester County)","11989","5","Assigned Polling Place","No","Hand marked paper ballots and BMDs","Hand Count and Optical Scan",
"2502730945","Massachusetts","Town of Hopedale (Worcester County)","3939","1","Assigned Polling Place","No","Hand marked paper ballots and BMDs","Hand Count and Optical Scan",
"2502731435","Massachusetts","Town of Hubbardston (Worcester County)","2986","1","Assigned Polling Place","No","Hand marked paper ballots and BMDs","Hand Count and Optical Scan",
"2502734165","Massachusetts","Town of Lancaster (Worcester County)","4515","2","Assigned Polling Place","No","Hand marked paper ballots and BMDs","Hand Count and Optical Scan",
"2502734795","Massachusetts","Town of Leicester (Worcester County)","7069","4","Assigned Polling Place","No","Hand marked paper ballots and BMDs","Hand Count and Optical Scan",
"2502735075","Massachusetts","City of Leominster (Worcester County)","22711","15","Assigned Polling Place","No","Hand marked paper ballots and BMDs","Hand Count and Optical Scan",
"2502737420","Massachusetts","Town of Lunenburg (Worcester County)","7253","4","Assigned Polling Place","No","Hand marked paper ballots and BMDs","Hand Count and Optical Scan",
"2502740255","Massachusetts","Town of Mendon (Worcester County)","3853","1","Assigned Polling Place","No","Hand marked paper ballots and BMDs","Hand Count and Optical Scan",
"2502741165","Massachusetts","Town of Milford (Worcester County)","15924","7","Assigned Polling Place","No","Hand marked paper ballots and BMDs","Hand Count and Optical Scan",
"2502741340","Massachusetts","Town of Millbury (Worcester County)","8346","4","Assigned Polling Place","No","Hand marked paper ballots and BMDs","Hand Count and Optical Scan",
"2502741585","Massachusetts","Town of Millville (Worcester County)","1885","1","Assigned Polling Place","No","Hand marked paper ballots and BMDs","Hand Count and Optical Scan",
"2502745105","Massachusetts","Town of New Braintree (Worcester County)","673","1","Assigned Polling Place","No","Hand marked paper ballots and BMDs","Hand Count and Optical Scan",
"2502747135","Massachusetts","Town of North Brookfield (Worcester County)","3035","1","Assigned Polling Place","No","Hand marked paper ballots and BMDs","Hand Count and Optical Scan",
"2502746820","Massachusetts","Town of Northborough (Worcester County)","9586","4","Assigned Polling Place","No","Hand marked paper ballots and BMDs","Hand Count and Optical Scan",
"2502746925","Massachusetts","Town of Northbridge (Worcester County)","9853","4","Assigned Polling Place","No","Hand marked paper ballots and BMDs","Hand Count and Optical Scan",
"2502750670","Massachusetts","Town of Oakham (Worcester County)","1312","1","Assigned Polling Place","No","Hand marked paper ballots and BMDs","Hand Count and Optical Scan",
"2502751825","Massachusetts","Town of Oxford (Worcester County)","8466","4","Assigned Polling Place","No","Hand marked paper ballots and BMDs","Hand Count and Optical Scan",
"2502752420","Massachusetts","Town of Paxton (Worcester County)","2966","1","Assigned Polling Place","No","Hand marked paper ballots and BMDs","Hand Count and Optical Scan",
"2502753120","Massachusetts","Town of Petersham (Worcester County)","932","1","Assigned Polling Place","No","Hand marked paper ballots and BMDs","Hand Count and Optical Scan",
"2502753225","Massachusetts","Town of Phillipston (Worcester County)","1192","1","Assigned Polling Place","No","Hand marked paper ballots and BMDs","Hand Count and Optical Scan",
"2502755395","Massachusetts","Town of Princeton (Worcester County)","2576","1","Assigned Polling Place","No","Hand marked paper ballots and BMDs","Hand Count and Optical Scan",
"2502758580","Massachusetts","Town of Royalston (Worcester County)","864","2","Assigned Polling Place","No","Hand marked paper ballots and BMDs","Hand Count and Optical Scan",
"2502758825","Massachusetts","Town of Rutland (Worcester County)","5069","2","Assigned Polling Place","No","Hand marked paper ballots and BMDs","Hand Count and Optical Scan",
"2502761800","Massachusetts","Town of Shrewsbury (Worcester County)","21565","9","Assigned Polling Place","No","Hand marked paper ballots and BMDs","Hand Count and Optical Scan",
"2502763165","Massachusetts","Town of Southborough (Worcester County)","6576","3","Assigned Polling Place","No","Hand marked paper ballots and BMDs","Hand Count and Optical Scan",
"2502763270","Massachusetts","Town of Southbridge (Worcester County)","10858","5","Assigned Polling Place","No","Hand marked paper ballots and BMDs","Hand Count and Optical Scan",
"2502766105","Massachusetts","Town of Spencer (Worcester County)","7439","4","Assigned Polling Place","No","Hand marked paper ballots and BMDs","Hand Count and Optical Scan",
"2502767385","Massachusetts","Town of Sterling (Worcester County)","5453","2","Assigned Polling Place","No","Hand marked paper ballots and BMDs","Hand Count and Optical Scan",
"2502768155","Massachusetts","Town of Sturbridge (Worcester County)","6385","2","Assigned Polling Place","No","Hand marked paper ballots and BMDs","Hand Count and Optical Scan",
"2502768610","Massachusetts","Town of Sutton (Worcester County)","6285","3","Assigned Polling Place","No","Hand marked paper ballots and BMDs","Hand Count and Optical Scan",
"2502769275","Massachusetts","Town of Templeton (Worcester County)","4696","2","Assigned Polling Place","No","Hand marked paper ballots and BMDs","Hand Count and Optical Scan",
"2502771480","Massachusetts","Town of Upton (Worcester County)","4854","1","Assigned Polling Place","No","Hand marked paper ballots and BMDs","Hand Count and Optical Scan",
"2502771620","Massachusetts","Town of Uxbridge (Worcester County)","8576","4","Assigned Polling Place","No","Hand marked paper ballots and BMDs","Hand Count and Optical Scan",
"2502773090","Massachusetts","Town of Warren (Worcester County)","3036","2","Assigned Polling Place","No","Hand marked paper ballots and BMDs","Hand Count and Optical Scan",
"2502773895","Massachusetts","Town of Webster (Worcester County)","11413","5","Assigned Polling Place","No","Hand marked paper ballots and BMDs","Hand Count and Optical Scan",
"2502775155","Massachusetts","Town of West Boylston (Worcester County)","4814","2","Assigned Polling Place","No","Hand marked paper ballots and BMDs","Hand Count and Optical Scan",
"2502775400","Massachusetts","Town of West Brookfield (Worcester County)","2453","1","Assigned Polling Place","No","Hand marked paper ballots and BMDs","Hand Count and Optical Scan",
"2502775015","Massachusetts","Town of Westborough (Worcester County)","11250","5","Assigned Polling Place","No","Hand marked paper ballots and BMDs","Hand Count and Optical Scan",
"2502777010","Massachusetts","Town of Westminster (Worcester County)","5265","2","Assigned Polling Place","No","Hand marked paper ballots and BMDs","Hand Count and Optical Scan",
"2502780405","Massachusetts","Town of Winchendon (Worcester County)","5913","3","Assigned Polling Place","No","Hand marked paper ballots and BMDs","Hand Count and Optical Scan",
"2502782000","Massachusetts","City of Worcester (Worcester County)","102328","50","Assigned Polling Place","No","Hand marked paper ballots and BMDs","Hand Count and Optical Scan",
"2600100000","Michigan","Alcona County","9817","14","Assigned Polling Place","No","Hand marked paper ballots and BMDs","Optical Scan",
"2600300000","Michigan","Alger County","7389","11","Assigned Polling Place","No","Hand marked paper ballots and BMDs","Optical Scan",
"2600500000","Michigan","Allegan County","79036","46","Assigned Polling Place","No","Hand marked paper ballots and BMDs","Optical Scan",
"2600700000","Michigan","Alpena County","23997","18","Assigned Polling Place","No","Hand marked paper ballots and BMDs","Optical Scan",
"2600900000","Michigan","Antrim County","19186","16","Assigned Polling Place","No","Hand marked paper ballots and BMDs","Optical Scan",
"2601100000","Michigan","Arenac County","12509","17","Assigned Polling Place","No","Hand marked paper ballots and BMDs","Optical Scan",
"2601300000","Michigan","Baraga County","6233","8","Assigned Polling Place","No","Hand marked paper ballots and BMDs","Optical Scan",
"2601500000","Michigan","Barry County","43638","26","Assigned Polling Place","No","Hand marked paper ballots and BMDs","Optical Scan",
"2601700000","Michigan","Bay County","81903","69","Assigned Polling Place","No","Hand marked paper ballots and BMDs","Optical Scan",
"2601900000","Michigan","Benzie County","13867","13","Assigned Polling Place","No","Hand marked paper ballots and BMDs","Optical Scan",
"2602100000","Michigan","Berrien County","125268","68","Assigned Polling Place","No","Hand marked paper ballots and BMDs","Optical Scan",
"2602300000","Michigan","Branch County","31805","22","Assigned Polling Place","No","Hand marked paper ballots and BMDs","Optical Scan",
"2602500000","Michigan","Calhoun County","103707","62","Assigned Polling Place","No","Hand marked paper ballots and BMDs","Optical Scan",
"2602700000","Michigan","Cass County","38737","23","Assigned Polling Place","No","Hand marked paper ballots and BMDs","Optical Scan",
"2602900000","Michigan","Charlevoix County","21216","20","Assigned Polling Place","No","Hand marked paper ballots and BMDs","Optical Scan",
"2603100000","Michigan","Cheboygan County","20967","22","Assigned Polling Place","No","Hand marked paper ballots and BMDs","Optical Scan",
"2603300000","Michigan","Chippewa County","24422","19","Assigned Polling Place","No","Hand marked paper ballots and BMDs","Optical Scan",
"2603500000","Michigan","Clare County","23700","26","Assigned Polling Place","No","Hand marked paper ballots and BMDs","Optical Scan",
"2603700000","Michigan","Clinton County","54026","32","Assigned Polling Place","No","Hand marked paper ballots and BMDs","Optical Scan",
"2603900000","Michigan","Crawford County","11201","11","Assigned Polling Place","No","Hand marked paper ballots and BMDs","Optical Scan",
"2604100000","Michigan","Delta County","28786","23","Assigned Polling Place","No","Hand marked paper ballots and BMDs","Optical Scan",
"2604300000","Michigan","Dickinson County","20786","17","Assigned Polling Place","No","Hand marked paper ballots and BMDs","Optical Scan",
"2604500000","Michigan","Eaton County","80023","52","Assigned Polling Place","No","Hand marked paper ballots and BMDs","Optical Scan",
"2604700000","Michigan","Emmet County","26160","23","Assigned Polling Place","No","Hand marked paper ballots and BMDs","Optical Scan",
"2604900000","Michigan","Genesee County","347366","231","Assigned Polling Place","No","Hand marked paper ballots and BMDs","Optical Scan",
"2605100000","Michigan","Gladwin County","21861","23","Assigned Polling Place","No","Hand marked paper ballots and BMDs","Optical Scan",
"2605300000","Michigan","Gogebic County","13470","12","Assigned Polling Place","No","Hand marked paper ballots and BMDs","Optical Scan",
"2605500000","Michigan","Grand Traverse County","66432","36","Assigned Polling Place","No","Hand marked paper ballots and BMDs","Optical Scan",
"2605700000","Michigan","Gratiot County","26705","23","Assigned Polling Place","No","Hand marked paper ballots and BMDs","Optical Scan",
"2605900000","Michigan","Hillsdale County","33327","25","Assigned Polling Place","No","Hand marked paper ballots and BMDs","Optical Scan",
"2606100000","Michigan","Houghton County","24319","31","Assigned Polling Place","No","Hand marked paper ballots and BMDs","Optical Scan",
"2606300000","Michigan","Huron County","25645","30","Assigned Polling Place","No","Hand marked paper ballots and BMDs","Optical Scan",
"2606500000","Michigan","Ingham County","218300","118","Assigned Polling Place","No","Hand marked paper ballots and BMDs","Optical Scan",
"2606700000","Michigan","Ionia County","42270","32","Assigned Polling Place","No","Hand marked paper ballots and BMDs","Optical Scan",
"2606900000","Michigan","Iosco County","22973","18","Assigned Polling Place","No","Hand marked paper ballots and BMDs","Optical Scan",
"2607100000","Michigan","Iron County","9490","15","Assigned Polling Place","No","Hand marked paper ballots and BMDs","Optical Scan",
"2607300000","Michigan","Isabella County","45163","29","Assigned Polling Place","No","Hand marked paper ballots and BMDs","Optical Scan",
"2607500000","Michigan","Jackson County","115357","76","Assigned Polling Place","No","Hand marked paper ballots and BMDs","Optical Scan",
"2607700000","Michigan","Kalamazoo County","192248","112","Assigned Polling Place","No","Hand marked paper ballots and BMDs","Optical Scan",
"2607900000","Michigan","Kalkaska County","13819","13","Assigned Polling Place","No","Hand marked paper ballots and BMDs","Optical Scan",
"2608100000","Michigan","Kent County","420721","268","Assigned Polling Place","No","Hand marked paper ballots and BMDs","Optical Scan",
"2608300000","Michigan","Keweenaw County","1890","5","Assigned Polling Place","No","Hand marked paper ballots and BMDs","Optical Scan",
"2608500000","Michigan","Lake County","8699","19","Assigned Polling Place","No","Hand marked paper ballots and BMDs","Optical Scan",
"2608700000","Michigan","Lapeer County","65412","37","Assigned Polling Place","No","Hand marked paper ballots and BMDs","Optical Scan",
"2608900000","Michigan","Leelanau County","18848","13","Assigned Polling Place","No","Hand marked paper ballots and BMDs","Optical Scan",
"2609100000","Michigan","Lenawee County","71552","43","Assigned Polling Place","No","Hand marked paper ballots and BMDs","Optical Scan",
"2609300000","Michigan","Livingston County","132151","78","Assigned Polling Place","No","Hand marked paper ballots and BMDs","Optical Scan",
"2609500000","Michigan","Luce County","4533","4","Assigned Polling Place","No","Hand marked paper ballots and BMDs","Optical Scan",
"2609700000","Michigan","Mackinac County","9562","14","Assigned Polling Place","No","Hand marked paper ballots and BMDs","Optical Scan",
"2609900000","Michigan","Macomb County","610708","394","Assigned Polling Place","No","Hand marked paper ballots and BMDs","Optical Scan",
"2610100000","Michigan","Manistee County","19477","21","Assigned Polling Place","No","Hand marked paper ballots and BMDs","Optical Scan",
"2610300000","Michigan","Marquette County","49874","35","Assigned Polling Place","No","Hand marked paper ballots and BMDs","Optical Scan",
"2610500000","Michigan","Mason County","22029","25","Assigned Polling Place","No","Hand marked paper ballots and BMDs","Optical Scan",
"2610700000","Michigan","Mecosta County","27779","23","Assigned Polling Place","No","Hand marked paper ballots and BMDs","Optical Scan",
"2610900000","Michigan","Menominee County","18209","20","Assigned Polling Place","No","Hand marked paper ballots and BMDs","Optical Scan",
"2611100000","Michigan","Midland County","64705","50","Assigned Polling Place","No","Hand marked paper ballots and BMDs","Optical Scan",
"2611300000","Michigan","Missaukee County","10846","17","Assigned Polling Place","No","Hand marked paper ballots and BMDs","Optical Scan",
"2611500000","Michigan","Monroe County","114853","64","Assigned Polling Place","No","Hand marked paper ballots and BMDs","Optical Scan",
"2611700000","Michigan","Montcalm County","41519","30","Assigned Polling Place","No","Hand marked paper ballots and BMDs","Optical Scan",
"2611900000","Michigan","Montmorency County","8010","9","Assigned Polling Place","No","Hand marked paper ballots and BMDs","Optical Scan",
"2612100000","Michigan","Muskegon County","130416","71","Assigned Polling Place","No","Hand marked paper ballots and BMDs","Optical Scan",
"2612300000","Michigan","Newaygo County","35280","30","Assigned Polling Place","No","Hand marked paper ballots and BMDs","Optical Scan",
"2612500000","Michigan","Oakland County","915537","543","Assigned Polling Place","No","Hand marked paper ballots and BMDs","Optical Scan",
"2612700000","Michigan","Oceana County","19420","18","Assigned Polling Place","No","Hand marked paper ballots and BMDs","Optical Scan",
"2612900000","Michigan","Ogemaw County","17053","23","Assigned Polling Place","No","Hand marked paper ballots and BMDs","Optical Scan",
"2613100000","Michigan","Ontonagon County","6234","14","Assigned Polling Place","No","Hand marked paper ballots and BMDs","Optical Scan",
"2613300000","Michigan","Osceola County","16748","18","Assigned Polling Place","No","Hand marked paper ballots and BMDs","Optical Scan",
"2613500000","Michigan","Oscoda County","6723","9","Assigned Polling Place","No","Hand marked paper ballots and BMDs","Optical Scan",
"2613700000","Michigan","Otsego County","19484","13","Assigned Polling Place","No","Hand marked paper ballots and BMDs","Optical Scan",
"2613900000","Michigan","Ottawa County","175556","110","Assigned Polling Place","No","Hand marked paper ballots and BMDs","Optical Scan",
"2614100000","Michigan","Presque Isle County","10917","18","Assigned Polling Place","No","Hand marked paper ballots and BMDs","Optical Scan",
"2614300000","Michigan","Roscommon County","21828","14","Assigned Polling Place","No","Hand marked paper ballots and BMDs","Optical Scan",
"2614500000","Michigan","Saginaw County","158632","91","Assigned Polling Place","No","Hand marked paper ballots and BMDs","Optical Scan",
"2615100000","Michigan","Sanilac County","30966","35","Assigned Polling Place","No","Hand marked paper ballots and BMDs","Optical Scan",
"2615300000","Michigan","Schoolcraft County","6384","72","Assigned Polling Place","No","Hand marked paper ballots and BMDs","Optical Scan",
"2615500000","Michigan","Shiawassee County","52832","26","Assigned Polling Place","No","Hand marked paper ballots and BMDs","Optical Scan",
"2614700000","Michigan","St. Clair County","121679","31","Assigned Polling Place","No","Hand marked paper ballots and BMDs","Optical Scan",
"2614900000","Michigan","St. Joseph County","42894","12","Assigned Polling Place","No","Hand marked paper ballots and BMDs","Optical Scan",
"2615700000","Michigan","Tuscola County","43563","32","Assigned Polling Place","No","Hand marked paper ballots and BMDs","Optical Scan",
"2615900000","Michigan","Van Buren County","56058","34","Assigned Polling Place","No","Hand marked paper ballots and BMDs","Optical Scan",
"2616100000","Michigan","Washtenaw County","273955","141","Assigned Polling Place","No","Hand marked paper ballots and BMDs","Optical Scan",
"2616300000","Michigan","Wayne County","1435737","1077","Assigned Polling Place","No","Hand marked paper ballots and BMDs","Optical Scan",
"2616500000","Michigan","Wexford County","24367","20","Assigned Polling Place","No","Hand marked paper ballots and BMDs","Optical Scan",
"2700100000","Minnesota","Aitkin County","11098","54","Assigned Polling Place","No","Hand marked paper ballots and BMDs","Optical Scan",
"2700300000","Minnesota","Anoka County","209360","124","Assigned Polling Place","No","Hand marked paper ballots and BMDs","Optical Scan",
"2700500000","Minnesota","Becker County","20926","48","Assigned Polling Place","No","Hand marked paper ballots and BMDs","Optical Scan",
"2700700000","Minnesota","Beltrami County","27568","62","Assigned Polling Place","No","Hand marked paper ballots and BMDs","Optical Scan",
"2700900000","Minnesota","Benton County","23508","32","Assigned Polling Place","No","Hand marked paper ballots and BMDs","Optical Scan",
"2701100000","Minnesota","Big Stone County","3715","23","Assigned Polling Place","No","Hand marked paper ballots and BMDs","Optical Scan",
"2701300000","Minnesota","Blue Earth County","43036","53","Assigned Polling Place","No","Hand marked paper ballots and BMDs","Optical Scan",
"2701500000","Minnesota","Brown County","16654","32","Assigned Polling Place","No","Hand marked paper ballots and BMDs","Optical Scan",
"2701700000","Minnesota","Carlton County","21801","39","Assigned Polling Place","No","Hand marked paper ballots and BMDs","Optical Scan",
"2701900000","Minnesota","Carver County","57060","34","Assigned Polling Place","No","Hand marked paper ballots and BMDs","Optical Scan",
"2702100000","Minnesota","Cass County","19791","72","Assigned Polling Place","No","Hand marked paper ballots and BMDs","Optical Scan",
"2702300000","Minnesota","Chippewa County","7854","23","Assigned Polling Place","No","Hand marked paper ballots and BMDs","Optical Scan",
"2702500000","Minnesota","Chisago County","34764","24","Assigned Polling Place","No","Hand marked paper ballots and BMDs","Optical Scan",
"2702700000","Minnesota","Clay County","36779","55","Assigned Polling Place","No","Hand marked paper ballots and BMDs","Optical Scan",
"2702900000","Minnesota","Clearwater County","5492","29","Assigned Polling Place","No","Hand marked paper ballots and BMDs","Optical Scan",
"2703100000","Minnesota","Cook County","3766","12","Assigned Polling Place","No","Hand marked paper ballots and BMDs","Optical Scan",
"2703300000","Minnesota","Cottonwood County","7240","28","Assigned Polling Place","No","Hand marked paper ballots and BMDs","Optical Scan",
"2703500000","Minnesota","Crow Wing County","41364","62","Assigned Polling Place","No","Hand marked paper ballots and BMDs","Optical Scan",
"2703700000","Minnesota","Dakota County","264969","141","Assigned Polling Place","No","Hand marked paper ballots and BMDs","Optical Scan",
"2703900000","Minnesota","Dodge County","12405","19","Assigned Polling Place","No","Hand marked paper ballots and BMDs","Optical Scan",
"2704100000","Minnesota","Douglas County","25143","38","Assigned Polling Place","No","Hand marked paper ballots and BMDs","Optical Scan",
"2704300000","Minnesota","Faribault County","9888","33","Assigned Polling Place","No","Hand marked paper ballots and BMDs","Optical Scan",
"2704500000","Minnesota","Fillmore County","14151","37","Assigned Polling Place","No","Hand marked paper ballots and BMDs","Optical Scan",
"2704700000","Minnesota","Freeborn County","20895","40","Assigned Polling Place","No","Hand marked paper ballots and BMDs","Optical Scan",
"2704900000","Minnesota","Goodhue County","30649","44","Assigned Polling Place","No","Hand marked paper ballots and BMDs","Optical Scan",
"2705100000","Minnesota","Grant County","4557","23","Assigned Polling Place","No","Hand marked paper ballots and BMDs","Optical Scan",
"2705300000","Minnesota","Hennepin County","785545","426","Assigned Polling Place","No","Hand marked paper ballots and BMDs","Optical Scan",
"2705500000","Minnesota","Houston County","13210","27","Assigned Polling Place","No","Hand marked paper ballots and BMDs","Optical Scan",
"2705700000","Minnesota","Hubbard County","13885","34","Assigned Polling Place","No","Hand marked paper ballots and BMDs","Optical Scan",
"2705900000","Minnesota","Isanti County","23492","18","Assigned Polling Place","No","Hand marked paper ballots and BMDs","Optical Scan",
"2706100000","Minnesota","Itasca County","28759","79","Assigned Polling Place","No","Hand marked paper ballots and BMDs","Optical Scan",
"2706300000","Minnesota","Jackson County","6727","30","Assigned Polling Place","No","Hand marked paper ballots and BMDs","Optical Scan",
"2706500000","Minnesota","Kanabec County","10132","20","Assigned Polling Place","No","Hand marked paper ballots and BMDs","Optical Scan",
"2706700000","Minnesota","Kandiyohi County","26397","47","Assigned Polling Place","No","Hand marked paper ballots and BMDs","Optical Scan",
"2706900000","Minnesota","Kittson County","3068","38","Assigned Polling Place","No","Hand marked paper ballots and BMDs","Optical Scan",
"2707100000","Minnesota","Koochiching County","8031","35","Assigned Polling Place","No","Hand marked paper ballots and BMDs","Optical Scan",
"2707300000","Minnesota","Lac Qui Parle County","5035","31","Assigned Polling Place","No","Hand marked paper ballots and BMDs","Optical Scan",
"2707500000","Minnesota","Lake County","8082","18","Assigned Polling Place","No","Hand marked paper ballots and BMDs","Optical Scan",
"2707700000","Minnesota","Lake of the Woods County","2904","15","Assigned Polling Place","No","Hand marked paper ballots and BMDs","Optical Scan",
"2707900000","Minnesota","Le Sueur County","17716","26","Assigned Polling Place","No","Hand marked paper ballots and BMDs","Optical Scan",
"2708100000","Minnesota","Lincoln County","3954","20","Assigned Polling Place","No","Hand marked paper ballots and BMDs","Optical Scan",
"2708300000","Minnesota","Lyon County","16062","33","Assigned Polling Place","No","Hand marked paper ballots and BMDs","Optical Scan",
"2708700000","Minnesota","Mahnomen County","3194","19","Assigned Polling Place","No","Hand marked paper ballots and BMDs","Optical Scan",
"2708900000","Minnesota","Marshall County","5763","60","Assigned Polling Place","No","Hand marked paper ballots and BMDs","Optical Scan",
"2709100000","Minnesota","Martin County","13747","37","Assigned Polling Place","No","Hand marked paper ballots and BMDs","Optical Scan",
"2708500000","Minnesota","McLeod County","22764","28","Assigned Polling Place","No","Hand marked paper ballots and BMDs","Optical Scan",
"2709300000","Minnesota","Meeker County","14811","30","Assigned Polling Place","No","Hand marked paper ballots and BMDs","Optical Scan",
"2709500000","Minnesota","Mille Lacs County","16021","25","Assigned Polling Place","No","Hand marked paper ballots and BMDs","Optical Scan",
"2709700000","Minnesota","Morrison County","20739","48","Assigned Polling Place","No","Hand marked paper ballots and BMDs","Optical Scan",
"2709900000","Minnesota","Mower County","23351","39","Assigned Polling Place","No","Hand marked paper ballots and BMDs","Optical Scan",
"2710100000","Minnesota","Murray County","5652","29","Assigned Polling Place","No","Hand marked paper ballots and BMDs","Optical Scan",
"2710300000","Minnesota","Nicollet County","21625","33","Assigned Polling Place","No","Hand marked paper ballots and BMDs","Optical Scan",
"2710500000","Minnesota","Nobles County","10970","40","Assigned Polling Place","No","Hand marked paper ballots and BMDs","Optical Scan",
"2710700000","Minnesota","Norman County","4252","33","Assigned Polling Place","No","Hand marked paper ballots and BMDs","Optical Scan",
"2710900000","Minnesota","Olmsted County","91511","73","Assigned Polling Place","No","Hand marked paper ballots and BMDs","Optical Scan",
"2711100000","Minnesota","Otter Tail County","38625","91","Assigned Polling Place","No","Hand marked paper ballots and BMDs","Optical Scan",
"2711300000","Minnesota","Pennington County","8264","34","Assigned Polling Place","No","Hand marked paper ballots and BMDs","Optical Scan",
"2711500000","Minnesota","Pine County","18804","47","Assigned Polling Place","No","Hand marked paper ballots and BMDs","Hand Count and Optical Scan",
"2711700000","Minnesota","Pipestone County","5900","22","Assigned Polling Place","No","Hand marked paper ballots and BMDs","Optical Scan",
"2711900000","Minnesota","Polk County","19342","82","Assigned Polling Place","No","Hand marked paper ballots and BMDs","Optical Scan",
"2712100000","Minnesota","Pope County","7851","30","Assigned Polling Place","No","Hand marked paper ballots and BMDs","Optical Scan",
"2712300000","Minnesota","Ramsey County","339247","178","Assigned Polling Place","No","Hand marked paper ballots and BMDs","Optical Scan",
"2712500000","Minnesota","Red Lake County","2706","21","Assigned Polling Place","No","Hand marked paper ballots and BMDs","Optical Scan",
"2712700000","Minnesota","Redwood County","9865","43","Assigned Polling Place","No","Hand marked paper ballots and BMDs","Optical Scan",
"2712900000","Minnesota","Renville County","9979","37","Assigned Polling Place","No","Hand marked paper ballots and BMDs","Optical Scan",
"2713100000","Minnesota","Rice County","39133","33","Assigned Polling Place","No","Hand marked paper ballots and BMDs","Optical Scan",
"2713300000","Minnesota","Rock County","6062","24","Assigned Polling Place","No","Hand marked paper ballots and BMDs","Optical Scan",
"2713500000","Minnesota","Roseau County","9470","44","Assigned Polling Place","No","Hand marked paper ballots and BMDs","Optical Scan",
"2713900000","Minnesota","Scott County","79634","44","Assigned Polling Place","No","Hand marked paper ballots and BMDs","Optical Scan",
"2714100000","Minnesota","Sherburne County","52152","33","Assigned Polling Place","No","Hand marked paper ballots and BMDs","Optical Scan",
"2714300000","Minnesota","Sibley County","9308","24","Assigned Polling Place","No","Hand marked paper ballots and BMDs","Optical Scan",
"2713700000","Minnesota","St. Louis County","142365","184","Assigned Polling Place","No","Hand marked paper ballots and BMDs","Hand Count and Optical Scan",
"2714500000","Minnesota","Stearns County","97369","102","Assigned Polling Place","No","Hand marked paper ballots and BMDs","Optical Scan",
"2714700000","Minnesota","Steele County","22939","26","Assigned Polling Place","No","Hand marked paper ballots and BMDs","Optical Scan",
"2714900000","Minnesota","Stevens County","6967","26","Assigned Polling Place","No","Hand marked paper ballots and BMDs","Optical Scan",
"2715100000","Minnesota","Swift County","6245","31","Assigned Polling Place","No","Hand marked paper ballots and BMDs","Optical Scan",
"2715300000","Minnesota","Todd County","14815","39","Assigned Polling Place","No","Hand marked paper ballots and BMDs","Optical Scan",
"2715500000","Minnesota","Traverse County","2486","20","Assigned Polling Place","No","Hand marked paper ballots and BMDs","Optical Scan",
"2715700000","Minnesota","Wabasha County","14211","33","Assigned Polling Place","No","Hand marked paper ballots and BMDs","Optical Scan",
"2715900000","Minnesota","Wadena County","8460","24","Assigned Polling Place","No","Hand marked paper ballots and BMDs","Optical Scan",
"2716100000","Minnesota","Waseca County","11576","22","Assigned Polling Place","No","Hand marked paper ballots and BMDs","Optical Scan",
"2716300000","Minnesota","Washington County","158567","90","Assigned Polling Place","No","Hand marked paper ballots and BMDs","Optical Scan",
"2716500000","Minnesota","Watonwan County","6349","21","Assigned Polling Place","No","Hand marked paper ballots and BMDs","Optical Scan",
"2716700000","Minnesota","Wilkin County","4309","33","Assigned Polling Place","No","Hand marked paper ballots and BMDs","Optical Scan",
"2716900000","Minnesota","Winona County","34663","49","Assigned Polling Place","No","Hand marked paper ballots and BMDs","Optical Scan",
"2717100000","Minnesota","Wright County","76067","40","Assigned Polling Place","No","Hand marked paper ballots and BMDs","Optical Scan",
"2717300000","Minnesota","Yellow Medicine County","6750","31","Assigned Polling Place","No","Hand marked paper ballots and BMDs","Optical Scan",
"2800100000","Mississippi","Adams County","21949","0","Assigned Polling Place","No","DREs with VVPAT for all voters","DRE",
"2800300000","Mississippi","Alcorn County","23199","0","Assigned Polling Place","No","DREs with VVPAT for all voters","DRE",
"2800500000","Mississippi","Amite County","10484","21","Assigned Polling Place","No","DREs with VVPAT for all voters","DRE",
"2800700000","Mississippi","Attala County","13229","0","Assigned Polling Place","No","DREs with VVPAT for all voters","DRE",
"2800900000","Mississippi","Benton County","6810","5","Assigned Polling Place","No","DREs with VVPAT for all voters","DRE",
"2801100000","Mississippi","Bolivar County","29444","0","Assigned Polling Place","No","DREs with VVPAT for all voters","DRE",
"2801300000","Mississippi","Calhoun County","9534","10","Assigned Polling Place","No","DREs without VVPAT for all voters","DRE",
"2801500000","Mississippi","Carroll County","7881","14","Assigned Polling Place","No","DREs with VVPAT for all voters","DRE",
"2801700000","Mississippi","Chickasaw County","12777","0","Assigned Polling Place","No","DREs with VVPAT for all voters","DRE",
"2801900000","Mississippi","Choctaw County","6139","13","Assigned Polling Place","No","DREs with VVPAT for all voters","DRE",
"2802100000","Mississippi","Claiborne County","8360","9","Assigned Polling Place","No","DREs without VVPAT for all voters","DRE",
"2802300000","Mississippi","Clarke County","12462","0","Assigned Polling Place","No","DREs with VVPAT for all voters","DRE",
"2802500000","Mississippi","Clay County","14027","14","Assigned Polling Place","No","DREs with VVPAT for all voters","DRE",
"2802700000","Mississippi","Coahoma County","15062","0","Assigned Polling Place","No","DREs with VVPAT for all voters","DRE",
"2802900000","Mississippi","Copiah County","19718","0","Assigned Polling Place","No","DREs with VVPAT for all voters","DRE",
"2803100000","Mississippi","Covington County","13827","17","Assigned Polling Place","No","DREs with VVPAT for all voters","DRE",
"2803300000","Mississippi","DeSoto County","83879","38","Assigned Polling Place","No","Hand marked paper ballots and BMDs","Optical Scan",
"2803500000","Mississippi","Forrest County","40510","0","Assigned Polling Place","No","DREs with VVPAT for all voters","DRE",
"2803700000","Mississippi","Franklin County","6099","0","Assigned Polling Place","No","DREs with VVPAT for all voters","DRE",
"2803900000","Mississippi","George County","14962","0","Assigned Polling Place","No","DREs with VVPAT for all voters","DRE",
"2804100000","Mississippi","Greene County","7985","13","Assigned Polling Place","No","DREs with VVPAT for all voters","DRE",
"2804300000","Mississippi","Grenada County","17257","16","Assigned Polling Place","No","DREs without VVPAT for all voters","DRE",
"2804500000","Mississippi","Hancock County","28132","26","Assigned Polling Place","No","DREs without VVPAT for all voters","DRE",
"2804700000","Mississippi","Harrison County","97446","0","Assigned Polling Place","No","DREs with VVPAT for all voters","DRE",
"2804900000","Mississippi","Hinds County","153471","0","Assigned Polling Place","No","DREs without VVPAT for all voters","DRE",
"2805100000","Mississippi","Holmes County","13894","17","Assigned Polling Place","No","DREs without VVPAT for all voters","DRE",
"2805300000","Mississippi","Humphreys County","9712","0","Assigned Polling Place","No","DREs with VVPAT for all voters","DRE",
"2805500000","Mississippi","Issaquena County","1646","5","Assigned Polling Place","No","DREs with VVPAT for all voters","DRE",
"2805700000","Mississippi","Itawamba County","15395","26","Assigned Polling Place","No","DREs without VVPAT for all voters","DRE",
"2805900000","Mississippi","Jackson County","79436","40","Assigned Polling Place","No","DREs without VVPAT for all voters","DRE",
"2806100000","Mississippi","Jasper County","12036","0","Assigned Polling Place","No","DREs with VVPAT for all voters","DRE",
"2806300000","Mississippi","Jefferson County","7103","15","Assigned Polling Place","No","DREs with VVPAT for all voters","DRE",
"2806500000","Mississippi","Jefferson Davis County","10809","0","Assigned Polling Place","No","DREs with VVPAT for all voters","DRE",
"2806700000","Mississippi","Jones County","41671","0","Assigned Polling Place","No","DREs with VVPAT for all voters","DRE",
"2806900000","Mississippi","Kemper County","7834","14","Assigned Polling Place","No","DREs with VVPAT for all voters","DRE",
"2807100000","Mississippi","Lafayette County","24797","18","Assigned Polling Place","No","DREs with VVPAT for all voters","DRE",
"2807300000","Mississippi","Lamar County","30787","21","Assigned Polling Place","No","DREs with VVPAT for all voters","DRE",
"2807500000","Mississippi","Lauderdale County","44072","0","Assigned Polling Place","No","DREs with VVPAT for all voters","DRE",
"2807700000","Mississippi","Lawrence County","10089","0","Assigned Polling Place","No","DREs with VVPAT for all voters","DRE",
"2807900000","Mississippi","Leake County","16587","0","Assigned Polling Place","No","DREs with VVPAT for all voters","DRE",
"2808100000","Mississippi","Lee County","53145","42","Assigned Polling Place","No","Hand marked paper ballots and BMDs","Optical Scan",
"2808300000","Mississippi","Leflore County","27807","18","Assigned Polling Place","No","DREs with VVPAT for all voters","DRE",
"2808500000","Mississippi","Lincoln County","26082","32","Assigned Polling Place","No","DREs with VVPAT for all voters","DRE",
"2808700000","Mississippi","Lowndes County","43157","22","Assigned Polling Place","No","DREs with VVPAT for all voters","DRE",
"2808900000","Mississippi","Madison County","77046","42","Assigned Polling Place","No","DREs without VVPAT for all voters","DRE",
"2809100000","Mississippi","Marion County","17885","23","Assigned Polling Place","No","DREs with VVPAT for all voters","DRE",
"2809300000","Mississippi","Marshall County","20915","24","Assigned Polling Place","No","DREs with VVPAT for all voters","DRE",
"2809500000","Mississippi","Monroe County","24781","26","Assigned Polling Place","No","DREs with VVPAT for all voters","DRE",
"2809700000","Mississippi","Montgomery County","7774","0","Assigned Polling Place","No","DREs with VVPAT for all voters","DRE",
"2809900000","Mississippi","Neshoba County","16098","27","Assigned Polling Place","No","DREs with VVPAT for all voters","DRE",
"2810100000","Mississippi","Newton County","13702","19","Assigned Polling Place","No","DREs with VVPAT for all voters","DRE",
"2810300000","Mississippi","Noxubee County","10248","0","Assigned Polling Place","No","DREs with VVPAT for all voters","DRE",
"2810500000","Mississippi","Oktibbeha County","27139","21","Assigned Polling Place","No","DREs with VVPAT for all voters","DRE",
"2810700000","Mississippi","Panola County","20588","24","Assigned Polling Place","No","DREs without VVPAT for all voters","DRE",
"2810900000","Mississippi","Pearl River County","32441","0","Assigned Polling Place","No","DREs with VVPAT for all voters","DRE",
"2811100000","Mississippi","Perry County","8638","15","Assigned Polling Place","No","DREs without VVPAT for all voters","DRE",
"2811300000","Mississippi","Pike County","22207","0","Assigned Polling Place","No","DREs with VVPAT for all voters","DRE",
"2811500000","Mississippi","Pontotoc County","18550","0","Assigned Polling Place","No","DREs with VVPAT for all voters","DRE",
"2811700000","Mississippi","Prentiss County","17751","0","Assigned Polling Place","No","DREs with VVPAT for all voters","DRE",
"2811900000","Mississippi","Quitman County","5822","11","Assigned Polling Place","No","DREs with VVPAT for all voters","DRE",
"2812100000","Mississippi","Rankin County","82963","0","Assigned Polling Place","No","DREs without VVPAT for all voters","DRE",
"2812300000","Mississippi","Scott County","22917","24","Assigned Polling Place","No","DREs without VVPAT for all voters","DRE",
"2812500000","Mississippi","Sharkey County","4678","0","Assigned Polling Place","No","DREs with VVPAT for all voters","DRE",
"2812700000","Mississippi","Simpson County","18105","0","Assigned Polling Place","No","DREs with VVPAT for all voters","DRE",
"2812900000","Mississippi","Smith County","12150","18","Assigned Polling Place","No","DREs with VVPAT for all voters","DRE",
"2813100000","Mississippi","Stone County","9472","15","Assigned Polling Place","No","DREs without VVPAT for all voters","DRE",
"2813300000","Mississippi","Sunflower County","15432","18","Assigned Polling Place","No","DREs without VVPAT for all voters","DRE",
"2813500000","Mississippi","Tallahatchie County","13226","22","Assigned Polling Place","No","DREs without VVPAT for all voters","DRE",
"2813700000","Mississippi","Tate County","17997","19","Assigned Polling Place","No","DREs with VVPAT for all voters","DRE",
"2813900000","Mississippi","Tippah County","15529","24","Assigned Polling Place","No","DREs without VVPAT for all voters","DRE",
"2814100000","Mississippi","Tishomingo County","12312","0","Assigned Polling Place","No","DREs with VVPAT for all voters","DRE",
"2814300000","Mississippi","Tunica County","6641","12","Assigned Polling Place","No","DREs with VVPAT for all voters","DRE",
"2814500000","Mississippi","Union County","17123","20","Assigned Polling Place","No","DREs with VVPAT for all voters","DRE",
"2814700000","Mississippi","Walthall County","13875","0","Assigned Polling Place","No","DREs with VVPAT for all voters","DRE",
"2814900000","Mississippi","Warren County","36957","22","Assigned Polling Place","No","DREs with VVPAT for all voters","DRE",
"2815100000","Mississippi","Washington County","29016","20","Assigned Polling Place","No","DREs with VVPAT for all voters","DRE",
"2815300000","Mississippi","Wayne County","14364","0","Assigned Polling Place","No","DREs with VVPAT for all voters","DRE",
"2815500000","Mississippi","Webster County","7696","17","Assigned Polling Place","No","DREs with VVPAT for all voters","DRE",
"2815700000","Mississippi","Wilkinson County","10254","0","Assigned Polling Place","No","DREs with VVPAT for all voters","DRE",
"2815900000","Mississippi","Winston County","14339","0","Assigned Polling Place","No","DREs with VVPAT for all voters","DRE",
"2816100000","Mississippi","Yalobusha County","9953","11","Assigned Polling Place","No","Hand marked paper ballots and BMDs","Optical Scan",
"2816300000","Mississippi","Yazoo County","18287","0","Assigned Polling Place","No","DREs with VVPAT for all voters","DRE",
"2900100000","Missouri","Adair County","15100","10","Assigned Polling Place","No","Hand marked paper ballots and DREs with VVPAT","Optical Scan and DRE",
"2900300000","Missouri","Andrew County","10867","19","Assigned Polling Place","No","Hand marked paper ballots and BMDs","Optical Scan",
"2900500000","Missouri","Atchison County","4247","16","Assigned Polling Place","No","Hand marked paper ballots and DREs with VVPAT","Optical Scan and DRE",
"2900700000","Missouri","Audrain County","15957","17","Assigned Polling Place","No","Hand marked paper ballots and DREs with VVPAT","Optical Scan and DRE",
"2900900000","Missouri","Barry County","18978","22","Assigned Polling Place","No","Hand marked paper ballots and DREs with VVPAT","Optical Scan and DRE",
"2901100000","Missouri","Barton County","7972","17","Assigned Polling Place","No","Hand marked paper ballots and DREs with VVPAT","Optical Scan and DRE",
"2901300000","Missouri","Bates County","11413","15","Assigned Polling Place","No","Hand marked paper ballots and DREs with VVPAT","Optical Scan and DRE",
"2901500000","Missouri","Benton County","12718","12","Assigned Polling Place","No","Hand marked paper ballots and DREs with VVPAT","Optical Scan and DRE",
"2901700000","Missouri","Bollinger County","8037","14","Assigned Polling Place","No","Hand marked paper ballots and BMDs","Optical Scan",
"2901900000","Missouri","Boone County","98651","103","Assigned Polling Place","No","Hand marked paper ballots and DREs with VVPAT","Optical Scan and DRE",
"2902100000","Missouri","Buchanan County","51300","34","Assigned Polling Place","No","Hand marked paper ballots and BMDs","Optical Scan",
"2902300000","Missouri","Butler County","26610","25","Assigned Polling Place","No","Hand marked paper ballots and DREs with VVPAT","Optical Scan and DRE",
"2902500000","Missouri","Caldwell County","6230","10","Assigned Polling Place","No","Hand marked paper ballots and DREs with VVPAT","Optical Scan and DRE",
"2902700000","Missouri","Callaway County","25997","27","Assigned Polling Place","No","Hand marked paper ballots and DREs with VVPAT","Optical Scan and DRE",
"2902900000","Missouri","Camden County","27490","24","Assigned Polling Place","No","Hand marked paper ballots and DREs with VVPAT","Optical Scan and DRE",
"2903100000","Missouri","Cape Girardeau County","46615","34","Assigned Polling Place","No","Hand marked paper ballots and DREs with VVPAT","Optical Scan and DRE",
"2903300000","Missouri","Carroll County","6471","24","Assigned Polling Place","No","Hand marked paper ballots and DREs with VVPAT","Optical Scan and DRE",
"2903500000","Missouri","Carter County","4223","7","Assigned Polling Place","No","Hand marked paper ballots and DREs with VVPAT","Optical Scan and DRE",
"2903700000","Missouri","Cass County","63147","48","Assigned Polling Place","No","Hand marked paper ballots and DREs with VVPAT","Optical Scan and DRE",
"2903900000","Missouri","Cedar County","8273","10","Assigned Polling Place","No","Hand marked paper ballots and DREs with VVPAT","Optical Scan and DRE",
"2904100000","Missouri","Chariton County","5657","13","Assigned Polling Place","No","Hand marked paper ballots and DREs with VVPAT","Optical Scan and DRE",
"2904300000","Missouri","Christian County","46274","27","Assigned Polling Place","No","Hand marked paper ballots and DREs with VVPAT","Optical Scan and DRE",
"2904500000","Missouri","Clark County","4802","8","Assigned Polling Place","No","Hand marked paper ballots and DREs with VVPAT","Optical Scan and DRE",
"2904700000","Missouri","Clay County","135420","77","Assigned Polling Place","No","Hand marked paper ballots and DREs with VVPAT","Optical Scan and DRE",
"2904900000","Missouri","Clinton County","13450","9","Assigned Polling Place","No","Hand marked paper ballots and DREs with VVPAT","Optical Scan and DRE",
"2905100000","Missouri","Cole County","47379","38","Assigned Polling Place","No","Hand marked paper ballots and DREs with VVPAT","Optical Scan and DRE",
"2905300000","Missouri","Cooper County","10376","10","Assigned Polling Place","No","Hand marked paper ballots and DREs with VVPAT","Optical Scan and DRE",
"2905500000","Missouri","Crawford County","14532","9","Assigned Polling Place","No","Hand marked paper ballots and DREs with VVPAT","Optical Scan and DRE",
"2905700000","Missouri","Dade County","5309","9","Assigned Polling Place","No","Hand marked paper ballots and DREs with VVPAT","Optical Scan and DRE",
"2905900000","Missouri","Dallas County","10236","13","Assigned Polling Place","No","Hand marked paper ballots and BMDs","Optical Scan",
"2906100000","Missouri","Daviess County","5198","15","Assigned Polling Place","No","Hand marked paper ballots and DREs with VVPAT","Optical Scan and DRE",
"2906300000","Missouri","DeKalb County","6308","12","Assigned Polling Place","No","Hand marked paper ballots and DREs with VVPAT","Optical Scan and DRE",
"2906500000","Missouri","Dent County","8854","8","Assigned Polling Place","No","Hand marked paper ballots and DREs with VVPAT","Optical Scan and DRE",
"2906700000","Missouri","Douglas County","9317","24","Assigned Polling Place","No","Hand marked paper ballots and DREs with VVPAT","Optical Scan and DRE",
"2906900000","Missouri","Dunklin County","18541","37","Assigned Polling Place","No","Hand marked paper ballots and BMDs","Optical Scan",
"2907100000","Missouri","Franklin County","62392","52","Assigned Polling Place","No","Hand marked paper ballots and DREs with VVPAT","Optical Scan and DRE",
"2907300000","Missouri","Gasconade County","10126","16","Assigned Polling Place","No","Hand marked paper ballots and DREs with VVPAT","Optical Scan and DRE",
"2907500000","Missouri","Gentry County","4884","11","Assigned Polling Place","No","Hand marked paper ballots and DREs with VVPAT","Optical Scan and DRE",
"2907700000","Missouri","Greene County","175088","113","Assigned Polling Place","No","Hand marked paper ballots and DREs with VVPAT","Optical Scan and DRE",
"2907900000","Missouri","Grundy County","6596","16","Assigned Polling Place","No","Hand marked paper ballots and BMDs","Optical Scan",
"2908100000","Missouri","Harrison County","5310","22","Assigned Polling Place","No","Hand marked paper ballots and BMDs","Optical Scan",
"2908300000","Missouri","Henry County","14386","20","Assigned Polling Place","No","Hand marked paper ballots and DREs with VVPAT","Optical Scan and DRE",
"2908500000","Missouri","Hickory County","6587","11","Assigned Polling Place","No","Hand marked paper ballots and DREs with VVPAT","Optical Scan and DRE",
"2908700000","Missouri","Holt County","3557","7","Assigned Polling Place","No","Hand marked paper ballots and DREs with VVPAT","Optical Scan and DRE",
"2908900000","Missouri","Howard County","8071","9","Assigned Polling Place","No","Hand marked paper ballots and DREs with VVPAT","Optical Scan and DRE",
"2909100000","Missouri","Howell County","23042","21","Assigned Polling Place","No","Hand marked paper ballots and DREs with VVPAT","Optical Scan and DRE",
"2909300000","Missouri","Iron County","6686","10","Assigned Polling Place","No","Hand marked paper ballots and DREs with VVPAT","Optical Scan and DRE",
"2909500000","Missouri","Jackson County","233932","585","Assigned Polling Place","No","Hand marked paper ballots and BMDs","Optical Scan",
"2909700000","Missouri","Jasper County","70488","65","Assigned Polling Place","No","Hand marked paper ballots and DREs with VVPAT","Optical Scan and DRE",
"2909900000","Missouri","Jefferson County","134373","73","Assigned Polling Place","No","Hand marked paper ballots and DREs with VVPAT","Optical Scan and DRE",
"2910100000","Missouri","Johnson County","28257","20","Assigned Polling Place","No","Hand marked paper ballots and DREs with VVPAT","Optical Scan and DRE",
"2938000000","Missouri","City of Kansas City","199098","354","Assigned Polling Place","No","Hand marked paper ballots and DREs with VVPAT","Optical Scan and DRE",
"2910300000","Missouri","Knox County","2549","6","Assigned Polling Place","No","Hand marked paper ballots and DREs with VVPAT","Optical Scan and DRE",
"2910500000","Missouri","Laclede County","22408","25","Assigned Polling Place","No","Hand marked paper ballots and BMDs","Optical Scan",
"2910700000","Missouri","Lafayette County","22095","14","Assigned Polling Place","No","Hand marked paper ballots and DREs with VVPAT","Optical Scan and DRE",
"2910900000","Missouri","Lawrence County","21793","19","Assigned Polling Place","No","Hand marked paper ballots and DREs with VVPAT","Optical Scan and DRE",
"2911100000","Missouri","Lewis County","6184","13","Assigned Polling Place","No","Hand marked paper ballots and DREs with VVPAT","Optical Scan and DRE",
"2911300000","Missouri","Lincoln County","30816","27","Assigned Polling Place","No","Hand marked paper ballots and BMDs","Optical Scan",
"2911500000","Missouri","Linn County","8155","14","Assigned Polling Place","No","Hand marked paper ballots and DREs with VVPAT","Optical Scan and DRE",
"2911700000","Missouri","Livingston County","9127","13","Assigned Polling Place","No","Hand marked paper ballots and DREs with VVPAT","Optical Scan and DRE",
"2912100000","Missouri","Macon County","9855","12","Assigned Polling Place","No","Hand marked paper ballots and BMDs","Optical Scan",
"2912300000","Missouri","Madison County","7180","7","Assigned Polling Place","No","Hand marked paper ballots and DREs with VVPAT","Optical Scan and DRE",
"2912500000","Missouri","Maries County","6071","10","Assigned Polling Place","No","Hand marked paper ballots and DREs with VVPAT","Optical Scan and DRE",
"2912700000","Missouri","Marion County","17197","16","Assigned Polling Place","No","Hand marked paper ballots and DREs with VVPAT","Optical Scan and DRE",
"2911900000","Missouri","McDonald County","11640","19","Assigned Polling Place","No","Hand marked paper ballots and DREs with VVPAT","Optical Scan and DRE",
"2912900000","Missouri","Mercer County","2533","10","Assigned Polling Place","No","Hand marked paper ballots and BMDs","Optical Scan",
"2913100000","Missouri","Miller County","15605","21","Assigned Polling Place","No","Hand marked paper ballots and DREs with VVPAT","Optical Scan and DRE",
"2913300000","Missouri","Mississippi County","8054","9","Assigned Polling Place","No","Hand marked paper ballots and BMDs","Optical Scan",
"2913500000","Missouri","Moniteau County","8800","12","Assigned Polling Place","No","Hand marked paper ballots and DREs with VVPAT","Optical Scan and DRE",
"2913700000","Missouri","Monroe County","5900","9","Assigned Polling Place","No","Hand marked paper ballots and DREs with VVPAT","Optical Scan and DRE",
"2913900000","Missouri","Montgomery County","7685","11","Assigned Polling Place","No","Hand marked paper ballots and DREs with VVPAT","Optical Scan and DRE",
"2914100000","Missouri","Morgan County","11950","16","Assigned Polling Place","No","Hand marked paper ballots and DREs with VVPAT","Optical Scan and DRE",
"2914300000","Missouri","New Madrid County","12206","22","Assigned Polling Place","No","Hand marked paper ballots and BMDs","Optical Scan",
"2914500000","Missouri","Newton County","34897","25","Assigned Polling Place","No","Hand marked paper ballots and DREs with VVPAT","Optical Scan and DRE",
"2914700000","Missouri","Nodaway County","13276","19","Assigned Polling Place","No","Hand marked paper ballots and DREs with VVPAT","Optical Scan and DRE",
"2914900000","Missouri","Oregon County","6778","13","Assigned Polling Place","No","Hand marked paper ballots and DREs with VVPAT","Optical Scan and DRE",
"2915100000","Missouri","Osage County","8994","17","Assigned Polling Place","No","Hand marked paper ballots and DREs with VVPAT","Optical Scan and DRE",
"2915300000","Missouri","Ozark County","6509","11","Assigned Polling Place","No","Hand marked paper ballots and DREs with VVPAT","Optical Scan and DRE",
"2915500000","Missouri","Pemiscot County","10314","27","Assigned Polling Place","No","Hand marked paper ballots and DREs with VVPAT","Optical Scan and DRE",
"2915700000","Missouri","Perry County","11585","18","Assigned Polling Place","No","Hand marked paper ballots and DREs with VVPAT","Optical Scan and DRE",
"2915900000","Missouri","Pettis County","27045","31","Assigned Polling Place","No","Hand marked paper ballots and DREs with VVPAT","Optical Scan and DRE",
"2916100000","Missouri","Phelps County","25681","23","Assigned Polling Place","No","Hand marked paper ballots and DREs with VVPAT","Optical Scan and DRE",
"2916300000","Missouri","Pike County","10771","15","Assigned Polling Place","No","Hand marked paper ballots and DREs with VVPAT","Optical Scan and DRE",
"2916500000","Missouri","Platte County","56131","33","Assigned Polling Place","No","Hand marked paper ballots and DREs with VVPAT","Optical Scan and DRE",
"2916700000","Missouri","Polk County","17746","22","Assigned Polling Place","No","Hand marked paper ballots and DREs with VVPAT","Optical Scan and DRE",
"2916900000","Missouri","Pulaski County","18050","9","Assigned Polling Place","No","Hand marked paper ballots and DREs with VVPAT","Optical Scan and DRE",
"2917100000","Missouri","Putnam County","3536","9","Assigned Polling Place","No","Hand marked paper ballots and DREs with VVPAT","Optical Scan and DRE",
"2917300000","Missouri","Ralls County","7471","11","Assigned Polling Place","No","Hand marked paper ballots and DREs with VVPAT","Optical Scan and DRE",
"2917500000","Missouri","Randolph County","13875","14","Assigned Polling Place","No","Hand marked paper ballots and DREs with VVPAT","Optical Scan and DRE",
"2917700000","Missouri","Ray County","16335","13","Assigned Polling Place","No","Hand marked paper ballots and DREs with VVPAT","Optical Scan and DRE",
"2917900000","Missouri","Reynolds County","5265","12","Assigned Polling Place","No","Hand marked paper ballots and DREs with VVPAT","Optical Scan and DRE",
"2918100000","Missouri","Ripley County","8180","13","Assigned Polling Place","No","Hand marked paper ballots and DREs with VVPAT","Optical Scan and DRE",
"2919500000","Missouri","Saline County","15310","20","Assigned Polling Place","No","Hand marked paper ballots and DREs with VVPAT","Optical Scan and DRE",
"2919700000","Missouri","Schuyler County","2759","9","Assigned Polling Place","No","Hand marked paper ballots and DREs with VVPAT","Optical Scan and DRE",
"2919900000","Missouri","Scotland County","2962","8","Assigned Polling Place","No","Hand marked paper ballots and DREs with VVPAT","Optical Scan and DRE",
"2920100000","Missouri","Scott County","25240","21","Assigned Polling Place","No","Hand marked paper ballots and DREs with VVPAT","Optical Scan and DRE",
"2920300000","Missouri","Shannon County","4986","11","Assigned Polling Place","No","Hand marked paper ballots and DREs with VVPAT","Optical Scan and DRE",
"2920500000","Missouri","Shelby County","4319","8","Assigned Polling Place","No","Hand marked paper ballots and DREs with VVPAT","Optical Scan and DRE",
"2918300000","Missouri","St. Charles County","217838","121","Assigned Polling Place","No","Hand marked paper ballots and DREs with VVPAT","Optical Scan and DRE",
"2918500000","Missouri","St. Clair County","6473","18","Assigned Polling Place","No","Hand marked paper ballots and BMDs","Optical Scan",
"2918700000","Missouri","St. Francois County","33407","26","Assigned Polling Place","No","Hand marked paper ballots and DREs with VVPAT","Optical Scan and DRE",
"2951000000","Missouri","City of St. Louis","221452","209","Assigned Polling Place","No","Hand marked paper ballots and DREs with VVPAT","Optical Scan and DRE",
"2918900000","Missouri","St. Louis County","692219","1396","Assigned Polling Place","No","Hand marked paper ballots and DREs with VVPAT","Optical Scan and DRE",
"2918600000","Missouri","Ste. Genevieve County","12258","14","Assigned Polling Place","No","Hand marked paper ballots and DREs with VVPAT","Optical Scan and DRE",
"2920700000","Missouri","Stoddard County","18340","21","Assigned Polling Place","No","Hand marked paper ballots and BMDs","Optical Scan",
"2920900000","Missouri","Stone County","20863","22","Assigned Polling Place","No","Hand marked paper ballots and DREs with VVPAT","Optical Scan and DRE",
"2921100000","Missouri","Sullivan County","4544","13","Assigned Polling Place","No","Hand marked paper ballots and BMDs","Optical Scan",
"2921300000","Missouri","Taney County","29564","23","Assigned Polling Place","No","Hand marked paper ballots and DREs with VVPAT","Optical Scan and DRE",
"2921500000","Missouri","Texas County","14818","22","Assigned Polling Place","No","Hand marked paper ballots and DREs with VVPAT","Optical Scan and DRE",
"2921700000","Missouri","Vernon County","11967","33","Assigned Polling Place","No","Hand marked paper ballots and DREs with VVPAT","Optical Scan and DRE",
"2921900000","Missouri","Warren County","20334","23","Assigned Polling Place","No","Hand marked paper ballots and DREs with VVPAT","Optical Scan and DRE",
"2922100000","Missouri","Washington County","13379","20","Assigned Polling Place","No","Hand marked paper ballots and DREs with VVPAT","Optical Scan and DRE",
"2922300000","Missouri","Wayne County","8659","20","Assigned Polling Place","No","Hand marked paper ballots and DREs with VVPAT","Optical Scan and DRE",
"2922500000","Missouri","Webster County","20436","16","Assigned Polling Place","No","Hand marked paper ballots and DREs with VVPAT","Optical Scan and DRE",
"2922700000","Missouri","Worth County","1559","7","Assigned Polling Place","No","Hand marked paper ballots and BMDs","Hand Count",
"2922900000","Missouri","Wright County","11443","10","Assigned Polling Place","No","Hand marked paper ballots and DREs with VVPAT","Optical Scan and DRE",
"3000100000","Montana","Beaverhead County","5452","16","Assigned Polling Place","No","Hand marked paper ballots and BMDs","Optical Scan",
"3000300000","Montana","Big Horn County","6661","20","Assigned Polling Place","No","Hand marked paper ballots and BMDs","Optical Scan",
"3000500000","Montana","Blaine County","3516","10","Assigned Polling Place","No","Hand marked paper ballots and BMDs","Optical Scan",
"3000700000","Montana","Broadwater County","3284","5","Assigned Polling Place","No","Hand marked paper ballots and BMDs","Optical Scan",
"3000900000","Montana","Carbon County","6478","16","Assigned Polling Place","No","Hand marked paper ballots and BMDs","Optical Scan",
"3001100000","Montana","Carter County","819","4","Assigned Polling Place","No","Hand marked paper ballots and BMDs","Hand Count",
"3001300000","Montana","Cascade County","41237","38","Assigned Polling Place","No","Hand marked paper ballots and BMDs","Optical Scan",
"3001500000","Montana","Chouteau County","3315","12","Assigned Polling Place","No","Hand marked paper ballots and BMDs","Optical Scan",
"3001700000","Montana","Custer County","6276","14","Assigned Polling Place","No","Hand marked paper ballots and BMDs","Optical Scan",
"3001900000","Montana","Daniels County","1228","5","Assigned Polling Place","No","Hand marked paper ballots and BMDs","Hand Count",
"3002100000","Montana","Dawson County","5126","12","Assigned Polling Place","No","Hand marked paper ballots and BMDs","Optical Scan",
"3002300000","Montana","Deer Lodge County","5273","18","Assigned Polling Place","No","Hand marked paper ballots and BMDs","Optical Scan",
"3002500000","Montana","Fallon County","1607","6","Assigned Polling Place","No","Hand marked paper ballots and BMDs","Optical Scan",
"3002700000","Montana","Fergus County","7038","16","Assigned Polling Place","No","Hand marked paper ballots and BMDs","Optical Scan",
"3002900000","Montana","Flathead County","49074","42","Assigned Polling Place","No","Hand marked paper ballots and BMDs","Optical Scan",
"3003100000","Montana","Gallatin County","52790","46","Assigned Polling Place","No","Hand marked paper ballots and BMDs","Optical Scan",
"3003300000","Montana","Garfield County","858","7","Assigned Polling Place","No","Hand marked paper ballots and BMDs","Hand Count",
"3003500000","Montana","Glacier County","6799","16","Assigned Polling Place","No","Hand marked paper ballots and BMDs","Optical Scan",
"3003700000","Montana","Golden Valley County","587","2","Assigned Polling Place","No","Hand marked paper ballots and BMDs","Hand Count",
"3003900000","Montana","Granite County","1995","4","Assigned Polling Place","No","Hand marked paper ballots and BMDs","Optical Scan",
"3004100000","Montana","Hill County","7836","18","Assigned Polling Place","No","Hand marked paper ballots and BMDs","Optical Scan",
"3004300000","Montana","Jefferson County","6956","14","Assigned Polling Place","No","Hand marked paper ballots and BMDs","Optical Scan",
"3004500000","Montana","Judith Basin County","1431","4","Assigned Polling Place","No","Hand marked paper ballots and BMDs","Hand Count",
"3004700000","Montana","Lake County","16106","22","Assigned Polling Place","No","Hand marked paper ballots and BMDs","Optical Scan",
"3004900000","Montana","Lewis and Clark County","35818","54","Assigned Polling Place","No","Hand marked paper ballots and BMDs","Optical Scan",
"3005100000","Montana","Liberty County","1244","4","Assigned Polling Place","No","Hand marked paper ballots and BMDs","Optical Scan",
"3005300000","Montana","Lincoln County","10000","14","Assigned Polling Place","No","Hand marked paper ballots and BMDs","Optical Scan",
"3005700000","Montana","Madison County","5347","8","Assigned Polling Place","No","Hand marked paper ballots and BMDs","Optical Scan",
"3005500000","Montana","McCone County","1223","3","Assigned Polling Place","No","Hand marked paper ballots and BMDs","Hand Count",
"3005900000","Montana","Meagher County","1259","1","Assigned Polling Place","No","Hand marked paper ballots and BMDs","Hand Count",
"3006100000","Montana","Mineral County","2284","6","Assigned Polling Place","No","Hand marked paper ballots and BMDs","Optical Scan",
"3006300000","Montana","Missoula County","69315","101","Assigned Polling Place","No","Hand marked paper ballots and BMDs","Optical Scan",
"3006500000","Montana","Musselshell County","2656","6","Assigned Polling Place","No","Hand marked paper ballots and BMDs","Optical Scan",
"3006700000","Montana","Park County","9890","15","Assigned Polling Place","No","Hand marked paper ballots and BMDs","Optical Scan",
"3006900000","Montana","Petroleum County","339","1","Assigned Polling Place","No","Hand marked paper ballots and BMDs","Optical Scan",
"3007100000","Montana","Phillips County","2466","13","Assigned Polling Place","No","Hand marked paper ballots and BMDs","Optical Scan",
"3007300000","Montana","Pondera County","3404","8","Assigned Polling Place","No","Hand marked paper ballots and BMDs","Optical Scan",
"3007500000","Montana","Powder River County","1170","8","Assigned Polling Place","No","Hand marked paper ballots and BMDs","Hand Count",
"3007700000","Montana","Powell County","3604","12","Assigned Polling Place","No","Hand marked paper ballots and BMDs","Optical Scan",
"3007900000","Montana","Prairie County","813","4","Assigned Polling Place","No","Hand marked paper ballots and BMDs","Hand Count",
"3008100000","Montana","Ravalli County","25787","22","Assigned Polling Place","No","Hand marked paper ballots and BMDs","Optical Scan",
"3008300000","Montana","Richland County","4937","15","Assigned Polling Place","No","Hand marked paper ballots and BMDs","Optical Scan",
"3008500000","Montana","Roosevelt County","5422","13","Assigned Polling Place","No","Hand marked paper ballots and BMDs","Optical Scan",
"3008700000","Montana","Rosebud County","4536","12","Assigned Polling Place","No","Hand marked paper ballots and BMDs","Optical Scan",
"3008900000","Montana","Sanders County","6372","10","Assigned Polling Place","No","Hand marked paper ballots and BMDs","Optical Scan",
"3009100000","Montana","Sheridan County","2280","6","Assigned Polling Place","No","Hand marked paper ballots and BMDs","Optical Scan",
"3009300000","Montana","Silver Bow County","19281","44","Assigned Polling Place","No","Hand marked paper ballots and BMDs","Optical Scan",
"3009500000","Montana","Stillwater County","5197","8","Assigned Polling Place","No","Hand marked paper ballots and BMDs","Optical Scan",
"3009700000","Montana","Sweet Grass County","2444","5","Assigned Polling Place","No","Hand marked paper ballots and BMDs","Hand Count",
"3009900000","Montana","Teton County","3723","5","Assigned Polling Place","No","Hand marked paper ballots and BMDs","Optical Scan",
"3010100000","Montana","Toole County","2464","7","Assigned Polling Place","No","Hand marked paper ballots and BMDs","Optical Scan",
"3010300000","Montana","Treasure County","581","3","Assigned Polling Place","No","Hand marked paper ballots and BMDs","Hand Count",
"3010500000","Montana","Valley County","4586","11","Assigned Polling Place","No","Hand marked paper ballots and BMDs","Optical Scan",
"3010700000","Montana","Wheatland County","1248","5","Assigned Polling Place","No","Hand marked paper ballots and BMDs","Hand Count",
"3010900000","Montana","Wibaux County","636","1","Assigned Polling Place","No","Hand marked paper ballots and BMDs","Optical Scan",
"3011100000","Montana","Yellowstone County","80073","69","Assigned Polling Place","No","Hand marked paper ballots and BMDs","Optical Scan",
"3100100000","Nebraska","Adams County","19121","27","Assigned Polling Place","No","Hand marked paper ballots and BMDs","Optical Scan",
"3100300000","Nebraska","Antelope County","4756","13","Assigned Polling Place","No","Hand marked paper ballots and BMDs","Optical Scan",
"3100500000","Nebraska","Arthur County","342","1","Assigned Polling Place","No","Hand marked paper ballots and BMDs","Optical Scan",
"3100700000","Nebraska","Banner County","558","1","Assigned Polling Place","No","Hand marked paper ballots and BMDs","Optical Scan",
"3100900000","Nebraska","Blaine County","390","1","Assigned Polling Place","No","Hand marked paper ballots and BMDs","Optical Scan",
"3101100000","Nebraska","Boone County","4072","9","Assigned Polling Place","No","Hand marked paper ballots and BMDs","Optical Scan",
"3101300000","Nebraska","Box Butte County","8063","8","Assigned Polling Place","No","Hand marked paper ballots and BMDs","Optical Scan",
"3101500000","Nebraska","Boyd County","1569","3","Assigned Polling Place","No","Hand marked paper ballots and BMDs","Optical Scan",
"3101700000","Nebraska","Brown County","2365","3","Assigned Polling Place","No","Hand marked paper ballots and BMDs","Optical Scan",
"3101900000","Nebraska","Buffalo County","28226","34","Assigned Polling Place","No","Hand marked paper ballots and BMDs","Optical Scan",
"3102100000","Nebraska","Burt County","5347","11","Assigned Polling Place","No","Hand marked paper ballots and BMDs","Optical Scan",
"3102300000","Nebraska","Butler County","6441","20","Assigned Polling Place","No","Hand marked paper ballots and BMDs","Optical Scan",
"3102500000","Nebraska","Cass County","17716","29","Assigned Polling Place","No","Hand marked paper ballots and BMDs","Optical Scan",
"3102700000","Nebraska","Cedar County","6275","16","Assigned Polling Place","No","Hand marked paper ballots and BMDs","Optical Scan",
"3102900000","Nebraska","Chase County","2664","5","Assigned Polling Place","No","Hand marked paper ballots and BMDs","Optical Scan",
"3103100000","Nebraska","Cherry County","4199","20","Assigned Polling Place","No","Hand marked paper ballots and BMDs","Optical Scan",
"3103300000","Nebraska","Cheyenne County","7175","9","Assigned Polling Place","No","Hand marked paper ballots and BMDs","Optical Scan",
"3103500000","Nebraska","Clay County","4646","11","Assigned Polling Place","No","Hand marked paper ballots and BMDs","Optical Scan",
"3103700000","Nebraska","Colfax County","5390","6","Assigned Polling Place","No","Hand marked paper ballots and BMDs","Optical Scan",
"3103900000","Nebraska","Cuming County","6146","7","Assigned Polling Place","No","Hand marked paper ballots and BMDs","Optical Scan",
"3104100000","Nebraska","Custer County","8533","39","Assigned Polling Place","No","Hand marked paper ballots and BMDs","Optical Scan",
"3104300000","Nebraska","Dakota County","10367","13","Assigned Polling Place","No","Hand marked paper ballots and BMDs","Optical Scan",
"3104500000","Nebraska","Dawes County","6065","11","Assigned Polling Place","No","Hand marked paper ballots and BMDs","Optical Scan",
"3104700000","Nebraska","Dawson County","13615","20","Assigned Polling Place","No","Hand marked paper ballots and BMDs","Optical Scan",
"3104900000","Nebraska","Deuel County","1430","3","Assigned Polling Place","No","Hand marked paper ballots and BMDs","Optical Scan",
"3105100000","Nebraska","Dixon County","3955","12","Assigned Polling Place","No","Hand marked paper ballots and BMDs","Optical Scan",
"3105300000","Nebraska","Dodge County","22011","38","Assigned Polling Place","No","Hand marked paper ballots and BMDs","Optical Scan",
"3105500000","Nebraska","Douglas County","315287","351","Assigned Polling Place","No","Hand marked paper ballots and BMDs","Optical Scan",
"3105700000","Nebraska","Dundy County","1403","4","Assigned Polling Place","No","Hand marked paper ballots and BMDs","Optical Scan",
"3105900000","Nebraska","Fillmore County","4258","10","Assigned Polling Place","No","Hand marked paper ballots and BMDs","Optical Scan",
"3106100000","Nebraska","Franklin County","2404","4","Assigned Polling Place","No","Hand marked paper ballots and BMDs","Optical Scan",
"3106300000","Nebraska","Frontier County","1988","5","Assigned Polling Place","No","Hand marked paper ballots and BMDs","Optical Scan",
"3106500000","Nebraska","Furnas County","3534","8","Assigned Polling Place","No","Hand marked paper ballots and BMDs","Optical Scan",
"3106700000","Nebraska","Gage County","16419","28","Assigned Polling Place","No","Hand marked paper ballots and BMDs","Optical Scan",
"3106900000","Nebraska","Garden County","1620","4","Assigned Polling Place","No","Hand marked paper ballots and BMDs","Optical Scan",
"3107100000","Nebraska","Garfield County","1340","2","Assigned Polling Place","No","Hand marked paper ballots and BMDs","Optical Scan",
"3107300000","Nebraska","Gosper County","1516","4","Assigned Polling Place","No","Hand marked paper ballots and BMDs","Optical Scan",
"3107500000","Nebraska","Grant County","487","1","Assigned Polling Place","No","Hand marked paper ballots and BMDs","Optical Scan",
"3107700000","Nebraska","Greeley County","1794","4","Assigned Polling Place","No","Hand marked paper ballots and BMDs","Optical Scan",
"3107900000","Nebraska","Hall County","32220","39","Assigned Polling Place","No","Hand marked paper ballots and BMDs","Optical Scan",
"3108100000","Nebraska","Hamilton County","6756","11","Assigned Polling Place","No","Hand marked paper ballots and BMDs","Optical Scan",
"3108300000","Nebraska","Harlan County","2562","8","Assigned Polling Place","No","Hand marked paper ballots and BMDs","Optical Scan",
"3108500000","Nebraska","Hayes County","810","3","Assigned Polling Place","No","Hand marked paper ballots and BMDs","Optical Scan",
"3108700000","Nebraska","Hitchcock County","1988","4","Assigned Polling Place","No","Hand marked paper ballots and BMDs","Optical Scan",
"3108900000","Nebraska","Holt County","7255","13","Assigned Polling Place","No","Hand marked paper ballots and BMDs","Optical Scan",
"3109100000","Nebraska","Hooker County","615","1","Assigned Polling Place","No","Hand marked paper ballots and BMDs","Optical Scan",
"3109300000","Nebraska","Howard County","4554","8","Assigned Polling Place","No","Hand marked paper ballots and BMDs","Optical Scan",
"3109500000","Nebraska","Jefferson County","5690","10","Assigned Polling Place","No","Hand marked paper ballots and BMDs","Optical Scan",
"3109700000","Nebraska","Johnson County","3059","8","Assigned Polling Place","No","Hand marked paper ballots and BMDs","Optical Scan",
"3109900000","Nebraska","Kearney County","4622","12","Assigned Polling Place","No","Hand marked paper ballots and BMDs","Optical Scan",
"3110100000","Nebraska","Keith County","6485","11","Assigned Polling Place","No","Hand marked paper ballots and BMDs","Optical Scan",
"3110300000","Nebraska","Keya Paha County","707","4","Assigned Polling Place","No","Hand marked paper ballots and BMDs","Optical Scan",
"3110500000","Nebraska","Kimball County","3025","5","Assigned Polling Place","No","Hand marked paper ballots and BMDs","Optical Scan",
"3110700000","Nebraska","Knox County","5969","8","Assigned Polling Place","No","Hand marked paper ballots and BMDs","Optical Scan",
"3110900000","Nebraska","Lancaster County","178982","224","Assigned Polling Place","No","Hand marked paper ballots and BMDs","Optical Scan",
"3111100000","Nebraska","Lincoln County","23620","27","Assigned Polling Place","No","Hand marked paper ballots and BMDs","Optical Scan",
"3111300000","Nebraska","Logan County","568","1","Assigned Polling Place","No","Hand marked paper ballots and BMDs","Optical Scan",
"3111500000","Nebraska","Loup County","521","1","Assigned Polling Place","No","Hand marked paper ballots and BMDs","Optical Scan",
"3111900000","Nebraska","Madison County","381","23","Assigned Polling Place","No","Hand marked paper ballots and BMDs","Optical Scan",
"3111700000","Nebraska","McPherson County","21842","1","Assigned Polling Place","No","Hand marked paper ballots and BMDs","Optical Scan",
"3112100000","Nebraska","Merrick County","5375","15","Assigned Polling Place","No","Hand marked paper ballots and BMDs","Optical Scan",
"3112300000","Nebraska","Morrill County","3550","9","Assigned Polling Place","No","Hand marked paper ballots and BMDs","Optical Scan",
"3112500000","Nebraska","Nance County","2585","6","Assigned Polling Place","No","Hand marked paper ballots and BMDs","Optical Scan",
"3112700000","Nebraska","Nemaha County","5263","9","Assigned Polling Place","No","Hand marked paper ballots and BMDs","Optical Scan",
"3112900000","Nebraska","Nuckolls County","3364","8","Assigned Polling Place","No","Hand marked paper ballots and BMDs","Optical Scan",
"3113100000","Nebraska","Otoe County","10900","16","Assigned Polling Place","No","Hand marked paper ballots and BMDs","Optical Scan",
"3113300000","Nebraska","Pawnee County","1963","5","Assigned Polling Place","No","Hand marked paper ballots and BMDs","Optical Scan",
"3113500000","Nebraska","Perkins County","2090","3","Assigned Polling Place","No","Hand marked paper ballots and BMDs","Optical Scan",
"3113700000","Nebraska","Phelps County","6468","13","Assigned Polling Place","No","Hand marked paper ballots and BMDs","Optical Scan",
"3113900000","Nebraska","Pierce County","4962","5","Assigned Polling Place","No","Hand marked paper ballots and BMDs","Optical Scan",
"3114100000","Nebraska","Platte County","19830","30","Assigned Polling Place","No","Hand marked paper ballots and BMDs","Optical Scan",
"3114300000","Nebraska","Polk County","3690","6","Assigned Polling Place","No","Hand marked paper ballots and BMDs","Optical Scan",
"3114500000","Nebraska","Red Willow County","7654","16","Assigned Polling Place","No","Hand marked paper ballots and BMDs","Optical Scan",
"3114700000","Nebraska","Richardson County","6372","15","Assigned Polling Place","No","Hand marked paper ballots and BMDs","Optical Scan",
"3114900000","Nebraska","Rock County","1097","5","Assigned Polling Place","No","Hand marked paper ballots and BMDs","Optical Scan",
"3115100000","Nebraska","Saline County","8292","12","Assigned Polling Place","No","Hand marked paper ballots and BMDs","Optical Scan",
"3115300000","Nebraska","Sarpy County","91416","87","Assigned Polling Place","No","Hand marked paper ballots and BMDs","Optical Scan",
"3115500000","Nebraska","Saunders County","14532","18","Assigned Polling Place","No","Hand marked paper ballots and BMDs","Optical Scan",
"3115700000","Nebraska","Scotts Bluff County","23846","30","Assigned Polling Place","No","Hand marked paper ballots and BMDs","Optical Scan",
"3115900000","Nebraska","Seward County","10913","16","Assigned Polling Place","No","Hand marked paper ballots and BMDs","Optical Scan",
"3116100000","Nebraska","Sheridan County","4288","8","Assigned Polling Place","No","Hand marked paper ballots and BMDs","Optical Scan",
"3116300000","Nebraska","Sherman County","2191","6","Assigned Polling Place","No","Hand marked paper ballots and BMDs","Optical Scan",
"3116500000","Nebraska","Sioux County","910","2","Assigned Polling Place","No","Hand marked paper ballots and BMDs","Optical Scan",
"3116700000","Nebraska","Stanton County","3979","15","Assigned Polling Place","No","Hand marked paper ballots and BMDs","Optical Scan",
"3116900000","Nebraska","Thayer County","3935","7","Assigned Polling Place","No","Hand marked paper ballots and BMDs","Optical Scan",
"3117100000","Nebraska","Thomas County","505","1","Assigned Polling Place","No","Hand marked paper ballots and BMDs","Optical Scan",
"3117300000","Nebraska","Thurston County","4453","9","Assigned Polling Place","No","Hand marked paper ballots and BMDs","Optical Scan",
"3117500000","Nebraska","Valley County","3287","7","Assigned Polling Place","No","Hand marked paper ballots and BMDs","Optical Scan",
"3117700000","Nebraska","Washington County","13886","15","Assigned Polling Place","No","Hand marked paper ballots and BMDs","Optical Scan",
"3117900000","Nebraska","Wayne County","5495","10","Assigned Polling Place","No","Hand marked paper ballots and BMDs","Optical Scan",
"3118100000","Nebraska","Webster County","2673","5","Assigned Polling Place","No","Hand marked paper ballots and BMDs","Optical Scan",
"3118300000","Nebraska","Wheeler County","611","12","Assigned Polling Place","No","Hand marked paper ballots and BMDs","Optical Scan",
"3118500000","Nebraska","York County","10941","14","Assigned Polling Place","No","Hand marked paper ballots and BMDs","Optical Scan",
"3251000000","Nevada","Consolidated Municipality of Carson City","25981","28","Assigned Polling Place","No","DREs with VVPAT for all voters","DRE",
"3200100000","Nevada","Churchill County","12230","19","Assigned Polling Place","No","DREs with VVPAT for all voters","DRE",
"3200300000","Nevada","Clark County","815190","1158","Assigned Polling Place","No","DREs with VVPAT for all voters","DRE",
"3200500000","Nevada","Douglas County","28102","41","Assigned Polling Place","No","DREs with VVPAT for all voters","DRE",
"3200700000","Nevada","Elko County","17929","41","Assigned Polling Place","No","DREs with VVPAT for all voters","DRE",
"3200900000","Nevada","Esmeralda County","608","5","Assigned Polling Place","No","DREs with VVPAT for all voters","DRE",
"3201100000","Nevada","Eureka County","1012","4","Assigned Polling Place","No","DREs with VVPAT for all voters","DRE",
"3201300000","Nevada","Humboldt County","6297","15","Assigned Polling Place","No","DREs with VVPAT for all voters","DRE",
"3201500000","Nevada","Lander County","2609","9","Assigned Polling Place","No","DREs with VVPAT for all voters","DRE",
"3201700000","Nevada","Lincoln County","2700","7","Assigned Polling Place","No","DREs with VVPAT for all voters","DRE",
"3201900000","Nevada","Lyon County","26396","40","Assigned Polling Place","No","DREs with VVPAT for all voters","DRE",
"3202100000","Nevada","Mineral County","2951","13","Assigned Polling Place","No","DREs with VVPAT for all voters","DRE",
"3202300000","Nevada","Nye County","24957","33","Assigned Polling Place","No","DREs with VVPAT for all voters","DRE",
"3202700000","Nevada","Pershing County","2288","6","Assigned Polling Place","No","DREs with VVPAT for all voters","DRE",
"3202900000","Nevada","Storey County","2622","15","Assigned Polling Place","No","DREs with VVPAT for all voters","DRE",
"3203100000","Nevada","Washoe County","231437","582","Assigned Polling Place","No","DREs with VVPAT for all voters","DRE",
"3203300000","Nevada","White Pine County","5073","10","Assigned Polling Place","No","DREs with VVPAT for all voters","DRE",
"3300101060","New Hampshire","Town of Alton (Belknap County)","4135","1","Assigned Polling Place","No","Hand marked paper ballots and BMDs","Hand Count and Optical Scan",
"3300103220","New Hampshire","Town of Barnstead (Belknap County)","3449","1","Assigned Polling Place","No","Hand marked paper ballots and BMDs","Hand Count and Optical Scan",
"3300104740","New Hampshire","Town of Belmont (Belknap County)","4929","1","Assigned Polling Place","No","Hand marked paper ballots and BMDs","Hand Count and Optical Scan",
"3300110660","New Hampshire","Town of Center Harbor (Belknap County)","892","1","Assigned Polling Place","No","Hand marked paper ballots and BMDs","Hand Count and Optical Scan",
"3300128740","New Hampshire","Town of Gilford (Belknap County)","6309","1","Assigned Polling Place","No","Hand marked paper ballots and BMDs","Hand Count and Optical Scan",
"3300128980","New Hampshire","Town of Gilmanton (Belknap County)","2578","1","Assigned Polling Place","No","Hand marked paper ballots and BMDs","Hand Count and Optical Scan",
"3300140180","New Hampshire","City of Laconia (Belknap County)","11099","6","Assigned Polling Place","No","Hand marked paper ballots and BMDs","Hand Count and Optical Scan",
"3300147140","New Hampshire","Town of Meredith (Belknap County)","5144","1","Assigned Polling Place","No","Hand marked paper ballots and BMDs","Hand Count and Optical Scan",
"3300151540","New Hampshire","Town of New Hampton (Belknap County)","1639","1","Assigned Polling Place","No","Hand marked paper ballots and BMDs","Hand Count and Optical Scan",
"3300167300","New Hampshire","Town of Sanbornton (Belknap County)","2447","1","Assigned Polling Place","No","Hand marked paper ballots and BMDs","Hand Count and Optical Scan",
"3300177060","New Hampshire","Town of Tilton (Belknap County)","2670","1","Assigned Polling Place","No","Hand marked paper ballots and BMDs","Hand Count and Optical Scan",
"3300300420","New Hampshire","Town of Albany (Carroll County)","598","1","Assigned Polling Place","No","Hand marked paper ballots and BMDs","Hand Count and Optical Scan",
"3300303700","New Hampshire","Town of Bartlett (Carroll County)","2602","1","Assigned Polling Place","No","Hand marked paper ballots and BMDs","Hand Count and Optical Scan",
"3300307940","New Hampshire","Town of Brookfield (Carroll County)","811","1","Assigned Polling Place","No","Hand marked paper ballots and BMDs","Hand Count and Optical Scan",
"3300311780","New Hampshire","Town of Chatham (Carroll County)","250","1","Assigned Polling Place","No","Hand marked paper ballots and BMDs","Hand Count and Optical Scan",
"3300314660","New Hampshire","Town of Conway (Carroll County)","7915","1","Assigned Polling Place","No","Hand marked paper ballots and BMDs","Hand Count and Optical Scan",
"3300323380","New Hampshire","Town of Eaton (Carroll County)","331","1","Assigned Polling Place","No","Hand marked paper ballots and BMDs","Hand Count and Optical Scan",
"3300323620","New Hampshire","Town of Effingham (Carroll County)","1034","1","Assigned Polling Place","No","Hand marked paper ballots and BMDs","Hand Count and Optical Scan",
"3300327700","New Hampshire","Town of Freedom (Carroll County)","1257","1","Assigned Polling Place","No","Hand marked paper ballots and BMDs","Hand Count and Optical Scan",
"3300332500","New Hampshire","Town of Hale's Location (Carroll County)","138","1","Assigned Polling Place","No","Hand marked paper ballots and BMDs","Hand Count and Optical Scan",
"3300334500","New Hampshire","Town of Hart's Location (Carroll County)","29","1","Assigned Polling Place","No","Hand marked paper ballots and BMDs","Hand Count and Optical Scan",
"3300338260","New Hampshire","Town of Jackson (Carroll County)","860","1","Assigned Polling Place","No","Hand marked paper ballots and BMDs","Hand Count and Optical Scan",
"3300345060","New Hampshire","Town of Madison (Carroll County)","1808","1","Assigned Polling Place","No","Hand marked paper ballots and BMDs","Hand Count and Optical Scan",
"3300349380","New Hampshire","Town of Moultonborough (Carroll County)","4051","1","Assigned Polling Place","No","Hand marked paper ballots and BMDs","Hand Count and Optical Scan",
"3300358740","New Hampshire","Town of Ossipee (Carroll County)","3082","1","Assigned Polling Place","No","Hand marked paper ballots and BMDs","Hand Count and Optical Scan",
"3300367780","New Hampshire","Town of Sandwich (Carroll County)","1144","1","Assigned Polling Place","No","Hand marked paper ballots and BMDs","Hand Count and Optical Scan",
"3300376100","New Hampshire","Town of Tamworth (Carroll County)","2114","1","Assigned Polling Place","No","Hand marked paper ballots and BMDs","Hand Count and Optical Scan",
"3300377620","New Hampshire","Town of Tuftonboro (Carroll County)","1975","1","Assigned Polling Place","No","Hand marked paper ballots and BMDs","Hand Count and Optical Scan",
"3300378180","New Hampshire","Town of Wakefield (Carroll County)","3648","1","Assigned Polling Place","No","Hand marked paper ballots and BMDs","Hand Count and Optical Scan",
"3300386420","New Hampshire","Town of Wolfeboro (Carroll County)","5550","1","Assigned Polling Place","No","Hand marked paper ballots and BMDs","Hand Count and Optical Scan",
"3300500820","New Hampshire","Town of Alstead (Cheshire County)","1427","1","Assigned Polling Place","No","Hand marked paper ballots and BMDs","Hand Count and Optical Scan",
"3300512260","New Hampshire","Town of Chesterfield (Cheshire County)","3007","1","Assigned Polling Place","No","Hand marked paper ballots and BMDs","Hand Count and Optical Scan",
"3300519140","New Hampshire","Town of Dublin (Cheshire County)","1266","1","Assigned Polling Place","No","Hand marked paper ballots and BMDs","Hand Count and Optical Scan",
"3300526500","New Hampshire","Town of Fitzwilliam (Cheshire County)","1930","1","Assigned Polling Place","No","Hand marked paper ballots and BMDs","Hand Count and Optical Scan",
"3300529220","New Hampshire","Town of Gilsum (Cheshire County)","574","1","Assigned Polling Place","No","Hand marked paper ballots and BMDs","Hand Count and Optical Scan",
"3300534420","New Hampshire","Town of Harrisville (Cheshire County)","886","1","Assigned Polling Place","No","Hand marked paper ballots and BMDs","Hand Count and Optical Scan",
"3300536660","New Hampshire","Town of Hinsdale (Cheshire County)","2754","1","Assigned Polling Place","No","Hand marked paper ballots and BMDs","Hand Count and Optical Scan",
"3300538500","New Hampshire","Town of Jaffrey (Cheshire County)","4121","1","Assigned Polling Place","No","Hand marked paper ballots and BMDs","Hand Count and Optical Scan",
"3300539300","New Hampshire","City of Keene (Cheshire County)","18420","5","Assigned Polling Place","No","Hand marked paper ballots and BMDs","Hand Count and Optical Scan",
"3300545460","New Hampshire","Town of Marlborough (Cheshire County)","1574","1","Assigned Polling Place","No","Hand marked paper ballots and BMDs","Hand Count and Optical Scan",
"3300545700","New Hampshire","Town of Marlow (Cheshire County)","587","1","Assigned Polling Place","No","Hand marked paper ballots and BMDs","Hand Count and Optical Scan",
"3300550580","New Hampshire","Town of Nelson (Cheshire County)","576","1","Assigned Polling Place","No","Hand marked paper ballots and BMDs","Hand Count and Optical Scan",
"3300564420","New Hampshire","Town of Richmond (Cheshire County)","849","1","Assigned Polling Place","No","Hand marked paper ballots and BMDs","Hand Count and Optical Scan",
"3300564580","New Hampshire","Town of Rindge (Cheshire County)","4794","1","Assigned Polling Place","No","Hand marked paper ballots and BMDs","Hand Count and Optical Scan",
"3300565700","New Hampshire","Town of Roxbury (Cheshire County)","194","1","Assigned Polling Place","No","Hand marked paper ballots and BMDs","Hand Count and Optical Scan",
"3300573700","New Hampshire","Town of Stoddard (Cheshire County)","875","1","Assigned Polling Place","No","Hand marked paper ballots and BMDs","Hand Count and Optical Scan",
"3300574900","New Hampshire","Town of Sullivan (Cheshire County)","510","1","Assigned Polling Place","No","Hand marked paper ballots and BMDs","Hand Count and Optical Scan",
"3300575300","New Hampshire","Town of Surry (Cheshire County)","622","1","Assigned Polling Place","No","Hand marked paper ballots and BMDs","Hand Count and Optical Scan",
"3300575700","New Hampshire","Town of Swanzey (Cheshire County)","4996","1","Assigned Polling Place","No","Hand marked paper ballots and BMDs","Hand Count and Optical Scan",
"3300577380","New Hampshire","Town of Troy (Cheshire County)","1601","1","Assigned Polling Place","No","Hand marked paper ballots and BMDs","Hand Count and Optical Scan",
"3300578420","New Hampshire","Town of Walpole (Cheshire County)","2886","2","Assigned Polling Place","No","Hand marked paper ballots and BMDs","Hand Count and Optical Scan",
"3300582660","New Hampshire","Town of Westmoreland (Cheshire County)","1298","1","Assigned Polling Place","No","Hand marked paper ballots and BMDs","Hand Count and Optical Scan",
"3300585540","New Hampshire","Town of Winchester (Cheshire County)","2978","1","Assigned Polling Place","No","Hand marked paper ballots and BMDs","Hand Count and Optical Scan",
"3300705140","New Hampshire","City of Berlin (Coos County)","6260","4","Assigned Polling Place","No","Hand marked paper ballots and BMDs","Hand Count and Optical Scan",
"3300710100","New Hampshire","Town of Carroll (Coos County)","658","1","Assigned Polling Place","No","Hand marked paper ballots and BMDs","Hand Count and Optical Scan",
"3300713220","New Hampshire","Town of Clarksville (Coos County)","245","1","Assigned Polling Place","No","Hand marked paper ballots and BMDs","Hand Count and Optical Scan",
"3300713780","New Hampshire","Town of Colebrook (Coos County)","1567","1","Assigned Polling Place","No","Hand marked paper ballots and BMDs","Hand Count and Optical Scan",
"3300713940","New Hampshire","Town of Columbia (Coos County)","432","1","Assigned Polling Place","No","Hand marked paper ballots and BMDs","Hand Count and Optical Scan",
"3300716820","New Hampshire","Town of Dalton (Coos County)","684","1","Assigned Polling Place","No","Hand marked paper ballots and BMDs","Hand Count and Optical Scan",
"3300718420","New Hampshire","Town of Dixville (Coos County)","21","1","Assigned Polling Place","No","Hand marked paper ballots and BMDs","Hand Count and Optical Scan",
"3300719300","New Hampshire","Town of Dummer (Coos County)","227","1","Assigned Polling Place","No","Hand marked paper ballots and BMDs","Hand Count and Optical Scan",
"3300725140","New Hampshire","Town of Errol (Coos County)","248","1","Assigned Polling Place","No","Hand marked paper ballots and BMDs","Hand Count and Optical Scan",
"3300730260","New Hampshire","Town of Gorham (Coos County)","2097","1","Assigned Polling Place","No","Hand marked paper ballots and BMDs","Hand Count and Optical Scan",
"3300738820","New Hampshire","Town of Jefferson (Coos County)","720","1","Assigned Polling Place","No","Hand marked paper ballots and BMDs","Hand Count and Optical Scan",
"3300740420","New Hampshire","Town of Lancaster (Coos County)","2326","1","Assigned Polling Place","No","Hand marked paper ballots and BMDs","Hand Count and Optical Scan",
"3300747860","New Hampshire","Town of Milan (Coos County)","975","1","Assigned Polling Place","No","Hand marked paper ballots and BMDs","Hand Count and Optical Scan",
"3300748260","New Hampshire","Town of Millsfield (Coos County)","16","1","Assigned Polling Place","No","Hand marked paper ballots and BMDs","Hand Count and Optical Scan",
"3300756100","New Hampshire","Town of Northumberland (Coos County)","1375","1","Assigned Polling Place","No","Hand marked paper ballots and BMDs","Hand Count and Optical Scan",
"3300761780","New Hampshire","Town of Pittsburg (Coos County)","701","1","Assigned Polling Place","No","Hand marked paper ballots and BMDs","Hand Count and Optical Scan",
"3300763860","New Hampshire","Town of Randolph (Coos County)","282","1","Assigned Polling Place","No","Hand marked paper ballots and BMDs","Hand Count and Optical Scan",
"3300768980","New Hampshire","Town of Shelburne (Coos County)","326","1","Assigned Polling Place","No","Hand marked paper ballots and BMDs","Hand Count and Optical Scan",
"3300773060","New Hampshire","Town of Stark (Coos County)","367","1","Assigned Polling Place","No","Hand marked paper ballots and BMDs","Hand Count and Optical Scan",
"3300773380","New Hampshire","Town of Stewartstown (Coos County)","650","1","Assigned Polling Place","No","Hand marked paper ballots and BMDs","Hand Count and Optical Scan",
"3300774180","New Hampshire","Town of Stratford (Coos County)","442","1","Assigned Polling Place","No","Hand marked paper ballots and BMDs","Hand Count and Optical Scan",
"3300780740","New Hampshire","Town of Wentworth's Location (Coos County)","25","1","Assigned Polling Place","No","Hand marked paper ballots and BMDs","Hand Count and Optical Scan",
"3300784420","New Hampshire","Town of Whitefield (Coos County)","1465","1","Assigned Polling Place","No","Hand marked paper ballots and BMDs","Hand Count and Optical Scan",
"3300900580","New Hampshire","Town of Alexandria (Grafton County)","1157","1","Assigned Polling Place","No","Hand marked paper ballots and BMDs","Hand Count and Optical Scan",
"3300902020","New Hampshire","Town of Ashland (Grafton County)","1457","1","Assigned Polling Place","No","Hand marked paper ballots and BMDs","Hand Count and Optical Scan",
"3300903940","New Hampshire","Town of Bath (Grafton County)","635","1","Assigned Polling Place","No","Hand marked paper ballots and BMDs","Hand Count and Optical Scan",
"3300905060","New Hampshire","Town of Benton (Grafton County)","219","1","Assigned Polling Place","No","Hand marked paper ballots and BMDs","Hand Count and Optical Scan",
"3300905460","New Hampshire","Town of Bethlehem (Grafton County)","1895","1","Assigned Polling Place","No","Hand marked paper ballots and BMDs","Hand Count and Optical Scan",
"3300907540","New Hampshire","Town of Bridgewater (Grafton County)","919","1","Assigned Polling Place","No","Hand marked paper ballots and BMDs","Hand Count and Optical Scan",
"3300907700","New Hampshire","Town of Bristol (Grafton County)","2279","1","Assigned Polling Place","No","Hand marked paper ballots and BMDs","Hand Count and Optical Scan",
"3300908660","New Hampshire","Town of Campton (Grafton County)","2251","1","Assigned Polling Place","No","Hand marked paper ballots and BMDs","Hand Count and Optical Scan",
"3300908980","New Hampshire","Town of Canaan (Grafton County)","2565","1","Assigned Polling Place","No","Hand marked paper ballots and BMDs","Hand Count and Optical Scan",
"3300918740","New Hampshire","Town of Dorchester (Grafton County)","270","1","Assigned Polling Place","No","Hand marked paper ballots and BMDs","Hand Count and Optical Scan",
"3300922020","New Hampshire","Town of Easton (Grafton County)","211","1","Assigned Polling Place","No","Hand marked paper ballots and BMDs","Hand Count and Optical Scan",
"3300923860","New Hampshire","Town of Ellsworth (Grafton County)","60","1","Assigned Polling Place","No","Hand marked paper ballots and BMDs","Hand Count and Optical Scan",
"3300924340","New Hampshire","Town of Enfield (Grafton County)","3148","1","Assigned Polling Place","No","Hand marked paper ballots and BMDs","Hand Count and Optical Scan",
"3300927300","New Hampshire","Town of Franconia (Grafton County)","955","1","Assigned Polling Place","No","Hand marked paper ballots and BMDs","Hand Count and Optical Scan",
"3300930820","New Hampshire","Town of Grafton (Grafton County)","892","1","Assigned Polling Place","No","Hand marked paper ballots and BMDs","Hand Count and Optical Scan",
"3300932180","New Hampshire","Town of Groton (Grafton County)","406","1","Assigned Polling Place","No","Hand marked paper ballots and BMDs","Hand Count and Optical Scan",
"3300933860","New Hampshire","Town of Hanover (Grafton County)","10314","1","Assigned Polling Place","No","Hand marked paper ballots and BMDs","Hand Count and Optical Scan",
"3300934820","New Hampshire","Town of Haverhill (Grafton County)","2758","1","Assigned Polling Place","No","Hand marked paper ballots and BMDs","Hand Count and Optical Scan",
"3300935220","New Hampshire","Town of Hebron (Grafton County)","500","1","Assigned Polling Place","No","Hand marked paper ballots and BMDs","Hand Count and Optical Scan",
"3300936900","New Hampshire","Town of Holderness (Grafton County)","1710","1","Assigned Polling Place","No","Hand marked paper ballots and BMDs","Hand Count and Optical Scan",
"3300940660","New Hampshire","Town of Landaff (Grafton County)","293","1","Assigned Polling Place","No","Hand marked paper ballots and BMDs","Hand Count and Optical Scan",
"3300941300","New Hampshire","City of Lebanon (Grafton County)","10096","3","Assigned Polling Place","No","Hand marked paper ballots and BMDs","Hand Count and Optical Scan",
"3300941860","New Hampshire","Town of Lincoln (Grafton County)","1218","1","Assigned Polling Place","No","Hand marked paper ballots and BMDs","Hand Count and Optical Scan",
"3300942020","New Hampshire","Town of Lisbon (Grafton County)","935","1","Assigned Polling Place","No","Hand marked paper ballots and BMDs","Hand Count and Optical Scan",
"3300942580","New Hampshire","Town of Littleton (Grafton County)","4246","1","Assigned Polling Place","No","Hand marked paper ballots and BMDs","Hand Count and Optical Scan",
"3300944100","New Hampshire","Town of Lyman (Grafton County)","418","1","Assigned Polling Place","No","Hand marked paper ballots and BMDs","Hand Count and Optical Scan",
"3300944260","New Hampshire","Town of Lyme (Grafton County)","1345","1","Assigned Polling Place","No","Hand marked paper ballots and BMDs","Hand Count and Optical Scan",
"3300948980","New Hampshire","Town of Monroe (Grafton County)","607","1","Assigned Polling Place","No","Hand marked paper ballots and BMDs","Hand Count and Optical Scan",
"3300958340","New Hampshire","Town of Orange (Grafton County)","209","1","Assigned Polling Place","No","Hand marked paper ballots and BMDs","Hand Count and Optical Scan",
"3300958500","New Hampshire","Town of Orford (Grafton County)","935","1","Assigned Polling Place","No","Hand marked paper ballots and BMDs","Hand Count and Optical Scan",
"3300961060","New Hampshire","Town of Piermont (Grafton County)","574","1","Assigned Polling Place","No","Hand marked paper ballots and BMDs","Hand Count and Optical Scan",
"3300962660","New Hampshire","Town of Plymouth (Grafton County)","6681","1","Assigned Polling Place","No","Hand marked paper ballots and BMDs","Hand Count and Optical Scan",
"3300965940","New Hampshire","Town of Rumney (Grafton County)","1148","1","Assigned Polling Place","No","Hand marked paper ballots and BMDs","Hand Count and Optical Scan",
"3300974740","New Hampshire","Town of Sugar Hill (Grafton County)","496","1","Assigned Polling Place","No","Hand marked paper ballots and BMDs","Hand Count and Optical Scan",
"3300976740","New Hampshire","Town of Thornton (Grafton County)","1998","1","Assigned Polling Place","No","Hand marked paper ballots and BMDs","Hand Count and Optical Scan",
"3300978740","New Hampshire","Town of Warren (Grafton County)","644","1","Assigned Polling Place","No","Hand marked paper ballots and BMDs","Hand Count and Optical Scan",
"3300979380","New Hampshire","Town of Waterville Valley (Grafton County)","267","1","Assigned Polling Place","No","Hand marked paper ballots and BMDs","Hand Count and Optical Scan",
"3300980500","New Hampshire","Town of Wentworth (Grafton County)","686","1","Assigned Polling Place","No","Hand marked paper ballots and BMDs","Hand Count and Optical Scan",
"3300987060","New Hampshire","Town of Woodstock (Grafton County)","969","1","Assigned Polling Place","No","Hand marked paper ballots and BMDs","Hand Count and Optical Scan",
"3301101300","New Hampshire","Town of Amherst (Hillsborough County)","8849","1","Assigned Polling Place","No","Hand marked paper ballots and BMDs","Hand Count and Optical Scan",
"3301101700","New Hampshire","Town of Antrim (Hillsborough County)","2058","1","Assigned Polling Place","No","Hand marked paper ballots and BMDs","Hand Count and Optical Scan",
"3301104500","New Hampshire","Town of Bedford (Hillsborough County)","16399","1","Assigned Polling Place","No","Hand marked paper ballots and BMDs","Hand Count and Optical Scan",
"3301104900","New Hampshire","Town of Bennington (Hillsborough County)","1101","1","Assigned Polling Place","No","Hand marked paper ballots and BMDs","Hand Count and Optical Scan",
"3301108100","New Hampshire","Town of Brookline (Hillsborough County)","3517","1","Assigned Polling Place","No","Hand marked paper ballots and BMDs","Hand Count and Optical Scan",
"3301117780","New Hampshire","Town of Deering (Hillsborough County)","1406","1","Assigned Polling Place","No","Hand marked paper ballots and BMDs","Hand Count and Optical Scan",
"3301127140","New Hampshire","Town of Francestown (Hillsborough County)","1213","1","Assigned Polling Place","No","Hand marked paper ballots and BMDs","Hand Count and Optical Scan",
"3301129860","New Hampshire","Town of Goffstown (Hillsborough County)","12832","2","Assigned Polling Place","No","Hand marked paper ballots and BMDs","Hand Count and Optical Scan",
"3301131540","New Hampshire","Town of Greenfield (Hillsborough County)","1158","1","Assigned Polling Place","No","Hand marked paper ballots and BMDs","Hand Count and Optical Scan",
"3301131940","New Hampshire","Town of Greenville (Hillsborough County)","1406","1","Assigned Polling Place","No","Hand marked paper ballots and BMDs","Hand Count and Optical Scan",
"3301133700","New Hampshire","Town of Hancock (Hillsborough County)","1367","1","Assigned Polling Place","No","Hand marked paper ballots and BMDs","Hand Count and Optical Scan",
"3301136180","New Hampshire","Town of Hillsborough (Hillsborough County)","4181","1","Assigned Polling Place","No","Hand marked paper ballots and BMDs","Hand Count and Optical Scan",
"3301137140","New Hampshire","Town of Hollis (Hillsborough County)","5754","1","Assigned Polling Place","No","Hand marked paper ballots and BMDs","Hand Count and Optical Scan",
"3301137940","New Hampshire","Town of Hudson (Hillsborough County)","16305","1","Assigned Polling Place","No","Hand marked paper ballots and BMDs","Hand Count and Optical Scan",
"3301142260","New Hampshire","Town of Litchfield (Hillsborough County)","5903","1","Assigned Polling Place","No","Hand marked paper ballots and BMDs","Hand Count and Optical Scan",
"3301144580","New Hampshire","Town of Lyndeborough (Hillsborough County)","1279","1","Assigned Polling Place","No","Hand marked paper ballots and BMDs","Hand Count and Optical Scan",
"3301145140","New Hampshire","City of Manchester (Hillsborough County)","68274","12","Assigned Polling Place","No","Hand marked paper ballots and BMDs","Hand Count and Optical Scan",
"3301146260","New Hampshire","Town of Mason (Hillsborough County)","969","1","Assigned Polling Place","No","Hand marked paper ballots and BMDs","Hand Count and Optical Scan",
"3301147540","New Hampshire","Town of Merrimack (Hillsborough County)","19442","3","Assigned Polling Place","No","Hand marked paper ballots and BMDs","Hand Count and Optical Scan",
"3301148020","New Hampshire","Town of Milford (Hillsborough County)","10894","1","Assigned Polling Place","No","Hand marked paper ballots and BMDs","Hand Count and Optical Scan",
"3301149140","New Hampshire","Town of Mont Vernon (Hillsborough County)","1896","1","Assigned Polling Place","No","Hand marked paper ballots and BMDs","Hand Count and Optical Scan",
"3301150260","New Hampshire","City of Nashua (Hillsborough County)","53858","9","Assigned Polling Place","No","Hand marked paper ballots and BMDs","Hand Count and Optical Scan",
"3301150740","New Hampshire","Town of New Boston (Hillsborough County)","3989","1","Assigned Polling Place","No","Hand marked paper ballots and BMDs","Hand Count and Optical Scan",
"3301151940","New Hampshire","Town of New Ipswich (Hillsborough County)","3551","1","Assigned Polling Place","No","Hand marked paper ballots and BMDs","Hand Count and Optical Scan",
"3301159940","New Hampshire","Town of Pelham (Hillsborough County)","9070","1","Assigned Polling Place","No","Hand marked paper ballots and BMDs","Hand Count and Optical Scan",
"3301160580","New Hampshire","Town of Peterborough (Hillsborough County)","5456","1","Assigned Polling Place","No","Hand marked paper ballots and BMDs","Hand Count and Optical Scan",
"3301168820","New Hampshire","Town of Sharon (Hillsborough County)","281","1","Assigned Polling Place","No","Hand marked paper ballots and BMDs","Hand Count and Optical Scan",
"3301176260","New Hampshire","Town of Temple (Hillsborough County)","994","1","Assigned Polling Place","No","Hand marked paper ballots and BMDs","Hand Count and Optical Scan",
"3301179780","New Hampshire","Town of Weare (Hillsborough County)","6196","1","Assigned Polling Place","No","Hand marked paper ballots and BMDs","Hand Count and Optical Scan",
"3301185220","New Hampshire","Town of Wilton (Hillsborough County)","3104","1","Assigned Polling Place","No","Hand marked paper ballots and BMDs","Hand Count and Optical Scan",
"3301185940","New Hampshire","Town of Windsor (Hillsborough County)","157","1","Assigned Polling Place","No","Hand marked paper ballots and BMDs","Hand Count and Optical Scan",
"3301300660","New Hampshire","Town of Allenstown (Merrimack County)","3024","1","Assigned Polling Place","No","Hand marked paper ballots and BMDs","Hand Count and Optical Scan",
"3301301460","New Hampshire","Town of Andover (Merrimack County)","1906","1","Assigned Polling Place","No","Hand marked paper ballots and BMDs","Hand Count and Optical Scan",
"3301306260","New Hampshire","Town of Boscawen (Merrimack County)","2513","1","Assigned Polling Place","No","Hand marked paper ballots and BMDs","Hand Count and Optical Scan",
"3301306500","New Hampshire","Town of Bow (Merrimack County)","6278","1","Assigned Polling Place","No","Hand marked paper ballots and BMDs","Hand Count and Optical Scan",
"3301306980","New Hampshire","Town of Bradford (Merrimack County)","1218","1","Assigned Polling Place","No","Hand marked paper ballots and BMDs","Hand Count and Optical Scan",
"3301309860","New Hampshire","Town of Canterbury (Merrimack County)","2048","1","Assigned Polling Place","No","Hand marked paper ballots and BMDs","Hand Count and Optical Scan",
"3301312420","New Hampshire","Town of Chichester (Merrimack County)","1979","1","Assigned Polling Place","No","Hand marked paper ballots and BMDs","Hand Count and Optical Scan",
"3301314200","New Hampshire","City of Concord (Merrimack County)","32418","10","Assigned Polling Place","No","Hand marked paper ballots and BMDs","Hand Count and Optical Scan",
"3301316980","New Hampshire","Town of Danbury (Merrimack County)","751","1","Assigned Polling Place","No","Hand marked paper ballots and BMDs","Hand Count and Optical Scan",
"3301319460","New Hampshire","Town of Dunbarton (Merrimack County)","2019","1","Assigned Polling Place","No","Hand marked paper ballots and BMDs","Hand Count and Optical Scan",
"3301324900","New Hampshire","Town of Epsom (Merrimack County)","3455","1","Assigned Polling Place","No","Hand marked paper ballots and BMDs","Hand Count and Optical Scan",
"3301327380","New Hampshire","City of Franklin (Merrimack County)","5103","3","Assigned Polling Place","No","Hand marked paper ballots and BMDs","Hand Count and Optical Scan",
"3301335540","New Hampshire","Town of Henniker (Merrimack County)","3276","1","Assigned Polling Place","No","Hand marked paper ballots and BMDs","Hand Count and Optical Scan",
"3301335860","New Hampshire","Town of Hill (Merrimack County)","767","1","Assigned Polling Place","No","Hand marked paper ballots and BMDs","Hand Count and Optical Scan",
"3301337300","New Hampshire","Town of Hooksett (Merrimack County)","9295","6","Assigned Polling Place","No","Hand marked paper ballots and BMDs","Hand Count and Optical Scan",
"3301337540","New Hampshire","Town of Hopkinton (Merrimack County)","4759","1","Assigned Polling Place","No","Hand marked paper ballots and BMDs","Hand Count and Optical Scan",
"3301343380","New Hampshire","Town of Loudon (Merrimack County)","3791","1","Assigned Polling Place","No","Hand marked paper ballots and BMDs","Hand Count and Optical Scan",
"3301352100","New Hampshire","Town of New London (Merrimack County)","3829","1","Assigned Polling Place","No","Hand marked paper ballots and BMDs","Hand Count and Optical Scan",
"3301350900","New Hampshire","Town of Newbury (Merrimack County)","1679","1","Assigned Polling Place","No","Hand marked paper ballots and BMDs","Hand Count and Optical Scan",
"3301354260","New Hampshire","Town of Northfield (Merrimack County)","3517","1","Assigned Polling Place","No","Hand marked paper ballots and BMDs","Hand Count and Optical Scan",
"3301360020","New Hampshire","Town of Pembroke (Merrimack County)","5613","1","Assigned Polling Place","No","Hand marked paper ballots and BMDs","Hand Count and Optical Scan",
"3301361940","New Hampshire","Town of Pittsfield (Merrimack County)","2904","1","Assigned Polling Place","No","Hand marked paper ballots and BMDs","Hand Count and Optical Scan",
"3301366980","New Hampshire","Town of Salisbury (Merrimack County)","1080","1","Assigned Polling Place","No","Hand marked paper ballots and BMDs","Hand Count and Optical Scan",
"3301375460","New Hampshire","Town of Sutton (Merrimack County)","1514","1","Assigned Polling Place","No","Hand marked paper ballots and BMDs","Hand Count and Optical Scan",
"3301378580","New Hampshire","Town of Warner (Merrimack County)","2314","1","Assigned Polling Place","No","Hand marked paper ballots and BMDs","Hand Count and Optical Scan",
"3301380020","New Hampshire","Town of Webster (Merrimack County)","1403","1","Assigned Polling Place","No","Hand marked paper ballots and BMDs","Hand Count and Optical Scan",
"3301384900","New Hampshire","Town of Wilmot (Merrimack County)","1053","1","Assigned Polling Place","No","Hand marked paper ballots and BMDs","Hand Count and Optical Scan",
"3301502340","New Hampshire","Town of Atkinson (Rockingham County)","5756","1","Assigned Polling Place","No","Hand marked paper ballots and BMDs","Hand Count and Optical Scan",
"3301502820","New Hampshire","Town of Auburn (Rockingham County)","3824","1","Assigned Polling Place","No","Hand marked paper ballots and BMDs","Hand Count and Optical Scan",
"3301507220","New Hampshire","Town of Brentwood (Rockingham County)","2717","1","Assigned Polling Place","No","Hand marked paper ballots and BMDs","Hand Count and Optical Scan",
"3301509300","New Hampshire","Town of Candia (Rockingham County)","3347","1","Assigned Polling Place","No","Hand marked paper ballots and BMDs","Hand Count and Optical Scan",
"3301512100","New Hampshire","Town of Chester (Rockingham County)","3455","1","Assigned Polling Place","No","Hand marked paper ballots and BMDs","Hand Count and Optical Scan",
"3301517140","New Hampshire","Town of Danville (Rockingham County)","3109","1","Assigned Polling Place","No","Hand marked paper ballots and BMDs","Hand Count and Optical Scan",
"3301517460","New Hampshire","Town of Deerfield (Rockingham County)","3599","1","Assigned Polling Place","No","Hand marked paper ballots and BMDs","Hand Count and Optical Scan",
"3301517940","New Hampshire","Town of Derry (Rockingham County)","22035","4","Assigned Polling Place","No","Hand marked paper ballots and BMDs","Hand Count and Optical Scan",
"3301521380","New Hampshire","Town of East Kingston (Rockingham County)","1653","1","Assigned Polling Place","No","Hand marked paper ballots and BMDs","Hand Count and Optical Scan",
"3301524660","New Hampshire","Town of Epping (Rockingham County)","4797","1","Assigned Polling Place","No","Hand marked paper ballots and BMDs","Hand Count and Optical Scan",
"3301525380","New Hampshire","Town of Exeter (Rockingham County)","10716","1","Assigned Polling Place","No","Hand marked paper ballots and BMDs","Hand Count and Optical Scan",
"3301527940","New Hampshire","Town of Fremont (Rockingham County)","3009","1","Assigned Polling Place","No","Hand marked paper ballots and BMDs","Hand Count and Optical Scan",
"3301531700","New Hampshire","Town of Greenland (Rockingham County)","2889","1","Assigned Polling Place","No","Hand marked paper ballots and BMDs","Hand Count and Optical Scan",
"3301532900","New Hampshire","Town of Hampstead (Rockingham County)","6299","1","Assigned Polling Place","No","Hand marked paper ballots and BMDs","Hand Count and Optical Scan",
"3301533060","New Hampshire","Town of Hampton (Rockingham County)","13384","1","Assigned Polling Place","No","Hand marked paper ballots and BMDs","Hand Count and Optical Scan",
"3301533460","New Hampshire","Town of Hampton Falls (Rockingham County)","1789","1","Assigned Polling Place","No","Hand marked paper ballots and BMDs","Hand Count and Optical Scan",
"3301539780","New Hampshire","Town of Kensington (Rockingham County)","1753","1","Assigned Polling Place","No","Hand marked paper ballots and BMDs","Hand Count and Optical Scan",
"3301540100","New Hampshire","Town of Kingston (Rockingham County)","4025","1","Assigned Polling Place","No","Hand marked paper ballots and BMDs","Hand Count and Optical Scan",
"3301543220","New Hampshire","Town of Londonderry (Rockingham County)","17364","1","Assigned Polling Place","No","Hand marked paper ballots and BMDs","Hand Count and Optical Scan",
"3301550980","New Hampshire","Town of New Castle (Rockingham County)","885","1","Assigned Polling Place","No","Hand marked paper ballots and BMDs","Hand Count and Optical Scan",
"3301551380","New Hampshire","Town of Newfields (Rockingham County)","1228","1","Assigned Polling Place","No","Hand marked paper ballots and BMDs","Hand Count and Optical Scan",
"3301551620","New Hampshire","Town of Newington (Rockingham County)","729","1","Assigned Polling Place","No","Hand marked paper ballots and BMDs","Hand Count and Optical Scan",
"3301552340","New Hampshire","Town of Newmarket (Rockingham County)","7444","1","Assigned Polling Place","No","Hand marked paper ballots and BMDs","Hand Count and Optical Scan",
"3301552900","New Hampshire","Town of Newton (Rockingham County)","3080","1","Assigned Polling Place","No","Hand marked paper ballots and BMDs","Hand Count and Optical Scan",
"3301554580","New Hampshire","Town of North Hampton (Rockingham County)","4134","1","Assigned Polling Place","No","Hand marked paper ballots and BMDs","Hand Count and Optical Scan",
"3301556820","New Hampshire","Town of Northwood (Rockingham County)","3425","1","Assigned Polling Place","No","Hand marked paper ballots and BMDs","Hand Count and Optical Scan",
"3301557460","New Hampshire","Town of Nottingham (Rockingham County)","3510","1","Assigned Polling Place","No","Hand marked paper ballots and BMDs","Hand Count and Optical Scan",
"3301562500","New Hampshire","Town of Plaistow (Rockingham County)","6356","1","Assigned Polling Place","No","Hand marked paper ballots and BMDs","Hand Count and Optical Scan",
"3301562900","New Hampshire","City of Portsmouth (Rockingham County)","18903","5","Assigned Polling Place","No","Hand marked paper ballots and BMDs","Hand Count and Optical Scan",
"3301564020","New Hampshire","Town of Raymond (Rockingham County)","7440","1","Assigned Polling Place","No","Hand marked paper ballots and BMDs","Hand Count and Optical Scan",
"3301566180","New Hampshire","Town of Rye (Rockingham County)","4848","1","Assigned Polling Place","No","Hand marked paper ballots and BMDs","Hand Count and Optical Scan",
"3301566660","New Hampshire","Town of Salem (Rockingham County)","20654","6","Assigned Polling Place","No","Hand marked paper ballots and BMDs","Hand Count and Optical Scan",
"3301567620","New Hampshire","Town of Sandown (Rockingham County)","4290","1","Assigned Polling Place","No","Hand marked paper ballots and BMDs","Hand Count and Optical Scan",
"3301568260","New Hampshire","Town of Seabrook (Rockingham County)","5786","1","Assigned Polling Place","No","Hand marked paper ballots and BMDs","Hand Count and Optical Scan",
"3301571140","New Hampshire","Town of South Hampton (Rockingham County)","630","1","Assigned Polling Place","No","Hand marked paper ballots and BMDs","Hand Count and Optical Scan",
"3301574340","New Hampshire","Town of Stratham (Rockingham County)","6442","1","Assigned Polling Place","No","Hand marked paper ballots and BMDs","Hand Count and Optical Scan",
"3301585780","New Hampshire","Town of Windham (Rockingham County)","9929","1","Assigned Polling Place","No","Hand marked paper ballots and BMDs","Hand Count and Optical Scan",
"3301703460","New Hampshire","Town of Barrington (Strafford County)","6357","1","Assigned Polling Place","No","Hand marked paper ballots and BMDs","Hand Count and Optical Scan",
"3301718820","New Hampshire","City of Dover (Strafford County)","21054","6","Assigned Polling Place","No","Hand marked paper ballots and BMDs","Hand Count and Optical Scan",
"3301719700","New Hampshire","Town of Durham (Strafford County)","10372","1","Assigned Polling Place","No","Hand marked paper ballots and BMDs","Hand Count and Optical Scan",
"3301726020","New Hampshire","Town of Farmington (Strafford County)","4551","1","Assigned Polling Place","No","Hand marked paper ballots and BMDs","Hand Count and Optical Scan",
"3301741460","New Hampshire","Town of Lee (Strafford County)","3279","1","Assigned Polling Place","No","Hand marked paper ballots and BMDs","Hand Count and Optical Scan",
"3301744820","New Hampshire","Town of Madbury (Strafford County)","1397","1","Assigned Polling Place","No","Hand marked paper ballots and BMDs","Hand Count and Optical Scan",
"3301747700","New Hampshire","Town of Middleton (Strafford County)","1089","1","Assigned Polling Place","No","Hand marked paper ballots and BMDs","Hand Count and Optical Scan",
"3301748660","New Hampshire","Town of Milton (Strafford County)","3209","1","Assigned Polling Place","No","Hand marked paper ballots and BMDs","Hand Count and Optical Scan",
"3301751220","New Hampshire","Town of New Durham (Strafford County)","2044","1","Assigned Polling Place","No","Hand marked paper ballots and BMDs","Hand Count and Optical Scan",
"3301765140","New Hampshire","City of Rochester (Strafford County)","20561","6","Assigned Polling Place","No","Hand marked paper ballots and BMDs","Hand Count and Optical Scan",
"3301765540","New Hampshire","Town of Rollinsford (Strafford County)","2100","1","Assigned Polling Place","No","Hand marked paper ballots and BMDs","Hand Count and Optical Scan",
"3301769940","New Hampshire","City of Somersworth (Strafford County)","8111","5","Assigned Polling Place","No","Hand marked paper ballots and BMDs","Hand Count and Optical Scan",
"3301773860","New Hampshire","Town of Strafford (Strafford County)","3244","1","Assigned Polling Place","No","Hand marked paper ballots and BMDs","Hand Count and Optical Scan",
"3301900260","New Hampshire","Town of Acworth (Sullivan County)","754","1","Assigned Polling Place","No","Hand marked paper ballots and BMDs","Hand Count and Optical Scan",
"3301911380","New Hampshire","Town of Charlestown (Sullivan County)","3425","1","Assigned Polling Place","No","Hand marked paper ballots and BMDs","Hand Count and Optical Scan",
"3301912900","New Hampshire","City of Claremont (Sullivan County)","8421","3","Assigned Polling Place","No","Hand marked paper ballots and BMDs","Hand Count and Optical Scan",
"3301915060","New Hampshire","Town of Cornish (Sullivan County)","1236","1","Assigned Polling Place","No","Hand marked paper ballots and BMDs","Hand Count and Optical Scan",
"3301916340","New Hampshire","Town of Croydon (Sullivan County)","494","1","Assigned Polling Place","No","Hand marked paper ballots and BMDs","Hand Count and Optical Scan",
"3301930500","New Hampshire","Town of Goshen (Sullivan County)","593","1","Assigned Polling Place","No","Hand marked paper ballots and BMDs","Hand Count and Optical Scan",
"3301931220","New Hampshire","Town of Grantham (Sullivan County)","2331","1","Assigned Polling Place","No","Hand marked paper ballots and BMDs","Hand Count and Optical Scan",
"3301940900","New Hampshire","Town of Langdon (Sullivan County)","485","1","Assigned Polling Place","No","Hand marked paper ballots and BMDs","Hand Count and Optical Scan",
"3301941700","New Hampshire","Town of Lempster (Sullivan County)","776","1","Assigned Polling Place","No","Hand marked paper ballots and BMDs","Hand Count and Optical Scan",
"3301952580","New Hampshire","Town of Newport (Sullivan County)","4173","1","Assigned Polling Place","No","Hand marked paper ballots and BMDs","Hand Count and Optical Scan",
"3301962340","New Hampshire","Town of Plainfield (Sullivan County)","1721","1","Assigned Polling Place","No","Hand marked paper ballots and BMDs","Hand Count and Optical Scan",
"3301972740","New Hampshire","Town of Springfield (Sullivan County)","931","1","Assigned Polling Place","No","Hand marked paper ballots and BMDs","Hand Count and Optical Scan",
"3301975060","New Hampshire","Town of Sunapee (Sullivan County)","2704","1","Assigned Polling Place","No","Hand marked paper ballots and BMDs","Hand Count and Optical Scan",
"3301977940","New Hampshire","Town of Unity (Sullivan County)","1047","1","Assigned Polling Place","No","Hand marked paper ballots and BMDs","Hand Count and Optical Scan",
"3301978980","New Hampshire","Town of Washington (Sullivan County)","783","1","Assigned Polling Place","No","Hand marked paper ballots and BMDs","Hand Count and Optical Scan",
"3400100000","New Jersey","Atlantic County","156612","163","Assigned Polling Place","No","DREs without VVPAT for all voters","DRE",
"3400300000","New Jersey","Bergen County","505372","553","Assigned Polling Place","No","DREs without VVPAT for all voters","DRE",
"3400500000","New Jersey","Burlington County","268768","365","Assigned Polling Place","No","DREs without VVPAT for all voters","DRE",
"3400700000","New Jersey","Camden County","314290","334","Assigned Polling Place","No","DREs without VVPAT for all voters","DRE",
"3400900000","New Jersey","Cape May County","65327","128","Assigned Polling Place","No","DREs without VVPAT for all voters","DRE",
"3401100000","New Jersey","Cumberland County","81845","92","Assigned Polling Place","No","DREs without VVPAT for all voters","DRE",
"3401300000","New Jersey","Essex County","434169","551","Assigned Polling Place","No","DREs without VVPAT for all voters","DRE",
"3401500000","New Jersey","Gloucester County","180408","240","Assigned Polling Place","No","DREs without VVPAT for all voters","DRE",
"3401700000","New Jersey","Hudson County","263283","446","Assigned Polling Place","No","DREs without VVPAT for all voters","DRE",
"3401900000","New Jersey","Hunterdon County","82540","114","Assigned Polling Place","No","DREs without VVPAT for all voters","DRE",
"3402100000","New Jersey","Mercer County","203446","257","Assigned Polling Place","No","DREs without VVPAT for all voters","DRE",
"3402300000","New Jersey","Middlesex County","421374","597","Assigned Polling Place","No","DREs without VVPAT for all voters","DRE",
"3402500000","New Jersey","Monmouth County","396480","453","Assigned Polling Place","No","DREs without VVPAT for all voters","DRE",
"3402700000","New Jersey","Morris County","301611","395","Assigned Polling Place","No","DREs without VVPAT for all voters","DRE",
"3402900000","New Jersey","Ocean County","342638","384","Assigned Polling Place","No","DREs without VVPAT for all voters","DRE",
"3403100000","New Jersey","Passaic County","244796","281","Assigned Polling Place","No","DREs without VVPAT for all voters","DRE",
"3403300000","New Jersey","Salem County","41765","45","Assigned Polling Place","No","DREs without VVPAT for all voters","DRE",
"3403500000","New Jersey","Somerset County","189823","263","Assigned Polling Place","No","DREs without VVPAT for all voters","DRE",
"3403700000","New Jersey","Sussex County","90778","119","Assigned Polling Place","No","DREs without VVPAT for all voters","DRE",
"3403900000","New Jersey","Union County","269913","438","Assigned Polling Place","No","DREs without VVPAT for all voters","DRE",
"3404100000","New Jersey","Warren County","62534","90","Assigned Polling Place","No","DREs with VVPAT for all voters","DRE",
"3500100000","New Mexico","Bernalillo County","393061","424","Assigned Polling Place","No","Hand marked paper ballots and BMDs","Optical Scan",
"3500300000","New Mexico","Catron County","2914","7","Assigned Polling Place","No","Hand marked paper ballots and BMDs","Optical Scan",
"3500500000","New Mexico","Chaves County","34447","52","Assigned Polling Place","No","Hand marked paper ballots and BMDs","Optical Scan",
"3500600000","New Mexico","Cibola County","15475","25","Assigned Polling Place","No","Hand marked paper ballots and BMDs","Optical Scan",
"3500700000","New Mexico","Colfax County","9213","20","Assigned Polling Place","No","Hand marked paper ballots and BMDs","Optical Scan",
"3500900000","New Mexico","Curry County","22272","28","Assigned Polling Place","No","Hand marked paper ballots and BMDs","Optical Scan",
"3501100000","New Mexico","DeBaca County","1467","4","Assigned Polling Place","No","Hand marked paper ballots and BMDs","Optical Scan",
"3501300000","New Mexico","Dona Ana County","108615","115","Assigned Polling Place","No","Hand marked paper ballots and BMDs","Optical Scan",
"3501500000","New Mexico","Eddy County","27900","45","Assigned Polling Place","No","Hand marked paper ballots and BMDs","Optical Scan",
"3501700000","New Mexico","Grant County","22233","35","Assigned Polling Place","No","Hand marked paper ballots and BMDs","Optical Scan",
"3501900000","New Mexico","Guadalupe County","3557","7","Assigned Polling Place","No","Hand marked paper ballots and BMDs","Optical Scan",
"3502100000","New Mexico","Harding County","778","2","Assigned Polling Place","No","Hand marked paper ballots and BMDs","Optical Scan",
"3502300000","New Mexico","Hidalgo County","2880","7","Assigned Polling Place","No","Hand marked paper ballots and BMDs","Optical Scan",
"3502500000","New Mexico","Lea County","28880","46","Assigned Polling Place","No","Hand marked paper ballots and BMDs","Optical Scan",
"3502700000","New Mexico","Lincoln County","13768","22","Assigned Polling Place","No","Hand marked paper ballots and BMDs","Optical Scan",
"3502800000","New Mexico","Los Alamos County","13194","17","Assigned Polling Place","No","Hand marked paper ballots and BMDs","Optical Scan",
"3502900000","New Mexico","Luna County","12342","11","Assigned Polling Place","No","Hand marked paper ballots and BMDs","Optical Scan",
"3503100000","New Mexico","McKinley County","37837","58","Assigned Polling Place","No","Hand marked paper ballots and BMDs","Optical Scan",
"3503300000","New Mexico","Mora County","4069","11","Assigned Polling Place","No","Hand marked paper ballots and BMDs","Optical Scan",
"3503500000","New Mexico","Otero County","32658","44","Assigned Polling Place","No","Hand marked paper ballots and BMDs","Optical Scan",
"3503700000","New Mexico","Quay County","6126","12","Assigned Polling Place","No","Hand marked paper ballots and BMDs","Optical Scan",
"3503900000","New Mexico","Rio Arriba County","25629","43","Assigned Polling Place","No","Hand marked paper ballots and BMDs","Optical Scan",
"3504100000","New Mexico","Roosevelt County","10434","21","Assigned Polling Place","No","Hand marked paper ballots and BMDs","Optical Scan",
"3504500000","New Mexico","San Juan County","58001","72","Assigned Polling Place","No","Hand marked paper ballots and BMDs","Optical Scan",
"3504700000","New Mexico","San Miguel County","21659","38","Assigned Polling Place","No","Hand marked paper ballots and BMDs","Optical Scan",
"3504300000","New Mexico","Sandoval County","79220","78","Assigned Polling Place","No","Hand marked paper ballots and BMDs","Optical Scan",
"3504900000","New Mexico","Santa Fe County","96990","86","Assigned Polling Place","No","Hand marked paper ballots and BMDs","Optical Scan",
"3505100000","New Mexico","Sierra County","7964","12","Assigned Polling Place","No","Hand marked paper ballots and BMDs","Optical Scan",
"3505300000","New Mexico","Socorro County","12545","26","Assigned Polling Place","No","Hand marked paper ballots and BMDs","Optical Scan",
"3505500000","New Mexico","Taos County","24365","36","Assigned Polling Place","No","Hand marked paper ballots and BMDs","Optical Scan",
"3505700000","New Mexico","Torrance County","9616","16","Assigned Polling Place","No","Hand marked paper ballots and BMDs","Optical Scan",
"3505900000","New Mexico","Union County","2434","6","Assigned Polling Place","No","Hand marked paper ballots and BMDs","Optical Scan",
"3506100000","New Mexico","Valencia County","40538","36","Assigned Polling Place","No","Hand marked paper ballots and BMDs","Optical Scan",
"3600100000","New York","Albany County","184019","347","Assigned Polling Place","No","Mechanical Lever Machine","Mechanical Lever Voting Machines",
"3600300000","New York","Allegany County","23530","40","Assigned Polling Place","No","Mechanical Lever Machine","Mechanical Lever Voting Machines",
"3600500000","New York","Bronx County","628947","929","Assigned Polling Place","No","Mechanical Lever Machine","Mechanical Lever Voting Machines",
"3600700000","New York","Broome County","117188","190","Assigned Polling Place","No","Mechanical Lever Machine","Mechanical Lever Voting Machines",
"3600900000","New York","Cattaraugus County","46941","79","Assigned Polling Place","No","Mechanical Lever Machine","Mechanical Lever Voting Machines",
"3601100000","New York","Cayuga County","46322","65","Assigned Polling Place","No","Mechanical Lever Machine","Mechanical Lever Voting Machines",
"3601300000","New York","Chautauqua County","81236","125","Assigned Polling Place","No","Mechanical Lever Machine","Mechanical Lever Voting Machines",
"3601500000","New York","Chemung County","52579","86","Assigned Polling Place","No","Mechanical Lever Machine","Mechanical Lever Voting Machines",
"3601700000","New York","Chenango County","28712","42","Assigned Polling Place","No","Mechanical Lever Machine","Mechanical Lever Voting Machines",
"3601900000","New York","Clinton County","46602","70","Assigned Polling Place","No","Mechanical Lever Machine","Mechanical Lever Voting Machines",
"3602100000","New York","Columbia County","40474","58","Assigned Polling Place","No","Mechanical Lever Machine","Mechanical Lever Voting Machines",
"3602300000","New York","Cortland County","28295","42","Assigned Polling Place","No","Mechanical Lever Machine","Mechanical Lever Voting Machines",
"3602500000","New York","Delaware County","27609","59","Assigned Polling Place","No","Mechanical Lever Machine","Mechanical Lever Voting Machines",
"3602700000","New York","Dutchess County","166086","257","Assigned Polling Place","No","Mechanical Lever Machine","Mechanical Lever Voting Machines",
"3602900000","New York","Erie County","591007","986","Assigned Polling Place","No","Mechanical Lever Machine","Mechanical Lever Voting Machines",
"3603100000","New York","Essex County","25302","42","Assigned Polling Place","No","Mechanical Lever Machine","Mechanical Lever Voting Machines",
"3603300000","New York","Franklin County","26233","49","Assigned Polling Place","No","Mechanical Lever Machine","Mechanical Lever Voting Machines",
"3603500000","New York","Fulton County","31519","50","Assigned Polling Place","No","Mechanical Lever Machine","Mechanical Lever Voting Machines",
"3603700000","New York","Genesee County","34849","53","Assigned Polling Place","No","Mechanical Lever Machine","Mechanical Lever Voting Machines",
"3603900000","New York","Greene County","29304","52","Assigned Polling Place","No","Mechanical Lever Machine","Mechanical Lever Voting Machines",
"3604100000","New York","Hamilton County","4494","12","Assigned Polling Place","No","Mechanical Lever Machine","Mechanical Lever Voting Machines",
"3604300000","New York","Herkimer County","38760","58","Assigned Polling Place","No","Mechanical Lever Machine","Mechanical Lever Voting Machines",
"3604500000","New York","Jefferson County","56468","91","Assigned Polling Place","No","Mechanical Lever Machine","Mechanical Lever Voting Machines",
"3604700000","New York","Kings County","1242033","1690","Assigned Polling Place","No","Mechanical Lever Machine","Mechanical Lever Voting Machines",
"3604900000","New York","Lewis County","16992","31","Assigned Polling Place","No","Mechanical Lever Machine","Mechanical Lever Voting Machines",
"3605100000","New York","Livingston County","39036","61","Assigned Polling Place","No","Mechanical Lever Machine","Mechanical Lever Voting Machines",
"3605300000","New York","Madison County","40162","55","Assigned Polling Place","No","Mechanical Lever Machine","Mechanical Lever Voting Machines",
"3605500000","New York","Monroe County","442411","837","Assigned Polling Place","No","Mechanical Lever Machine","Mechanical Lever Voting Machines",
"3605700000","New York","Montgomery County","28710","48","Assigned Polling Place","No","Mechanical Lever Machine","Mechanical Lever Voting Machines",
"3605900000","New York","Nassau County","898040","1160","Assigned Polling Place","No","Mechanical Lever Machine","Mechanical Lever Voting Machines",
"3606100000","New York","New York County","980201","1192","Assigned Polling Place","No","Mechanical Lever Machine","Mechanical Lever Voting Machines",
"3606300000","New York","Niagara County","128943","181","Assigned Polling Place","No","Mechanical Lever Machine","Mechanical Lever Voting Machines",
"3606500000","New York","Oneida County","126791","192","Assigned Polling Place","No","Mechanical Lever Machine","Mechanical Lever Voting Machines",
"3606700000","New York","Onondaga County","284920","464","Assigned Polling Place","No","Mechanical Lever Machine","Mechanical Lever Voting Machines",
"3606900000","New York","Ontario County","64797","92","Assigned Polling Place","No","Mechanical Lever Machine","Mechanical Lever Voting Machines",
"3607100000","New York","Orange County","199901","322","Assigned Polling Place","No","Mechanical Lever Machine","Mechanical Lever Voting Machines",
"3607300000","New York","Orleans County","24270","40","Assigned Polling Place","No","Mechanical Lever Machine","Mechanical Lever Voting Machines",
"3607500000","New York","Oswego County","74328","124","Assigned Polling Place","No","Mechanical Lever Machine","Mechanical Lever Voting Machines",
"3607700000","New York","Otsego County","33829","57","Assigned Polling Place","No","Mechanical Lever Machine","Mechanical Lever Voting Machines",
"3607900000","New York","Putnam County","58791","86","Assigned Polling Place","No","Mechanical Lever Machine","Mechanical Lever Voting Machines",
"3608100000","New York","Queens County","1017125","1277","Assigned Polling Place","No","Mechanical Lever Machine","Mechanical Lever Voting Machines",
"3608300000","New York","Rensselaer County","94474","134","Assigned Polling Place","No","Mechanical Lever Machine","Mechanical Lever Voting Machines",
"3608500000","New York","Richmond County","251617","284","Assigned Polling Place","No","Mechanical Lever Machine","Mechanical Lever Voting Machines",
"3608700000","New York","Rockland County","169518","270","Assigned Polling Place","No","Mechanical Lever Machine","Mechanical Lever Voting Machines",
"3609100000","New York","Saratoga County","147852","196","Assigned Polling Place","No","Mechanical Lever Machine","Mechanical Lever Voting Machines",
"3609300000","New York","Schenectady County","92473","128","Assigned Polling Place","No","Mechanical Lever Machine","Mechanical Lever Voting Machines",
"3609500000","New York","Schoharie County","18139","28","Assigned Polling Place","No","Mechanical Lever Machine","Mechanical Lever Voting Machines",
"3609700000","New York","Schuyler County","11508","18","Assigned Polling Place","No","Mechanical Lever Machine","Mechanical Lever Voting Machines",
"3609900000","New York","Seneca County","19827","27","Assigned Polling Place","No","Mechanical Lever Machine","Mechanical Lever Voting Machines",
"3608900000","New York","St. Lawrence County","60506","102","Assigned Polling Place","No","Mechanical Lever Machine","Mechanical Lever Voting Machines",
"3610100000","New York","Steuben County","58973","85","Assigned Polling Place","No","Mechanical Lever Machine","Mechanical Lever Voting Machines",
"3610300000","New York","Suffolk County","878828","1047","Assigned Polling Place","No","Mechanical Lever Machine","Mechanical Lever Voting Machines",
"3610500000","New York","Sullivan County","46260","50","Assigned Polling Place","No","Mechanical Lever Machine","Mechanical Lever Voting Machines",
"3610700000","New York","Tioga County","31426","48","Assigned Polling Place","No","Mechanical Lever Machine","Mechanical Lever Voting Machines",
"3610900000","New York","Tompkins County","54026","74","Assigned Polling Place","No","Mechanical Lever Machine","Mechanical Lever Voting Machines",
"3611100000","New York","Ulster County","112146","164","Assigned Polling Place","No","Mechanical Lever Machine","Mechanical Lever Voting Machines",
"3611300000","New York","Warren County","41571","70","Assigned Polling Place","No","Mechanical Lever Machine","Mechanical Lever Voting Machines",
"3611500000","New York","Washington County","35751","52","Assigned Polling Place","No","Mechanical Lever Machine","Mechanical Lever Voting Machines",
"3611700000","New York","Wayne County","55125","67","Assigned Polling Place","No","Mechanical Lever Machine","Mechanical Lever Voting Machines",
"3611900000","New York","Westchester County","541393","1034","Assigned Polling Place","No","Mechanical Lever Machine","Mechanical Lever Voting Machines",
"3612100000","New York","Wyoming County","24291","40","Assigned Polling Place","No","Mechanical Lever Machine","Mechanical Lever Voting Machines",
"3612300000","New York","Yates County","13040","20","Assigned Polling Place","No","Mechanical Lever Machine","Mechanical Lever Voting Machines",
"3700100000","North Carolina","Alamance County","87379","36","Assigned Polling Place","No","DREs with VVPAT for all voters","DRE",
"3700300000","North Carolina","Alexander County","23026","16","Assigned Polling Place","No","Hand marked paper ballots and BMDs","Optical Scan",
"3700500000","North Carolina","Alleghany County","7083","7","Assigned Polling Place","No","DREs with VVPAT for all voters","DRE",
"3700700000","North Carolina","Anson County","15590","11","Assigned Polling Place","No","Hand marked paper ballots and BMDs","Optical Scan",
"3700900000","North Carolina","Ashe County","18239","17","Assigned Polling Place","No","Hand marked paper ballots and BMDs","Optical Scan",
"3701100000","North Carolina","Avery County","11421","19","Assigned Polling Place","No","Hand marked paper ballots and BMDs","Optical Scan",
"3701300000","North Carolina","Beaufort County","30703","21","Assigned Polling Place","No","Hand marked paper ballots and BMDs","Optical Scan",
"3701500000","North Carolina","Bertie County","13806","12","Assigned Polling Place","No","Hand marked paper ballots and BMDs","Optical Scan",
"3701700000","North Carolina","Bladen County","21478","17","Assigned Polling Place","No","Hand marked paper ballots and DREs with VVPAT","Optical Scan and DRE",
"3701900000","North Carolina","Brunswick County","71495","23","Assigned Polling Place","No","DREs with VVPAT for all voters","DRE",
"3702100000","North Carolina","Buncombe County","164858","77","Assigned Polling Place","No","Hand marked paper ballots and BMDs","Optical Scan",
"3702300000","North Carolina","Burke County","54428","33","Assigned Polling Place","No","DREs with VVPAT for all voters","DRE",
"3702500000","North Carolina","Cabarrus County","102820","46","Assigned Polling Place","No","Hand marked paper ballots and BMDs","Optical Scan",
"3702700000","North Carolina","Caldwell County","50973","23","Assigned Polling Place","No","Hand marked paper ballots and BMDs","Optical Scan",
"3702900000","North Carolina","Camden County","6715","3","Assigned Polling Place","No","Hand marked paper ballots and BMDs","Optical Scan",
"3703100000","North Carolina","Carteret County","45101","34","Assigned Polling Place","No","Hand marked paper ballots and BMDs","Optical Scan",
"3703300000","North Carolina","Caswell County","14953","11","Assigned Polling Place","No","DREs with VVPAT for all voters","DRE",
"3703500000","North Carolina","Catawba County","98268","40","Assigned Polling Place","No","Hand marked paper ballots and BMDs","Optical Scan",
"3703700000","North Carolina","Chatham County","40890","18","Assigned Polling Place","No","Hand marked paper ballots and BMDs","Optical Scan",
"3703900000","North Carolina","Cherokee County","19475","14","Assigned Polling Place","No","DREs with VVPAT for all voters","DRE",
"3704100000","North Carolina","Chowan County","10305","6","Assigned Polling Place","No","Hand marked paper ballots and BMDs","Optical Scan",
"3704300000","North Carolina","Clay County","8237","9","Assigned Polling Place","No","Hand marked paper ballots and BMDs","Optical Scan",
"3704500000","North Carolina","Cleveland County","60095","28","Assigned Polling Place","No","Hand marked paper ballots and BMDs","Optical Scan",
"3704700000","North Carolina","Columbus County","35848","26","Assigned Polling Place","No","Hand marked paper ballots and BMDs","Optical Scan",
"3704900000","North Carolina","Craven County","63118","27","Assigned Polling Place","No","Hand marked paper ballots and DREs with VVPAT","Optical Scan and DRE",
"3705100000","North Carolina","Cumberland County","182697","69","Assigned Polling Place","No","Hand marked paper ballots and DREs with VVPAT","Optical Scan and DRE",
"3705300000","North Carolina","Currituck County","15401","11","Assigned Polling Place","No","Hand marked paper ballots and BMDs","Optical Scan",
"3705500000","North Carolina","Dare County","25305","16","Assigned Polling Place","No","Hand marked paper ballots and DREs with VVPAT","Optical Scan and DRE",
"3705700000","North Carolina","Davidson County","97317","43","Assigned Polling Place","No","DREs with VVPAT for all voters","DRE",
"3705900000","North Carolina","Davie County","26025","14","Assigned Polling Place","No","DREs with VVPAT for all voters","DRE",
"3706100000","North Carolina","Duplin County","27279","19","Assigned Polling Place","No","Hand marked paper ballots and BMDs","Optical Scan",
"3706300000","North Carolina","Durham County","178845","57","Assigned Polling Place","No","Hand marked paper ballots and BMDs","Optical Scan",
"3706500000","North Carolina","Edgecombe County","36782","21","Assigned Polling Place","No","Hand marked paper ballots and BMDs","Optical Scan",
"3706700000","North Carolina","Forsyth County","216990","101","Assigned Polling Place","No","Hand marked paper ballots and DREs with VVPAT","Optical Scan and DRE",
"3706900000","North Carolina","Franklin County","35486","18","Assigned Polling Place","No","Hand marked paper ballots and BMDs","Optical Scan",
"3707100000","North Carolina","Gaston County","118653","46","Assigned Polling Place","No","Hand marked paper ballots and BMDs","Optical Scan",
"3707300000","North Carolina","Gates County","7653","6","Assigned Polling Place","No","Hand marked paper ballots and BMDs","Optical Scan",
"3707500000","North Carolina","Graham County","6493","4","Assigned Polling Place","No","Hand marked paper ballots and BMDs","Optical Scan",
"3707700000","North Carolina","Granville County","32552","15","Assigned Polling Place","No","Hand marked paper ballots and BMDs","Optical Scan",
"3707900000","North Carolina","Greene County","10610","10","Assigned Polling Place","No","Hand marked paper ballots and BMDs","Optical Scan",
"3708100000","North Carolina","Guilford County","317445","161","Assigned Polling Place","No","DREs with VVPAT for all voters","DRE",
"3708300000","North Carolina","Halifax County","34316","30","Assigned Polling Place","No","Hand marked paper ballots and BMDs","Optical Scan",
"3708500000","North Carolina","Harnett County","57519","13","Assigned Polling Place","No","Hand marked paper ballots and BMDs","Optical Scan",
"3708700000","North Carolina","Haywood County","39854","29","Assigned Polling Place","No","DREs with VVPAT for all voters","DRE",
"3708900000","North Carolina","Henderson County","71943","34","Assigned Polling Place","No","DREs with VVPAT for all voters","DRE",
"3709100000","North Carolina","Hertford County","14282","13","Assigned Polling Place","No","Hand marked paper ballots and BMDs","Optical Scan",
"3709300000","North Carolina","Hoke County","24069","14","Assigned Polling Place","No","Hand marked paper ballots and BMDs","Optical Scan",
"3709500000","North Carolina","Hyde County","3487","7","Assigned Polling Place","No","Hand marked paper ballots and BMDs","Optical Scan",
"3709700000","North Carolina","Iredell County","96770","29","Assigned Polling Place","No","Hand marked paper ballots and BMDs","Optical Scan",
"3709900000","North Carolina","Jackson County","25181","18","Assigned Polling Place","No","DREs with VVPAT for all voters","DRE",
"3710100000","North Carolina","Johnston County","89884","40","Assigned Polling Place","No","Hand marked paper ballots and BMDs","Optical Scan",
"3710300000","North Carolina","Jones County","6999","7","Assigned Polling Place","No","Hand marked paper ballots and BMDs","Optical Scan",
"3710500000","North Carolina","Lee County","31555","10","Assigned Polling Place","No","Hand marked paper ballots and BMDs","Optical Scan",
"3710700000","North Carolina","Lenoir County","36669","22","Assigned Polling Place","No","DREs with VVPAT for all voters","DRE",
"3710900000","North Carolina","Lincoln County","48124","28","Assigned Polling Place","No","Hand marked paper ballots and BMDs","Optical Scan",
"3711300000","North Carolina","Macon County","23737","15","Assigned Polling Place","No","Hand marked paper ballots and BMDs","Optical Scan",
"3711500000","North Carolina","Madison County","15277","12","Assigned Polling Place","No","DREs with VVPAT for all voters","DRE",
"3711700000","North Carolina","Martin County","17434","13","Assigned Polling Place","No","Hand marked paper ballots and BMDs","Optical Scan",
"3711100000","North Carolina","McDowell County","25928","17","Assigned Polling Place","No","Hand marked paper ballots and BMDs","Optical Scan",
"3711900000","North Carolina","Mecklenburg County","570835","195","Assigned Polling Place","No","DREs with VVPAT for all voters","DRE",
"3712100000","North Carolina","Mitchell County","11208","9","Assigned Polling Place","No","Hand marked paper ballots and BMDs","Optical Scan",
"3712300000","North Carolina","Montgomery County","15619","14","Assigned Polling Place","No","Hand marked paper ballots and BMDs","Optical Scan",
"3712500000","North Carolina","Moore County","58295","25","Assigned Polling Place","No","Hand marked paper ballots and DREs with VVPAT","Optical Scan and DRE",
"3712700000","North Carolina","Nash County","61737","26","Assigned Polling Place","No","Hand marked paper ballots and BMDs","Optical Scan",
"3712900000","North Carolina","New Hanover County","133180","43","Assigned Polling Place","No","Hand marked paper ballots and DREs with VVPAT","Optical Scan and DRE",
"3713100000","North Carolina","Northampton County","14505","18","Assigned Polling Place","No","Hand marked paper ballots and BMDs","Optical Scan",
"3713300000","North Carolina","Onslow County","79183","23","Assigned Polling Place","No","Hand marked paper ballots and BMDs","Optical Scan",
"3713500000","North Carolina","Orange County","98414","43","Assigned Polling Place","No","Hand marked paper ballots and BMDs","Optical Scan",
"3713700000","North Carolina","Pamlico County","9266","10","Assigned Polling Place","No","DREs with VVPAT for all voters","DRE",
"3713900000","North Carolina","Pasquotank County","25861","13","Assigned Polling Place","No","Hand marked paper ballots and BMDs","Optical Scan",
"3714100000","North Carolina","Pender County","31745","20","Assigned Polling Place","No","DREs with VVPAT for all voters","DRE",
"3714300000","North Carolina","Perquimans County","9042","7","Assigned Polling Place","No","DREs with VVPAT for all voters","DRE",
"3714500000","North Carolina","Person County","24430","14","Assigned Polling Place","No","Hand marked paper ballots and BMDs","Optical Scan",
"3714700000","North Carolina","Pitt County","100037","38","Assigned Polling Place","No","Hand marked paper ballots and BMDs","Optical Scan",
"3714900000","North Carolina","Polk County","13929","7","Assigned Polling Place","No","DREs with VVPAT for all voters","DRE",
"3715100000","North Carolina","Randolph County","83115","40","Assigned Polling Place","No","Hand marked paper ballots and BMDs","Optical Scan",
"3715300000","North Carolina","Richmond County","28450","16","Assigned Polling Place","No","Hand marked paper ballots and DREs with VVPAT","Optical Scan and DRE",
"3715500000","North Carolina","Robeson County","66614","41","Assigned Polling Place","No","Hand marked paper ballots and BMDs","Optical Scan",
"3715700000","North Carolina","Rockingham County","56345","17","Assigned Polling Place","No","Hand marked paper ballots and BMDs","Optical Scan",
"3715900000","North Carolina","Rowan County","86148","44","Assigned Polling Place","No","Hand marked paper ballots and BMDs","Optical Scan",
"3716100000","North Carolina","Rutherford County","39439","17","Assigned Polling Place","No","DREs with VVPAT for all voters","DRE",
"3716300000","North Carolina","Sampson County","35624","23","Assigned Polling Place","No","Hand marked paper ballots and BMDs","Optical Scan",
"3716500000","North Carolina","Scotland County","21237","10","Assigned Polling Place","No","Hand marked paper ballots and BMDs","Optical Scan",
"3716700000","North Carolina","Stanly County","37632","23","Assigned Polling Place","No","Hand marked paper ballots and BMDs","Optical Scan",
"3716900000","North Carolina","Stokes County","29644","20","Assigned Polling Place","No","Hand marked paper ballots and BMDs","Optical Scan",
"3717100000","North Carolina","Surry County","41954","29","Assigned Polling Place","No","DREs with VVPAT for all voters","DRE",
"3717300000","North Carolina","Swain County","9852","5","Assigned Polling Place","No","Hand marked paper ballots and BMDs","Optical Scan",
"3717500000","North Carolina","Transylvania County","21893","18","Assigned Polling Place","No","DREs with VVPAT for all voters","DRE",
"3717700000","North Carolina","Tyrrell County","2553","6","Assigned Polling Place","No","Hand marked paper ballots and BMDs","Optical Scan",
"3717900000","North Carolina","Union County","115935","49","Assigned Polling Place","No","Hand marked paper ballots and BMDs","Optical Scan",
"3718100000","North Carolina","Vance County","28488","16","Assigned Polling Place","No","Hand marked paper ballots and BMDs","Optical Scan",
"3718300000","North Carolina","Wake County","555808","195","Assigned Polling Place","No","Hand marked paper ballots and BMDs","Optical Scan",
"3718500000","North Carolina","Warren County","13069","14","Assigned Polling Place","No","DREs with VVPAT for all voters","DRE",
"3718700000","North Carolina","Washington County","8707","6","Assigned Polling Place","No","Hand marked paper ballots and BMDs","Optical Scan",
"3718900000","North Carolina","Watauga County","39479","20","Assigned Polling Place","No","Hand marked paper ballots and BMDs","Optical Scan",
"3719100000","North Carolina","Wayne County","65773","30","Assigned Polling Place","No","Hand marked paper ballots and BMDs","Optical Scan",
"3719300000","North Carolina","Wilkes County","40403","28","Assigned Polling Place","No","Hand marked paper ballots and BMDs","Optical Scan",
"3719500000","North Carolina","Wilson County","50672","24","Assigned Polling Place","No","DREs with VVPAT for all voters","DRE",
"3719700000","North Carolina","Yadkin County","22601","12","Assigned Polling Place","No","Hand marked paper ballots and BMDs","Optical Scan",
"3719900000","North Carolina","Yancey County","13870","11","Assigned Polling Place","No","Hand marked paper ballots and BMDs","Optical Scan",
"3800100000","North Dakota","Adams County","1869","1","Election Office","Yes","Hand marked paper ballots and BMDs","Optical Scan",
"3800300000","North Dakota","Barnes County","8594","15","Assigned Polling Place","No","Hand marked paper ballots and BMDs","Optical Scan",
"3800500000","North Dakota","Benson County","4543","8","Assigned Polling Place","Yes","Hand marked paper ballots and BMDs","Optical Scan",
"3800700000","North Dakota","Billings County","643","3","Assigned Polling Place","No","Hand marked paper ballots and BMDs","Optical Scan",
"3800900000","North Dakota","Bottineau County","5114","13","Assigned Polling Place","Yes","Hand marked paper ballots and BMDs","Optical Scan",
"3801100000","North Dakota","Bowman County","2313","4","Assigned Polling Place","No","Hand marked paper ballots and BMDs","Optical Scan",
"3801300000","North Dakota","Burke County","1474","6","Election Office","Yes","Hand marked paper ballots and BMDs","Optical Scan",
"3801500000","North Dakota","Burleigh County","60121","35","Assigned Polling Place","No","Hand marked paper ballots and BMDs","Optical Scan",
"3801700000","North Dakota","Cass County","107736","35","Assigned Polling Place","No","Hand marked paper ballots and BMDs","Optical Scan",
"3801900000","North Dakota","Cavalier County","3041","10","Assigned Polling Place","Yes","Hand marked paper ballots and BMDs","Optical Scan",
"3802100000","North Dakota","Dickey County","4170","3","Assigned Polling Place","No","Hand marked paper ballots and BMDs","Optical Scan",
"3802300000","North Dakota","Divide County","1644","4","Assigned Polling Place","No","Hand marked paper ballots and BMDs","Optical Scan",
"3802500000","North Dakota","Dunn County","2506","11","Assigned Polling Place","No","Hand marked paper ballots and BMDs","Optical Scan",
"3802700000","North Dakota","Eddy County","1889","5","Assigned Polling Place","No","Hand marked paper ballots and BMDs","Optical Scan",
"3802900000","North Dakota","Emmons County","2745","5","Assigned Polling Place","No","Hand marked paper ballots and BMDs","Optical Scan",
"3803100000","North Dakota","Foster County","2640","6","Assigned Polling Place","Yes","Hand marked paper ballots and BMDs","Optical Scan",
"3803300000","North Dakota","Golden Valley County","1241","1","Assigned Polling Place","No","Hand marked paper ballots and BMDs","Optical Scan",
"3803500000","North Dakota","Grand Forks County","52616","43","Assigned Polling Place","No","Hand marked paper ballots and BMDs","Optical Scan",
"3803700000","North Dakota","Grant County","1970","4","Election Office","Yes","Hand marked paper ballots and BMDs","Optical Scan",
"3803900000","North Dakota","Griggs County","1951","7","Assigned Polling Place","Yes","Hand marked paper ballots and BMDs","Optical Scan",
"3804100000","North Dakota","Hettinger County","1964","3","Assigned Polling Place","No","Hand marked paper ballots and BMDs","Optical Scan",
"3804300000","North Dakota","Kidder County","1847","6","Assigned Polling Place","Yes","Hand marked paper ballots and BMDs","Optical Scan",
"3804500000","North Dakota","LaMoure County","3234","9","Assigned Polling Place","Yes","Hand marked paper ballots and BMDs","Optical Scan",
"3804700000","North Dakota","Logan County","1550","5","Assigned Polling Place","Yes","Hand marked paper ballots and BMDs","Optical Scan",
"3804900000","North Dakota","McHenry County","4059","8","Election Office","Yes","Hand marked paper ballots and BMDs","Optical Scan",
"3805100000","North Dakota","McIntosh County","2256","6","Election Office","Yes","Hand marked paper ballots and BMDs","Optical Scan",
"3805300000","North Dakota","McKenzie County","4106","14","Assigned Polling Place","Yes","Hand marked paper ballots and BMDs","Optical Scan",
"3805500000","North Dakota","McLean County","6639","11","Assigned Polling Place","No","Hand marked paper ballots and BMDs","Optical Scan",
"3805700000","North Dakota","Mercer County","6170","14","Election Office","Yes","Hand marked paper ballots and BMDs","Optical Scan",
"3805900000","North Dakota","Morton County","19541","18","Assigned Polling Place","No","Hand marked paper ballots and BMDs","Optical Scan",
"3806100000","North Dakota","Mountrail County","4717","9","Assigned Polling Place","No","Hand marked paper ballots and BMDs","Optical Scan",
"3806300000","North Dakota","Nelson County","2636","5","Election Office","Yes","Hand marked paper ballots and BMDs","Optical Scan",
"3806500000","North Dakota","Oliver County","1349","7","Assigned Polling Place","No","Hand marked paper ballots and BMDs","Optical Scan",
"3806700000","North Dakota","Pembina County","5983","6","Election Office","Yes","Hand marked paper ballots and BMDs","Optical Scan",
"3806900000","North Dakota","Pierce County","3192","8","Assigned Polling Place","Yes","Hand marked paper ballots and BMDs","Optical Scan",
"3807100000","North Dakota","Ramsey County","8614","8","Assigned Polling Place","No","Hand marked paper ballots and BMDs","Optical Scan",
"3807300000","North Dakota","Ransom County","4428","6","Election Office","Yes","Hand marked paper ballots and BMDs","Optical Scan",
"3807500000","North Dakota","Renville County","1788","5","Assigned Polling Place","Yes","Hand marked paper ballots and BMDs","Optical Scan",
"3807700000","North Dakota","Richland County","12664","18","Assigned Polling Place","No","Hand marked paper ballots and BMDs","Optical Scan",
"3807900000","North Dakota","Rolette County","9016","5","Assigned Polling Place","No","Hand marked paper ballots and BMDs","Optical Scan",
"3808100000","North Dakota","Sargent County","3113","5","Election Office","Yes","Hand marked paper ballots and BMDs","Optical Scan",
"3808300000","North Dakota","Sheridan County","1103","6","Assigned Polling Place","Yes","Hand marked paper ballots and BMDs","Optical Scan",
"3808500000","North Dakota","Sioux County","2640","7","Assigned Polling Place","No","Hand marked paper ballots and BMDs","Optical Scan",
"3808700000","North Dakota","Slope County","534","3","Assigned Polling Place","No","Hand marked paper ballots and BMDs","Optical Scan",
"3808900000","North Dakota","Stark County","17481","13","Assigned Polling Place","No","Hand marked paper ballots and BMDs","Optical Scan",
"3809100000","North Dakota","Steele County","1425","5","Election Office","Yes","Hand marked paper ballots and BMDs","Optical Scan",
"3809300000","North Dakota","Stutsman County","16287","12","Assigned Polling Place","No","Hand marked paper ballots and BMDs","Optical Scan",
"3809500000","North Dakota","Towner County","1859","3","Assigned Polling Place","Yes","Hand marked paper ballots and BMDs","Optical Scan",
"3809700000","North Dakota","Traill County","6267","13","Assigned Polling Place","Yes","Hand marked paper ballots and BMDs","Optical Scan",
"3809900000","North Dakota","Walsh County","8503","18","Election Office","Yes","Hand marked paper ballots and BMDs","Optical Scan",
"3810100000","North Dakota","Ward County","42717","32","Assigned Polling Place","No","Hand marked paper ballots and BMDs","Optical Scan",
"3810300000","North Dakota","Wells County","3410","6","Assigned Polling Place","No","Hand marked paper ballots and BMDs","Optical Scan",
"3810500000","North Dakota","Williams County","14994","15","Assigned Polling Place","No","Hand marked paper ballots and BMDs","Optical Scan",
"6900000000","Northern Mariana Islands","Northern Mariana Islands","14020","17","Assigned Polling Place","No","Hand marked paper ballots, No accessible equipment","Optical Scan",
"3900100000","Ohio","Adams County","18004","35","Assigned Polling Place","No","DREs with VVPAT for all voters","DRE",
"3900300000","Ohio","Allen County","70628","121","Assigned Polling Place","No","Hand marked paper ballots and BMDs","Optical Scan",
"3900500000","Ohio","Ashland County","38074","65","Assigned Polling Place","No","DREs with VVPAT for all voters","DRE",
"3900700000","Ohio","Ashtabula County","64209","127","Assigned Polling Place","No","Hand marked paper ballots and BMDs","Optical Scan",
"3900900000","Ohio","Athens County","49034","69","Assigned Polling Place","No","Hand marked paper ballots and BMDs","Optical Scan",
"3901100000","Ohio","Auglaize County","33760","40","Assigned Polling Place","No","Hand marked paper ballots and BMDs","Optical Scan",
"3901300000","Ohio","Belmont County","46359","69","Assigned Polling Place","No","DREs with VVPAT for all voters","DRE",
"3901500000","Ohio","Brown County","28451","35","Assigned Polling Place","No","Hand marked paper ballots and BMDs","Optical Scan",
"3901700000","Ohio","Butler County","260694","298","Assigned Polling Place","No","DREs with VVPAT for all voters","DRE",
"3901900000","Ohio","Carroll County","19697","26","Assigned Polling Place","No","DREs with VVPAT for all voters","DRE",
"3902100000","Ohio","Champaign County","26157","28","Assigned Polling Place","No","Hand marked paper ballots and BMDs","Optical Scan",
"3902300000","Ohio","Clark County","93045","100","Assigned Polling Place","No","Hand marked paper ballots and BMDs","Optical Scan",
"3902500000","Ohio","Clermont County","135590","200","Assigned Polling Place","No","Hand marked paper ballots and BMDs","Optical Scan",
"3902700000","Ohio","Clinton County","26967","38","Assigned Polling Place","No","Hand marked paper ballots and BMDs","Optical Scan",
"3902900000","Ohio","Columbiana County","70068","103","Assigned Polling Place","No","Hand marked paper ballots and BMDs","Optical Scan",
"3903100000","Ohio","Coshocton County","22204","43","Assigned Polling Place","No","DREs with VVPAT for all voters","DRE",
"3903300000","Ohio","Crawford County","29754","46","Assigned Polling Place","No","DREs with VVPAT for all voters","DRE",
"3903500000","Ohio","Cuyahoga County","1111286","1436","Assigned Polling Place","No","Hand marked paper ballots and BMDs","Optical Scan",
"3903700000","Ohio","Darke County","34305","43","Assigned Polling Place","No","DREs with VVPAT for all voters","DRE",
"3903900000","Ohio","Defiance County","26504","42","Assigned Polling Place","No","DREs with VVPAT for all voters","DRE",
"3904100000","Ohio","Delaware County","119612","131","Assigned Polling Place","No","DREs with VVPAT for all voters","DRE",
"3904300000","Ohio","Erie County","55185","62","Assigned Polling Place","No","Hand marked paper ballots and BMDs","Optical Scan",
"3904500000","Ohio","Fairfield County","106582","125","Assigned Polling Place","No","DREs with VVPAT for all voters","DRE",
"3904700000","Ohio","Fayette County","16431","26","Assigned Polling Place","No","Hand marked paper ballots and BMDs","Optical Scan",
"3904900000","Ohio","Franklin County","845083","854","Assigned Polling Place","No","DREs with VVPAT for all voters","DRE",
"3905100000","Ohio","Fulton County","29611","35","Assigned Polling Place","No","DREs with VVPAT for all voters","DRE",
"3905300000","Ohio","Gallia County","23648","35","Assigned Polling Place","No","DREs with VVPAT for all voters","DRE",
"3905500000","Ohio","Geauga County","66715","96","Assigned Polling Place","No","Hand marked paper ballots and BMDs","Optical Scan",
"3905700000","Ohio","Greene County","114105","147","Assigned Polling Place","No","DREs with VVPAT for all voters","DRE",
"3905900000","Ohio","Guernsey County","25326","35","Assigned Polling Place","No","DREs with VVPAT for all voters","DRE",
"3906100000","Ohio","Hamilton County","605634","880","Assigned Polling Place","No","Hand marked paper ballots and DREs with VVPAT","Optical Scan and DRE",
"3906300000","Ohio","Hancock County","53965","63","Assigned Polling Place","No","DREs with VVPAT for all voters","DRE",
"3906500000","Ohio","Hardin County","18036","38","Assigned Polling Place","No","DREs with VVPAT for all voters","DRE",
"3906700000","Ohio","Harrison County","11079","16","Assigned Polling Place","No","DREs with VVPAT for all voters","DRE",
"3906900000","Ohio","Henry County","20135","33","Assigned Polling Place","No","DREs with VVPAT for all voters","DRE",
"3907100000","Ohio","Highland County","27291","37","Assigned Polling Place","No","DREs with VVPAT for all voters","DRE",
"3907300000","Ohio","Hocking County","18656","34","Assigned Polling Place","No","DREs with VVPAT for all voters","DRE",
"3907500000","Ohio","Holmes County","18166","19","Assigned Polling Place","No","DREs with VVPAT for all voters","DRE",
"3907700000","Ohio","Huron County","37052","52","Assigned Polling Place","No","DREs with VVPAT for all voters","DRE",
"3907900000","Ohio","Jackson County","22996","36","Assigned Polling Place","No","DREs with VVPAT for all voters","DRE",
"3908100000","Ohio","Jefferson County","50156","82","Assigned Polling Place","No","DREs with VVPAT for all voters","DRE",
"3908300000","Ohio","Knox County","38846","58","Assigned Polling Place","No","DREs with VVPAT for all voters","DRE",
"3908500000","Ohio","Lake County","160648","215","Assigned Polling Place","No","DREs with VVPAT for all voters","DRE",
"3908700000","Ohio","Lawrence County","45067","84","Assigned Polling Place","No","Hand marked paper ballots and BMDs","Optical Scan",
"3908900000","Ohio","Licking County","112146","125","Assigned Polling Place","No","DREs with VVPAT for all voters","DRE",
"3909100000","Ohio","Logan County","30583","44","Assigned Polling Place","No","Hand marked paper ballots and BMDs","Optical Scan",
"3909300000","Ohio","Lorain County","204400","235","Assigned Polling Place","No","DREs with VVPAT for all voters","DRE",
"3909500000","Ohio","Lucas County","317036","495","Assigned Polling Place","No","DREs with VVPAT for all voters","DRE",
"3909700000","Ohio","Madison County","24254","43","Assigned Polling Place","No","Hand marked paper ballots and BMDs","Optical Scan",
"3909900000","Ohio","Mahoning County","178270","287","Assigned Polling Place","No","DREs with VVPAT for all voters","DRE",
"3910100000","Ohio","Marion County","41619","84","Assigned Polling Place","No","DREs with VVPAT for all voters","DRE",
"3910300000","Ohio","Medina County","128119","151","Assigned Polling Place","No","DREs with VVPAT for all voters","DRE",
"3910500000","Ohio","Meigs County","15882","27","Assigned Polling Place","No","Hand marked paper ballots and BMDs","Optical Scan",
"3910700000","Ohio","Mercer County","27589","38","Assigned Polling Place","No","DREs with VVPAT for all voters","DRE",
"3910900000","Ohio","Miami County","71373","81","Assigned Polling Place","No","DREs with VVPAT for all voters","DRE",
"3911100000","Ohio","Monroe County","10216","28","Assigned Polling Place","No","Hand marked paper ballots and BMDs","Optical Scan",
"3911300000","Ohio","Montgomery County","390119","548","Assigned Polling Place","No","DREs with VVPAT for all voters","DRE",
"3911500000","Ohio","Morgan County","9171","13","Assigned Polling Place","No","DREs with VVPAT for all voters","DRE",
"3911700000","Ohio","Morrow County","25581","33","Assigned Polling Place","No","DREs with VVPAT for all voters","DRE",
"3911900000","Ohio","Muskingum County","54458","85","Assigned Polling Place","No","DREs with VVPAT for all voters","DRE",
"3912100000","Ohio","Noble County","8895","27","Assigned Polling Place","No","Hand marked paper ballots and BMDs","Optical Scan",
"3912300000","Ohio","Ottawa County","30429","44","Assigned Polling Place","No","Hand marked paper ballots and BMDs","Optical Scan",
"3912500000","Ohio","Paulding County","13532","18","Assigned Polling Place","No","DREs with VVPAT for all voters","DRE",
"3912700000","Ohio","Perry County","22780","46","Assigned Polling Place","No","DREs with VVPAT for all voters","DRE",
"3912900000","Ohio","Pickaway County","32739","48","Assigned Polling Place","No","DREs with VVPAT for all voters","DRE",
"3913100000","Ohio","Pike County","19042","24","Assigned Polling Place","No","DREs with VVPAT for all voters","DRE",
"3913300000","Ohio","Portage County","109626","131","Assigned Polling Place","No","DREs with VVPAT for all voters","DRE",
"3913500000","Ohio","Preble County","28801","45","Assigned Polling Place","No","Hand marked paper ballots and BMDs","Optical Scan",
"3913700000","Ohio","Putnam County","24320","35","Assigned Polling Place","No","Hand marked paper ballots and DREs with VVPAT","Optical Scan and DRE",
"3913900000","Ohio","Richland County","94579","102","Assigned Polling Place","No","DREs with VVPAT for all voters","DRE",
"3914100000","Ohio","Ross County","44330","76","Assigned Polling Place","No","DREs with VVPAT for all voters","DRE",
"3914300000","Ohio","Sandusky County","43370","72","Assigned Polling Place","No","Hand marked paper ballots and BMDs","Optical Scan",
"3914500000","Ohio","Scioto County","48801","90","Assigned Polling Place","No","Hand marked paper ballots and DREs with VVPAT","Optical Scan and DRE",
"3914700000","Ohio","Seneca County","36440","51","Assigned Polling Place","No","Hand marked paper ballots and BMDs","Optical Scan",
"3914900000","Ohio","Shelby County","30917","35","Assigned Polling Place","No","Hand marked paper ballots and BMDs","Optical Scan",
"3915100000","Ohio","Stark County","270805","364","Assigned Polling Place","No","DREs with VVPAT for all voters","DRE",
"3915300000","Ohio","Summit County","379939","475","Assigned Polling Place","No","Hand marked paper ballots and BMDs","Optical Scan",
"3915500000","Ohio","Trumbull County","149261","273","Assigned Polling Place","No","DREs with VVPAT for all voters","DRE",
"3915700000","Ohio","Tuscarawas County","59778","81","Assigned Polling Place","No","DREs with VVPAT for all voters","DRE",
"3915900000","Ohio","Union County","33114","48","Assigned Polling Place","No","DREs with VVPAT for all voters","DRE",
"3916100000","Ohio","Van Wert County","20295","39","Assigned Polling Place","No","Hand marked paper ballots and DREs with VVPAT","Optical Scan and DRE",
"3916300000","Ohio","Vinton County","9021","20","Assigned Polling Place","No","Hand marked paper ballots and BMDs","Optical Scan",
"3916500000","Ohio","Warren County","140988","172","Assigned Polling Place","No","Hand marked paper ballots and BMDs","Optical Scan",
"3916700000","Ohio","Washington County","41664","56","Assigned Polling Place","No","Hand marked paper ballots and BMDs","Optical Scan",
"3916900000","Ohio","Wayne County","73217","96","Assigned Polling Place","No","DREs with VVPAT for all voters","DRE",
"3917100000","Ohio","Williams County","27491","44","Assigned Polling Place","No","Hand marked paper ballots and DREs with VVPAT","Optical Scan and DRE",
"3917300000","Ohio","Wood County","101891","97","Assigned Polling Place","No","DREs with VVPAT for all voters","DRE",
"3917500000","Ohio","Wyandot County","15969","24","Assigned Polling Place","No","DREs with VVPAT for all voters","DRE",
"4000100000","Oklahoma","Adair County","10368","17","Assigned Polling Place","No","Hand marked paper ballots and BMDs","Optical Scan",
"4000300000","Oklahoma","Alfalfa County","3019","10","Assigned Polling Place","No","Hand marked paper ballots and BMDs","Optical Scan",
"4000500000","Oklahoma","Atoka County","6565","14","Assigned Polling Place","No","Hand marked paper ballots and BMDs","Optical Scan",
"4000700000","Oklahoma","Beaver County","3118","8","Assigned Polling Place","No","Hand marked paper ballots and BMDs","Optical Scan",
"4000900000","Oklahoma","Beckham County","9956","12","Assigned Polling Place","No","Hand marked paper ballots and BMDs","Optical Scan",
"4001100000","Oklahoma","Blaine County","5242","10","Assigned Polling Place","No","Hand marked paper ballots and BMDs","Optical Scan",
"4001300000","Oklahoma","Bryan County","19518","28","Assigned Polling Place","No","Hand marked paper ballots and BMDs","Optical Scan",
"4001500000","Oklahoma","Caddo County","12995","24","Assigned Polling Place","No","Hand marked paper ballots and BMDs","Optical Scan",
"4001700000","Oklahoma","Canadian County","58473","52","Assigned Polling Place","No","Hand marked paper ballots and BMDs","Optical Scan",
"4001900000","Oklahoma","Carter County","25515","27","Assigned Polling Place","No","Hand marked paper ballots and BMDs","Optical Scan",
"4002100000","Oklahoma","Cherokee County","22054","25","Assigned Polling Place","No","Hand marked paper ballots and BMDs","Optical Scan",
"4002300000","Oklahoma","Choctaw County","8119","17","Assigned Polling Place","No","Hand marked paper ballots and BMDs","Optical Scan",
"4002500000","Oklahoma","Cimarron County","1701","6","Assigned Polling Place","No","Hand marked paper ballots and BMDs","Optical Scan",
"4002700000","Oklahoma","Cleveland County","131164","89","Assigned Polling Place","No","Hand marked paper ballots and BMDs","Optical Scan",
"4002900000","Oklahoma","Coal County","3448","11","Assigned Polling Place","No","Hand marked paper ballots and BMDs","Optical Scan",
"4003100000","Oklahoma","Comanche County","46740","42","Assigned Polling Place","No","Hand marked paper ballots and BMDs","Optical Scan",
"4003300000","Oklahoma","Cotton County","3268","11","Assigned Polling Place","No","Hand marked paper ballots and BMDs","Optical Scan",
"4003500000","Oklahoma","Craig County","7873","16","Assigned Polling Place","No","Hand marked paper ballots and BMDs","Optical Scan",
"4003700000","Oklahoma","Creek County","35264","42","Assigned Polling Place","No","Hand marked paper ballots and BMDs","Optical Scan",
"4003900000","Oklahoma","Custer County","13856","12","Assigned Polling Place","No","Hand marked paper ballots and BMDs","Optical Scan",
"4004100000","Oklahoma","Delaware County","20510","21","Assigned Polling Place","No","Hand marked paper ballots and BMDs","Optical Scan",
"4004300000","Oklahoma","Dewey County","2726","10","Assigned Polling Place","No","Hand marked paper ballots and BMDs","Optical Scan",
"4004500000","Oklahoma","Ellis County","2419","9","Assigned Polling Place","No","Hand marked paper ballots and BMDs","Optical Scan",
"4004700000","Oklahoma","Garfield County","28129","32","Assigned Polling Place","No","Hand marked paper ballots and BMDs","Optical Scan",
"4004900000","Oklahoma","Garvin County","14345","23","Assigned Polling Place","No","Hand marked paper ballots and BMDs","Optical Scan",
"4005100000","Oklahoma","Grady County","27490","41","Assigned Polling Place","No","Hand marked paper ballots and BMDs","Optical Scan",
"4005300000","Oklahoma","Grant County","2946","9","Assigned Polling Place","No","Hand marked paper ballots and BMDs","Optical Scan",
"4005500000","Oklahoma","Greer County","2846","15","Assigned Polling Place","No","Hand marked paper ballots and BMDs","Optical Scan",
"4005700000","Oklahoma","Harmon County","1415","7","Assigned Polling Place","No","Hand marked paper ballots and BMDs","Optical Scan",
"4005900000","Oklahoma","Harper County","1910","8","Assigned Polling Place","No","Hand marked paper ballots and BMDs","Optical Scan",
"4006100000","Oklahoma","Haskell County","6637","16","Assigned Polling Place","No","Hand marked paper ballots and BMDs","Optical Scan",
"4006300000","Oklahoma","Hughes County","6657","15","Assigned Polling Place","No","Hand marked paper ballots and BMDs","Optical Scan",
"4006500000","Oklahoma","Jackson County","11555","18","Assigned Polling Place","No","Hand marked paper ballots and BMDs","Optical Scan",
"4006700000","Oklahoma","Jefferson County","3314","10","Assigned Polling Place","No","Hand marked paper ballots and BMDs","Optical Scan",
"4006900000","Oklahoma","Johnston County","5620","12","Assigned Polling Place","No","Hand marked paper ballots and BMDs","Optical Scan",
"4007100000","Oklahoma","Kay County","24051","33","Assigned Polling Place","No","Hand marked paper ballots and BMDs","Optical Scan",
"4007300000","Oklahoma","Kingfisher County","7855","16","Assigned Polling Place","No","Hand marked paper ballots and BMDs","Optical Scan",
"4007500000","Oklahoma","Kiowa County","4980","13","Assigned Polling Place","No","Hand marked paper ballots and BMDs","Optical Scan",
"4007700000","Oklahoma","Latimer County","6127","12","Assigned Polling Place","No","Hand marked paper ballots and BMDs","Optical Scan",
"4007900000","Oklahoma","Le Flore County","23055","38","Assigned Polling Place","No","Hand marked paper ballots and BMDs","Optical Scan",
"4008100000","Oklahoma","Lincoln County","18163","22","Assigned Polling Place","No","Hand marked paper ballots and BMDs","Optical Scan",
"4008300000","Oklahoma","Logan County","22932","22","Assigned Polling Place","No","Hand marked paper ballots and BMDs","Optical Scan",
"4008500000","Oklahoma","Love County","5086","12","Assigned Polling Place","No","Hand marked paper ballots and BMDs","Optical Scan",
"4009300000","Oklahoma","Major County","4150","13","Assigned Polling Place","No","Hand marked paper ballots and BMDs","Optical Scan",
"4009500000","Oklahoma","Marshall County","7089","11","Assigned Polling Place","No","Hand marked paper ballots and BMDs","Optical Scan",
"4009700000","Oklahoma","Mayes County","20324","25","Assigned Polling Place","No","Hand marked paper ballots and BMDs","Optical Scan",
"4008700000","Oklahoma","McClain County","18805","25","Assigned Polling Place","No","Hand marked paper ballots and BMDs","Optical Scan",
"4008900000","Oklahoma","McCurtain County","14207","31","Assigned Polling Place","No","Hand marked paper ballots and BMDs","Optical Scan",
"4009100000","Oklahoma","McIntosh County","11293","16","Assigned Polling Place","No","Hand marked paper ballots and BMDs","Optical Scan",
"4009900000","Oklahoma","Murray County","7217","11","Assigned Polling Place","No","Hand marked paper ballots and BMDs","Optical Scan",
"4010100000","Oklahoma","Muskogee County","36420","32","Assigned Polling Place","No","Hand marked paper ballots and BMDs","Optical Scan",
"4010300000","Oklahoma","Noble County","6257","16","Assigned Polling Place","No","Hand marked paper ballots and BMDs","Optical Scan",
"4010500000","Oklahoma","Nowata County","5601","11","Assigned Polling Place","No","Hand marked paper ballots and BMDs","Optical Scan",
"4010700000","Oklahoma","Okfuskee County","5741","15","Assigned Polling Place","No","Hand marked paper ballots and BMDs","Optical Scan",
"4010900000","Oklahoma","Oklahoma County","357480","295","Assigned Polling Place","No","Hand marked paper ballots and BMDs","Optical Scan",
"4011100000","Oklahoma","Okmulgee County","20249","33","Assigned Polling Place","No","Hand marked paper ballots and BMDs","Optical Scan",
"4011300000","Oklahoma","Osage County","25003","30","Assigned Polling Place","No","Hand marked paper ballots and BMDs","Optical Scan",
"4011500000","Oklahoma","Ottawa County","15068","19","Assigned Polling Place","No","Hand marked paper ballots and BMDs","Optical Scan",
"4011700000","Oklahoma","Pawnee County","8586","11","Assigned Polling Place","No","Hand marked paper ballots and BMDs","Optical Scan",
"4011900000","Oklahoma","Payne County","37422","38","Assigned Polling Place","No","Hand marked paper ballots and BMDs","Optical Scan",
"4012100000","Oklahoma","Pittsburg County","23657","48","Assigned Polling Place","No","Hand marked paper ballots and BMDs","Optical Scan",
"4012300000","Oklahoma","Pontotoc County","19341","25","Assigned Polling Place","No","Hand marked paper ballots and BMDs","Optical Scan",
"4012500000","Oklahoma","Pottawatomie County","33976","30","Assigned Polling Place","No","Hand marked paper ballots and BMDs","Optical Scan",
"4012700000","Oklahoma","Pushmataha County","6383","16","Assigned Polling Place","No","Hand marked paper ballots and BMDs","Optical Scan",
"4012900000","Oklahoma","Roger Mills County","2207","9","Assigned Polling Place","No","Hand marked paper ballots and BMDs","Optical Scan",
"4013100000","Oklahoma","Rogers County","47502","33","Assigned Polling Place","No","Hand marked paper ballots and BMDs","Optical Scan",
"4013300000","Oklahoma","Seminole County","11376","15","Assigned Polling Place","No","Hand marked paper ballots and BMDs","Optical Scan",
"4013500000","Oklahoma","Sequoyah County","19226","32","Assigned Polling Place","No","Hand marked paper ballots and BMDs","Optical Scan",
"4013700000","Oklahoma","Stephens County","23985","28","Assigned Polling Place","No","Hand marked paper ballots and BMDs","Optical Scan",
"4013900000","Oklahoma","Texas County","8197","15","Assigned Polling Place","No","Hand marked paper ballots and BMDs","Optical Scan",
"4014100000","Oklahoma","Tillman County","4364","9","Assigned Polling Place","No","Hand marked paper ballots and BMDs","Optical Scan",
"4014300000","Oklahoma","Tulsa County","313209","267","Assigned Polling Place","No","Hand marked paper ballots and BMDs","Optical Scan",
"4014500000","Oklahoma","Wagoner County","36976","37","Assigned Polling Place","No","Hand marked paper ballots and BMDs","Optical Scan",
"4014700000","Oklahoma","Washington County","28402","23","Assigned Polling Place","No","Hand marked paper ballots and BMDs","Optical Scan",
"4014900000","Oklahoma","Washita County","6124","12","Assigned Polling Place","No","Hand marked paper ballots and BMDs","Optical Scan",
"4015100000","Oklahoma","Woods County","4975","7","Assigned Polling Place","No","Hand marked paper ballots and BMDs","Optical Scan",
"4015300000","Oklahoma","Woodward County","9973","14","Assigned Polling Place","No","Hand marked paper ballots and BMDs","Optical Scan",
"4100100000","Oregon","Baker County","10496","17","Election Office","Yes","Hand marked paper ballots and BMDs","Optical Scan",
"4100300000","Oregon","Benton County","52085","32","Election Office","Yes","Hand marked paper ballots and BMDs","Optical Scan",
"4100500000","Oregon","Clackamas County","227750","189","Election Office","Yes","Hand marked paper ballots and BMDs","Optical Scan",
"4100700000","Oregon","Clatsop County","21936","33","Election Office","Yes","Hand marked paper ballots and BMDs","Optical Scan",
"4100900000","Oregon","Columbia County","28939","54","Election Office","Yes","Hand marked paper ballots and BMDs","Optical Scan",
"4101100000","Oregon","Coos County","37235","19","Election Office","Yes","Hand marked paper ballots and BMDs","Optical Scan",
"4101300000","Oregon","Crook County","12233","17","Election Office","Yes","Hand marked paper ballots and BMDs","Optical Scan",
"4101500000","Oregon","Curry County","14220","27","Election Office","Yes","Hand marked paper ballots and BMDs","Optical Scan",
"4101700000","Oregon","Deschutes County","92608","52","Election Office","Yes","Hand marked paper ballots and BMDs","Optical Scan",
"4101900000","Oregon","Douglas County","65844","72","Election Office","Yes","Hand marked paper ballots and BMDs","Optical Scan",
"4102100000","Oregon","Gilliam County","1254","3","Election Office","Yes","Hand marked paper ballots and BMDs","Optical Scan",
"4102300000","Oregon","Grant County","4558","5","Election Office","Yes","Hand marked paper ballots and BMDs","Optical Scan",
"4102500000","Oregon","Harney County","4283","3","Election Office","Yes","Hand marked paper ballots and BMDs","Optical Scan",
"4102700000","Oregon","Hood River County","11355","13","Election Office","Yes","Hand marked paper ballots and BMDs","Optical Scan",
"4102900000","Oregon","Jackson County","119645","52","Election Office","Yes","Hand marked paper ballots and BMDs","Optical Scan",
"4103100000","Oregon","Jefferson County","10091","15","Election Office","Yes","Hand marked paper ballots and BMDs","Optical Scan",
"4103300000","Oregon","Josephine County","52301","42","Election Office","Yes","Hand marked paper ballots and BMDs","Optical Scan",
"4103500000","Oregon","Klamath County","35360","42","Election Office","Yes","Hand marked paper ballots and BMDs","Optical Scan",
"4103700000","Oregon","Lake County","4200","19","Election Office","Yes","Hand marked paper ballots and BMDs","Optical Scan",
"4103900000","Oregon","Lane County","210799","83","Election Office","Yes","Hand marked paper ballots and BMDs","Optical Scan",
"4104100000","Oregon","Lincoln County","27789","32","Election Office","Yes","Hand marked paper ballots and BMDs","Optical Scan",
"4104300000","Oregon","Linn County","63481","78","Election Office","Yes","Hand marked paper ballots and BMDs","Optical Scan",
"4104500000","Oregon","Malheur County","12687","24","Election Office","Yes","Hand marked paper ballots and BMDs","Optical Scan",
"4104700000","Oregon","Marion County","149708","129","Election Office","Yes","Hand marked paper ballots and BMDs","Optical Scan",
"4104900000","Oregon","Morrow County","4888","5","Election Office","Yes","Hand marked paper ballots and BMDs","Optical Scan",
"4105100000","Oregon","Multnomah County","426580","129","Election Office","Yes","Hand marked paper ballots and BMDs","Optical Scan",
"4105300000","Oregon","Polk County","42764","14","Election Office","Yes","Hand marked paper ballots and BMDs","Optical Scan",
"4105500000","Oregon","Sherman County","1237","5","Election Office","Yes","Hand marked paper ballots and BMDs","Optical Scan",
"4105700000","Oregon","Tillamook County","15556","28","Election Office","Yes","Hand marked paper ballots and BMDs","Optical Scan",
"4105900000","Oregon","Umatilla County","32234","39","Election Office","Yes","Hand marked paper ballots and BMDs","Optical Scan",
"4106100000","Oregon","Union County","15448","19","Election Office","Yes","Hand marked paper ballots and BMDs","Optical Scan",
"4106300000","Oregon","Wallowa County","4949","12","Election Office","Yes","Hand marked paper ballots and BMDs","Optical Scan",
"4106500000","Oregon","Wasco County","13731","10","Election Office","Yes","Hand marked paper ballots and BMDs","Optical Scan",
"4106700000","Oregon","Washington County","273976","159","Election Office","Yes","Hand marked paper ballots and BMDs","Optical Scan",
"4106900000","Oregon","Wheeler County","925","3","Election Office","Yes","Hand marked paper ballots and BMDs","Optical Scan",
"4107100000","Oregon","Yamhill County","50769","19","Election Office","Yes","Hand marked paper ballots and BMDs","Optical Scan",
"4200100000","Pennsylvania","Adams County","56476","51","Assigned Polling Place","No","Hand marked paper ballots and BMDs","Optical Scan",
"4200300000","Pennsylvania","Allegheny County","868735","1321","Assigned Polling Place","No","DREs without VVPAT for all voters","DRE",
"4200500000","Pennsylvania","Armstrong County","40122","74","Assigned Polling Place","No","DREs without VVPAT for all voters","DRE",
"4200700000","Pennsylvania","Beaver County","108139","129","Assigned Polling Place","No","DREs without VVPAT for all voters","DRE",
"4200900000","Pennsylvania","Bedford County","30871","41","Assigned Polling Place","No","Hand marked paper ballots and DREs without VVPAT","Optical Scan and DRE",
"4201100000","Pennsylvania","Berks County","231256","201","Assigned Polling Place","No","DREs without VVPAT for all voters","DRE",
"4201300000","Pennsylvania","Blair County","83013","97","Assigned Polling Place","No","DREs without VVPAT for all voters","DRE",
"4201500000","Pennsylvania","Bradford County","39261","61","Assigned Polling Place","No","DREs without VVPAT for all voters","DRE",
"4201700000","Pennsylvania","Bucks County","404959","307","Assigned Polling Place","No","DREs without VVPAT for all voters","DRE",
"4201900000","Pennsylvania","Butler County","112660","89","Assigned Polling Place","No","DREs without VVPAT for all voters","DRE",
"4202100000","Pennsylvania","Cambria County","82958","165","Assigned Polling Place","No","DREs without VVPAT for all voters","DRE",
"4202300000","Pennsylvania","Cameron County","3160","10","Assigned Polling Place","No","DREs without VVPAT for all voters","DRE",
"4202500000","Pennsylvania","Carbon County","35822","51","Assigned Polling Place","No","DREs without VVPAT for all voters","DRE",
"4202700000","Pennsylvania","Centre County","96131","90","Assigned Polling Place","No","Hand marked paper ballots and BMDs","Optical Scan",
"4202900000","Pennsylvania","Chester County","307905","224","Assigned Polling Place","No","Hand marked paper ballots and DREs without VVPAT","Optical Scan and DRE",
"4203100000","Pennsylvania","Clarion County","23672","42","Assigned Polling Place","No","DREs without VVPAT for all voters","DRE",
"4203300000","Pennsylvania","Clearfield County","45179","71","Assigned Polling Place","No","DREs without VVPAT for all voters","DRE",
"4203500000","Pennsylvania","Clinton County","19275","34","Assigned Polling Place","No","DREs without VVPAT for all voters","DRE",
"4203700000","Pennsylvania","Columbia County","46883","42","Assigned Polling Place","No","DREs without VVPAT for all voters","DRE",
"4203900000","Pennsylvania","Crawford County","54436","67","Assigned Polling Place","No","DREs without VVPAT for all voters","DRE",
"4204100000","Pennsylvania","Cumberland County","141337","107","Assigned Polling Place","No","DREs without VVPAT for all voters","DRE",
"4204300000","Pennsylvania","Dauphin County","163100","159","Assigned Polling Place","No","DREs without VVPAT for all voters","DRE",
"4204500000","Pennsylvania","Delaware County","369576","427","Assigned Polling Place","No","DREs without VVPAT for all voters","DRE",
"4204700000","Pennsylvania","Elk County","19625","32","Assigned Polling Place","No","DREs without VVPAT for all voters","DRE",
"4204900000","Pennsylvania","Erie County","176175","154","Assigned Polling Place","No","DREs without VVPAT for all voters","DRE",
"4205100000","Pennsylvania","Fayette County","90117","103","Assigned Polling Place","No","Hand marked paper ballots and DREs without VVPAT","Optical Scan and DRE",
"4205300000","Pennsylvania","Forest County","3222","9","Assigned Polling Place","No","DREs without VVPAT for all voters","DRE",
"4205500000","Pennsylvania","Franklin County","80718","75","Assigned Polling Place","No","Hand marked paper ballots and BMDs","Optical Scan",
"4205700000","Pennsylvania","Fulton County","8920","13","Assigned Polling Place","No","Hand marked paper ballots and BMDs","Optical Scan",
"4205900000","Pennsylvania","Greene County","21805","44","Assigned Polling Place","No","DREs without VVPAT for all voters","DRE",
"4206100000","Pennsylvania","Huntingdon County","24956","58","Assigned Polling Place","No","Hand marked paper ballots and BMDs","Optical Scan",
"4206300000","Pennsylvania","Indiana County","50339","69","Assigned Polling Place","No","Hand marked paper ballots and BMDs","Optical Scan",
"4206500000","Pennsylvania","Jefferson County","26808","37","Assigned Polling Place","No","DREs without VVPAT for all voters","DRE",
"4206700000","Pennsylvania","Juniata County","12447","20","Assigned Polling Place","No","Hand marked paper ballots and BMDs","Optical Scan",
"4206900000","Pennsylvania","Lackawanna County","142671","163","Assigned Polling Place","No","Hand marked paper ballots and BMDs","Optical Scan",
"4207100000","Pennsylvania","Lancaster County","273722","237","Assigned Polling Place","No","Hand marked paper ballots and DREs without VVPAT","Optical Scan and DRE",
"4207300000","Pennsylvania","Lawrence County","60966","106","Assigned Polling Place","No","DREs without VVPAT for all voters","DRE",
"4207500000","Pennsylvania","Lebanon County","75602","55","Assigned Polling Place","No","DREs without VVPAT for all voters","DRE",
"4207700000","Pennsylvania","Lehigh County","206455","153","Assigned Polling Place","No","DREs without VVPAT for all voters","DRE",
"4207900000","Pennsylvania","Luzerne County","183647","189","Assigned Polling Place","No","DREs without VVPAT for all voters","DRE",
"4208100000","Pennsylvania","Lycoming County","63892","86","Assigned Polling Place","No","DREs without VVPAT for all voters","DRE",
"4208300000","Pennsylvania","McKean County","25136","42","Assigned Polling Place","No","DREs without VVPAT for all voters","DRE",
"4208500000","Pennsylvania","Mercer County","71135","100","Assigned Polling Place","No","DREs without VVPAT for all voters","DRE",
"4208700000","Pennsylvania","Mifflin County","22660","30","Assigned Polling Place","No","Hand marked paper ballots and BMDs","Optical Scan",
"4208900000","Pennsylvania","Monroe County","99645","50","Assigned Polling Place","No","DREs without VVPAT for all voters","DRE",
"4209100000","Pennsylvania","Montgomery County","519655","418","Assigned Polling Place","No","DREs without VVPAT for all voters","DRE",
"4209300000","Pennsylvania","Montour County","10584","15","Assigned Polling Place","No","Hand marked paper ballots and BMDs","Optical Scan",
"4209500000","Pennsylvania","Northampton County","181769","149","Assigned Polling Place","No","DREs without VVPAT for all voters","DRE",
"4209700000","Pennsylvania","Northumberland County","53486","94","Assigned Polling Place","No","DREs without VVPAT for all voters","DRE",
"4209900000","Pennsylvania","Perry County","25720","33","Assigned Polling Place","No","DREs without VVPAT for all voters","DRE",
"4210100000","Pennsylvania","Philadelphia County","980179","1681","Assigned Polling Place","No","DREs without VVPAT for all voters","DRE",
"4210300000","Pennsylvania","Pike County","36389","18","Assigned Polling Place","No","DREs without VVPAT for all voters","DRE",
"4210500000","Pennsylvania","Potter County","10341","34","Assigned Polling Place","No","DREs without VVPAT for all voters","DRE",
"4210700000","Pennsylvania","Schuylkill County","83793","177","Assigned Polling Place","No","DREs without VVPAT for all voters","DRE",
"4210900000","Pennsylvania","Snyder County","20195","25","Assigned Polling Place","No","Hand marked paper ballots and BMDs","Optical Scan",
"4211100000","Pennsylvania","Somerset County","45886","68","Assigned Polling Place","No","DREs without VVPAT for all voters","DRE",
"4211300000","Pennsylvania","Sullivan County","4042","15","Assigned Polling Place","No","DREs without VVPAT for all voters","DRE",
"4211500000","Pennsylvania","Susquehanna County","24751","43","Assigned Polling Place","No","Hand marked paper ballots and BMDs","Optical Scan",
"4211700000","Pennsylvania","Tioga County","24398","43","Assigned Polling Place","No","DREs without VVPAT for all voters","DRE",
"4211900000","Pennsylvania","Union County","21851","27","Assigned Polling Place","No","DREs without VVPAT for all voters","DRE",
"4212100000","Pennsylvania","Venango County","31743","48","Assigned Polling Place","No","DREs without VVPAT for all voters","DRE",
"4212300000","Pennsylvania","Warren County","25667","33","Assigned Polling Place","No","DREs without VVPAT for all voters","DRE",
"4212500000","Pennsylvania","Washington County","131360","184","Assigned Polling Place","No","DREs without VVPAT for all voters","DRE",
"4212700000","Pennsylvania","Wayne County","30454","38","Assigned Polling Place","No","Hand marked paper ballots and BMDs","Optical Scan",
"4212900000","Pennsylvania","Westmoreland County","226962","306","Assigned Polling Place","No","DREs without VVPAT for all voters","DRE",
"4213100000","Pennsylvania","Wyoming County","16870","31","Assigned Polling Place","No","DREs without VVPAT for all voters","DRE",
"4213300000","Pennsylvania","York County","246923","159","Assigned Polling Place","No","DREs without VVPAT for all voters","DRE",
"7200000000","Puerto Rico","Puerto Rico","2458036","1912","Assigned Polling Place","No","Hand marked paper ballots and BMDs","Hand Count",
"4400105140","Rhode Island","Town of Barrington (Bristol County)","13062","9","Assigned Polling Place","No","Hand marked paper ballots and BMDs","Optical Scan",
"4400109280","Rhode Island","Town of Bristol (Bristol County)","17091","11","Assigned Polling Place","No","Hand marked paper ballots and BMDs","Optical Scan",
"4400173760","Rhode Island","Town of Warren (Bristol County)","6941","6","Assigned Polling Place","No","Hand marked paper ballots and BMDs","Optical Scan",
"4400318640","Rhode Island","Town of Coventry (Kent County)","22371","20","Assigned Polling Place","No","Hand marked paper ballots and BMDs","Optical Scan",
"4400322240","Rhode Island","Town of East Greenwich (Kent County)","9624","9","Assigned Polling Place","No","Hand marked paper ballots and BMDs","Optical Scan",
"4400374300","Rhode Island","City of Warwick (Kent County)","58221","54","Assigned Polling Place","No","Hand marked paper ballots and BMDs","Optical Scan",
"4400377720","Rhode Island","Town of West Greenwich (Kent County)","4341","4","Assigned Polling Place","No","Hand marked paper ballots and BMDs","Optical Scan",
"4400378440","Rhode Island","Town of West Warwick (Kent County)","16917","14","Assigned Polling Place","No","Hand marked paper ballots and BMDs","Optical Scan",
"4400536820","Rhode Island","Town of Jamestown (Newport County)","4399","4","Assigned Polling Place","No","Hand marked paper ballots and BMDs","Optical Scan",
"4400542400","Rhode Island","Town of Little Compton (Newport County)","2932","3","Assigned Polling Place","No","Hand marked paper ballots and BMDs","Optical Scan",
"4400545460","Rhode Island","Town of Middletown (Newport County)","9946","9","Assigned Polling Place","No","Hand marked paper ballots and BMDs","Optical Scan",
"4400549960","Rhode Island","City of Newport (Newport County)","12856","14","Assigned Polling Place","No","Hand marked paper ballots and BMDs","Optical Scan",
"4400557880","Rhode Island","Town of Portsmouth (Newport County)","12033","12","Assigned Polling Place","No","Hand marked paper ballots and BMDs","Optical Scan",
"4400570880","Rhode Island","Town of Tiverton (Newport County)","11150","9","Assigned Polling Place","No","Hand marked paper ballots and BMDs","Optical Scan",
"4400711800","Rhode Island","Town of Burrillville (Providence County)","10383","7","Assigned Polling Place","No","Hand marked paper ballots and BMDs","Optical Scan",
"4400714140","Rhode Island","City of Central Falls (Providence County)","6403","9","Assigned Polling Place","No","Hand marked paper ballots and BMDs","Optical Scan",
"4400719180","Rhode Island","City of Cranston (Providence County)","51578","44","Assigned Polling Place","No","Hand marked paper ballots and BMDs","Optical Scan",
"4400720080","Rhode Island","Town of Cumberland (Providence County)","22354","18","Assigned Polling Place","No","Hand marked paper ballots and BMDs","Optical Scan",
"4400722960","Rhode Island","City of East Providence (Providence County)","29497","24","Assigned Polling Place","No","Hand marked paper ballots and BMDs","Optical Scan",
"4400727460","Rhode Island","Town of Foster (Providence County)","3399","3","Assigned Polling Place","No","Hand marked paper ballots and BMDs","Optical Scan",
"4400730340","Rhode Island","Town of Glocester (Providence County)","7254","6","Assigned Polling Place","No","Hand marked paper ballots and BMDs","Optical Scan",
"4400737720","Rhode Island","Town of Johnston (Providence County)","21785","17","Assigned Polling Place","No","Hand marked paper ballots and BMDs","Optical Scan",
"4400741500","Rhode Island","Town of Lincoln (Providence County)","15632","17","Assigned Polling Place","No","Hand marked paper ballots and BMDs","Optical Scan",
"4400751760","Rhode Island","Town of North Providence (Providence County)","24427","19","Assigned Polling Place","No","Hand marked paper ballots and BMDs","Optical Scan",
"4400752480","Rhode Island","Town of North Smithfield (Providence County)","8880","7","Assigned Polling Place","No","Hand marked paper ballots and BMDs","Optical Scan",
"4400754640","Rhode Island","City of Pawtucket (Providence County)","36139","32","Assigned Polling Place","No","Hand marked paper ballots and BMDs","Optical Scan",
"4400759000","Rhode Island","City of Providence (Providence County)","80912","87","Assigned Polling Place","No","Hand marked paper ballots and BMDs","Optical Scan",
"4400764220","Rhode Island","Town of Scituate (Providence County)","7993","6","Assigned Polling Place","No","Hand marked paper ballots and BMDs","Optical Scan",
"4400766200","Rhode Island","Town of Smithfield (Providence County)","14926","11","Assigned Polling Place","No","Hand marked paper ballots and BMDs","Optical Scan",
"4400780780","Rhode Island","City of Woonsocket (Providence County)","21119","17","Assigned Polling Place","No","Hand marked paper ballots and BMDs","Optical Scan",
"4400914500","Rhode Island","Town of Charlestown (Washington County)","5657","8","Assigned Polling Place","No","Hand marked paper ballots and BMDs","Optical Scan",
"4400925300","Rhode Island","Town of Exeter (Washington County)","4229","4","Assigned Polling Place","No","Hand marked paper ballots and BMDs","Optical Scan",
"4400935380","Rhode Island","Town of Hopkinton (Washington County)","6488","4","Assigned Polling Place","No","Hand marked paper ballots and BMDs","Optical Scan",
"4400948340","Rhode Island","Town of Narragansett (Washington County)","10785","12","Assigned Polling Place","No","Hand marked paper ballots and BMDs","Optical Scan",
"4400950500","Rhode Island","Town of New Shoreham (Washington County)","1479","2","Assigned Polling Place","No","Hand marked paper ballots and BMDs","Optical Scan",
"4400951580","Rhode Island","Town of North Kingstown (Washington County)","19429","15","Assigned Polling Place","No","Hand marked paper ballots and BMDs","Optical Scan",
"4400961160","Rhode Island","Town of Richmond (Washington County)","5861","5","Assigned Polling Place","No","Hand marked paper ballots and BMDs","Optical Scan",
"4400967460","Rhode Island","Town of South Kingstown (Washington County)","19368","13","Assigned Polling Place","No","Hand marked paper ballots and BMDs","Optical Scan",
"4400977000","Rhode Island","Town of Westerly (Washington County)","15932","12","Assigned Polling Place","No","Hand marked paper ballots and BMDs","Optical Scan",
"4500100000","South Carolina","Abbeville County","13888","15","Assigned Polling Place","No","DREs without VVPAT for all voters","DRE",
"4500300000","South Carolina","Aiken County","91284","74","Assigned Polling Place","No","DREs without VVPAT for all voters","DRE",
"4500500000","South Carolina","Allendale County","5546","9","Assigned Polling Place","No","DREs without VVPAT for all voters","DRE",
"4500700000","South Carolina","Anderson County","98864","77","Assigned Polling Place","No","DREs without VVPAT for all voters","DRE",
"4500900000","South Carolina","Bamberg County","8919","14","Assigned Polling Place","No","DREs without VVPAT for all voters","DRE",
"4501100000","South Carolina","Barnwell County","12819","16","Assigned Polling Place","No","DREs without VVPAT for all voters","DRE",
"4501300000","South Carolina","Beaufort County","90887","85","Assigned Polling Place","No","DREs without VVPAT for all voters","DRE",
"4501500000","South Carolina","Berkeley County","89203","51","Assigned Polling Place","No","DREs without VVPAT for all voters","DRE",
"4501700000","South Carolina","Calhoun County","9759","13","Assigned Polling Place","No","DREs without VVPAT for all voters","DRE",
"4501900000","South Carolina","Charleston County","207516","183","Assigned Polling Place","No","DREs without VVPAT for all voters","DRE",
"4502100000","South Carolina","Cherokee County","28233","34","Assigned Polling Place","No","DREs without VVPAT for all voters","DRE",
"4502300000","South Carolina","Chester County","18483","23","Assigned Polling Place","No","DREs without VVPAT for all voters","DRE",
"4502500000","South Carolina","Chesterfield County","21960","30","Assigned Polling Place","No","DREs without VVPAT for all voters","DRE",
"4502700000","South Carolina","Clarendon County","21169","26","Assigned Polling Place","No","DREs without VVPAT for all voters","DRE",
"4502900000","South Carolina","Colleton County","21930","33","Assigned Polling Place","No","DREs without VVPAT for all voters","DRE",
"4503100000","South Carolina","Darlington County","38536","33","Assigned Polling Place","No","DREs without VVPAT for all voters","DRE",
"4503300000","South Carolina","Dillon County","18140","21","Assigned Polling Place","No","DREs without VVPAT for all voters","DRE",
"4503500000","South Carolina","Dorchester County","74275","50","Assigned Polling Place","No","DREs without VVPAT for all voters","DRE",
"4503700000","South Carolina","Edgefield County","14644","12","Assigned Polling Place","No","DREs without VVPAT for all voters","DRE",
"4503900000","South Carolina","Fairfield County","14359","23","Assigned Polling Place","No","DREs without VVPAT for all voters","DRE",
"4504100000","South Carolina","Florence County","74617","64","Assigned Polling Place","No","DREs without VVPAT for all voters","DRE",
"4504300000","South Carolina","Georgetown County","38493","35","Assigned Polling Place","No","DREs without VVPAT for all voters","DRE",
"4504500000","South Carolina","Greenville County","250712","140","Assigned Polling Place","No","DREs without VVPAT for all voters","DRE",
"4504700000","South Carolina","Greenwood County","37374","42","Assigned Polling Place","No","DREs without VVPAT for all voters","DRE",
"4504900000","South Carolina","Hampton County","12251","19","Assigned Polling Place","No","DREs without VVPAT for all voters","DRE",
"4505100000","South Carolina","Horry County","145085","119","Assigned Polling Place","No","DREs without VVPAT for all voters","DRE",
"4505300000","South Carolina","Jasper County","11749","15","Assigned Polling Place","No","DREs without VVPAT for all voters","DRE",
"4505500000","South Carolina","Kershaw County","35395","35","Assigned Polling Place","No","DREs without VVPAT for all voters","DRE",
"4505700000","South Carolina","Lancaster County","39204","30","Assigned Polling Place","No","DREs without VVPAT for all voters","DRE",
"4505900000","South Carolina","Laurens County","35002","35","Assigned Polling Place","No","DREs without VVPAT for all voters","DRE",
"4506100000","South Carolina","Lee County","11463","23","Assigned Polling Place","No","DREs without VVPAT for all voters","DRE",
"4506300000","South Carolina","Lexington County","145264","89","Assigned Polling Place","No","DREs without VVPAT for all voters","DRE",
"4506700000","South Carolina","Marion County","20656","16","Assigned Polling Place","No","DREs without VVPAT for all voters","DRE",
"4506900000","South Carolina","Marlboro County","15658","11","Assigned Polling Place","No","DREs without VVPAT for all voters","DRE",
"4506500000","South Carolina","McCormick County","6421","18","Assigned Polling Place","No","DREs without VVPAT for all voters","DRE",
"4507100000","South Carolina","Newberry County","20624","31","Assigned Polling Place","No","DREs without VVPAT for all voters","DRE",
"4507300000","South Carolina","Oconee County","41227","31","Assigned Polling Place","No","DREs without VVPAT for all voters","DRE",
"4507500000","South Carolina","Orangeburg County","56263","54","Assigned Polling Place","No","DREs without VVPAT for all voters","DRE",
"4507700000","South Carolina","Pickens County","60361","53","Assigned Polling Place","No","DREs without VVPAT for all voters","DRE",
"4507900000","South Carolina","Richland County","218127","125","Assigned Polling Place","No","DREs without VVPAT for all voters","DRE",
"4508100000","South Carolina","Saluda County","10635","19","Assigned Polling Place","No","DREs without VVPAT for all voters","DRE",
"4508300000","South Carolina","Spartanburg County","146957","93","Assigned Polling Place","No","DREs without VVPAT for all voters","DRE",
"4508500000","South Carolina","Sumter County","60294","58","Assigned Polling Place","No","DREs without VVPAT for all voters","DRE",
"4508700000","South Carolina","Union County","16724","24","Assigned Polling Place","No","DREs without VVPAT for all voters","DRE",
"4508900000","South Carolina","Williamsburg County","21024","29","Assigned Polling Place","No","DREs without VVPAT for all voters","DRE",
"4509100000","South Carolina","York County","121929","64","Assigned Polling Place","No","DREs without VVPAT for all voters","DRE",
"4600300000","South Dakota","Aurora County","1979","7","Assigned Polling Place","No","Hand marked paper ballots and BMDs","Optical Scan",
"4600500000","South Dakota","Beadle County","11486","14","Assigned Polling Place","No","Hand marked paper ballots and BMDs","Optical Scan",
"4600700000","South Dakota","Bennett County","2161","8","Assigned Polling Place","No","Hand marked paper ballots and BMDs","Optical Scan",
"4600900000","South Dakota","Bon Homme County","4135","5","Assigned Polling Place","No","Hand marked paper ballots and BMDs","Optical Scan",
"4601100000","South Dakota","Brookings County","19386","15","Assigned Polling Place","No","Hand marked paper ballots and BMDs","Optical Scan",
"4601300000","South Dakota","Brown County","24059","22","Assigned Polling Place","No","Hand marked paper ballots and BMDs","Optical Scan",
"4601500000","South Dakota","Brule County","3558","5","Assigned Polling Place","No","Hand marked paper ballots and BMDs","Optical Scan",
"4601700000","South Dakota","Buffalo County","1131","3","Assigned Polling Place","No","Hand marked paper ballots and BMDs","Optical Scan",
"4601900000","South Dakota","Butte County","6161","16","Assigned Polling Place","No","Hand marked paper ballots and BMDs","Optical Scan",
"4602100000","South Dakota","Campbell County","1256","5","Assigned Polling Place","No","Hand marked paper ballots and BMDs","Optical Scan",
"4602300000","South Dakota","Charles Mix County","5834","13","Assigned Polling Place","No","Hand marked paper ballots and BMDs","Optical Scan",
"4602500000","South Dakota","Clark County","2832","13","Assigned Polling Place","No","Hand marked paper ballots and BMDs","Optical Scan",
"4602700000","South Dakota","Clay County","9148","11","Assigned Polling Place","No","Hand marked paper ballots and BMDs","Optical Scan",
"4602900000","South Dakota","Codington County","17109","33","Assigned Polling Place","No","Hand marked paper ballots and BMDs","Optical Scan",
"4603100000","South Dakota","Corson County","2580","17","Assigned Polling Place","No","Hand marked paper ballots and BMDs","Optical Scan",
"4603300000","South Dakota","Custer County","5889","10","Assigned Polling Place","No","Hand marked paper ballots and BMDs","Optical Scan",
"4603500000","South Dakota","Davison County","11952","21","Assigned Polling Place","No","Hand marked paper ballots and BMDs","Optical Scan",
"4603700000","South Dakota","Day County","4433","14","Assigned Polling Place","No","Hand marked paper ballots and BMDs","Optical Scan",
"4603900000","South Dakota","Deuel County","3062","11","Assigned Polling Place","No","Hand marked paper ballots and BMDs","Optical Scan",
"4604100000","South Dakota","Dewey County","3775","13","Assigned Polling Place","No","Hand marked paper ballots and BMDs","Optical Scan",
"4604300000","South Dakota","Douglas County","2328","5","Assigned Polling Place","No","Hand marked paper ballots and BMDs","Optical Scan",
"4604500000","South Dakota","Edmunds County","2878","7","Assigned Polling Place","No","Hand marked paper ballots and BMDs","Optical Scan",
"4604700000","South Dakota","Fall River County","5432","16","Assigned Polling Place","No","Hand marked paper ballots and BMDs","Optical Scan",
"4604900000","South Dakota","Faulk County","1689","7","Assigned Polling Place","No","Hand marked paper ballots and BMDs","Optical Scan",
"4605100000","South Dakota","Grant County","5292","18","Assigned Polling Place","No","Hand marked paper ballots and BMDs","Optical Scan",
"4605300000","South Dakota","Gregory County","3053","3","Assigned Polling Place","No","Hand marked paper ballots and BMDs","Optical Scan",
"4605500000","South Dakota","Haakon County","1514","6","Assigned Polling Place","No","Hand marked paper ballots and BMDs","Optical Scan",
"4605700000","South Dakota","Hamlin County","3686","7","Assigned Polling Place","No","Hand marked paper ballots and BMDs","Optical Scan",
"4605900000","South Dakota","Hand County","2710","10","Assigned Polling Place","No","Hand marked paper ballots and BMDs","Optical Scan",
"4606100000","South Dakota","Hanson County","3558","5","Assigned Polling Place","No","Hand marked paper ballots and BMDs","Optical Scan",
"4606300000","South Dakota","Harding County","933","10","Assigned Polling Place","No","Hand marked paper ballots and BMDs","Optical Scan",
"4606500000","South Dakota","Hughes County","11163","15","Assigned Polling Place","No","Hand marked paper ballots and BMDs","Optical Scan",
"4606700000","South Dakota","Hutchinson County","5243","7","Assigned Polling Place","No","Hand marked paper ballots and BMDs","Optical Scan",
"4606900000","South Dakota","Hyde County","1089","5","Assigned Polling Place","No","Hand marked paper ballots and BMDs","Optical Scan",
"4607100000","South Dakota","Jackson County","1727","8","Assigned Polling Place","No","Hand marked paper ballots and BMDs","Optical Scan",
"4607300000","South Dakota","Jerauld County","1559","5","Assigned Polling Place","No","Hand marked paper ballots and BMDs","Optical Scan",
"4607500000","South Dakota","Jones County","801","3","Assigned Polling Place","No","Hand marked paper ballots and BMDs","Optical Scan",
"4607700000","South Dakota","Kingsbury County","3759","6","Assigned Polling Place","No","Hand marked paper ballots and BMDs","Optical Scan",
"4607900000","South Dakota","Lake County","8185","10","Assigned Polling Place","No","Hand marked paper ballots and BMDs","Optical Scan",
"4608100000","South Dakota","Lawrence County","16964","12","Assigned Polling Place","No","Hand marked paper ballots and BMDs","Optical Scan",
"4608300000","South Dakota","Lincoln County","26686","29","Assigned Polling Place","No","Hand marked paper ballots and BMDs","Optical Scan",
"4608500000","South Dakota","Lyman County","2539","7","Assigned Polling Place","No","Hand marked paper ballots and BMDs","Optical Scan",
"4609100000","South Dakota","Marshall County","3068","9","Assigned Polling Place","No","Hand marked paper ballots and BMDs","Optical Scan",
"4608700000","South Dakota","McCook County","4041","6","Assigned Polling Place","No","Hand marked paper ballots and BMDs","Optical Scan",
"4608900000","South Dakota","McPherson County","1979","6","Assigned Polling Place","No","Hand marked paper ballots and BMDs","Optical Scan",
"4609300000","South Dakota","Meade County","15750","37","Assigned Polling Place","No","Hand marked paper ballots and BMDs","Optical Scan",
"4609500000","South Dakota","Mellette County","1339","4","Assigned Polling Place","No","Hand marked paper ballots and BMDs","Optical Scan",
"4609700000","South Dakota","Miner County","1762","8","Assigned Polling Place","No","Hand marked paper ballots and BMDs","Optical Scan",
"4609900000","South Dakota","Minnehaha County","106688","70","Assigned Polling Place","No","Hand marked paper ballots and BMDs","Optical Scan",
"4610100000","South Dakota","Moody County","4449","6","Assigned Polling Place","No","Hand marked paper ballots and BMDs","Optical Scan",
"4610300000","South Dakota","Pennington County","62739","48","Assigned Polling Place","No","Hand marked paper ballots and BMDs","Optical Scan",
"4610500000","South Dakota","Perkins County","2277","10","Assigned Polling Place","No","Hand marked paper ballots and BMDs","Optical Scan",
"4610700000","South Dakota","Potter County","1945","6","Assigned Polling Place","No","Hand marked paper ballots and BMDs","Optical Scan",
"4610900000","South Dakota","Roberts County","6832","14","Assigned Polling Place","No","Hand marked paper ballots and BMDs","Optical Scan",
"4611100000","South Dakota","Sanborn County","1810","7","Assigned Polling Place","No","Hand marked paper ballots and BMDs","Optical Scan",
"4611300000","South Dakota","Shannon County","8042","10","Assigned Polling Place","No","Hand marked paper ballots and BMDs","Optical Scan",
"4611500000","South Dakota","Spink County","4586","9","Assigned Polling Place","No","Hand marked paper ballots and BMDs","Optical Scan",
"4611700000","South Dakota","Stanley County","2085","8","Assigned Polling Place","No","Hand marked paper ballots and BMDs","Optical Scan",
"4611900000","South Dakota","Sully County","1068","4","Assigned Polling Place","No","Hand marked paper ballots and BMDs","Optical Scan",
"4612100000","South Dakota","Todd County","5631","9","Assigned Polling Place","No","Hand marked paper ballots and BMDs","Optical Scan",
"4612300000","South Dakota","Tripp County","3975","13","Assigned Polling Place","No","Hand marked paper ballots and BMDs","Optical Scan",
"4612500000","South Dakota","Turner County","5863","8","Assigned Polling Place","No","Hand marked paper ballots and BMDs","Optical Scan",
"4612700000","South Dakota","Union County","10495","13","Assigned Polling Place","No","Hand marked paper ballots and BMDs","Optical Scan",
"4612900000","South Dakota","Walworth County","3862","15","Assigned Polling Place","No","Hand marked paper ballots and BMDs","Optical Scan",
"4613500000","South Dakota","Yankton County","13871","14","Assigned Polling Place","No","Hand marked paper ballots and BMDs","Optical Scan",
"4613700000","South Dakota","Ziebach County","1591","8","Assigned Polling Place","No","Hand marked paper ballots and BMDs","Optical Scan",
"4700100000","Tennessee","Anderson County","46245","29","Assigned Polling Place","No","DREs without VVPAT for all voters","DRE",
"4700300000","Tennessee","Bedford County","22092","18","Assigned Polling Place","No","DREs without VVPAT for all voters","DRE",
"4700500000","Tennessee","Benton County","11505","6","Assigned Polling Place","No","DREs without VVPAT for all voters","DRE",
"4700700000","Tennessee","Bledsoe County","8398","15","Assigned Polling Place","No","DREs without VVPAT for all voters","DRE",
"4700900000","Tennessee","Blount County","67502","52","Assigned Polling Place","No","DREs without VVPAT for all voters","DRE",
"4701100000","Tennessee","Bradley County","55774","17","Assigned Polling Place","No","DREs without VVPAT for all voters","DRE",
"4701300000","Tennessee","Campbell County","22912","21","Assigned Polling Place","No","DREs without VVPAT for all voters","DRE",
"4701500000","Tennessee","Cannon County","7992","10","Assigned Polling Place","No","DREs without VVPAT for all voters","DRE",
"4701700000","Tennessee","Carroll County","18890","22","Assigned Polling Place","No","DREs without VVPAT for all voters","DRE",
"4701900000","Tennessee","Carter County","32355","21","Assigned Polling Place","No","DREs without VVPAT for all voters","DRE",
"4702100000","Tennessee","Cheatham County","22496","9","Assigned Polling Place","No","DREs without VVPAT for all voters","DRE",
"4702300000","Tennessee","Chester County","8487","11","Assigned Polling Place","No","DREs without VVPAT for all voters","DRE",
"4702500000","Tennessee","Claiborne County","17453","18","Assigned Polling Place","No","DREs without VVPAT for all voters","DRE",
"4702700000","Tennessee","Clay County","5817","7","Assigned Polling Place","No","DREs without VVPAT for all voters","DRE",
"4702900000","Tennessee","Cocke County","20694","20","Assigned Polling Place","No","DREs without VVPAT for all voters","DRE",
"4703100000","Tennessee","Coffee County","29797","24","Assigned Polling Place","No","DREs without VVPAT for all voters","DRE",
"4703300000","Tennessee","Crockett County","9438","12","Assigned Polling Place","No","DREs without VVPAT for all voters","DRE",
"4703500000","Tennessee","Cumberland County","35650","27","Assigned Polling Place","No","DREs without VVPAT for all voters","DRE",
"4703700000","Tennessee","Davidson County","331840","172","Assigned Polling Place","No","DREs without VVPAT for all voters","DRE",
"4704100000","Tennessee","DeKalb County","11937","16","Assigned Polling Place","No","DREs without VVPAT for all voters","DRE",
"4703900000","Tennessee","Decatur County","7283","13","Assigned Polling Place","No","DREs without VVPAT for all voters","DRE",
"4704300000","Tennessee","Dickson County","28209","18","Assigned Polling Place","No","DREs without VVPAT for all voters","DRE",
"4704500000","Tennessee","Dyer County","20836","16","Assigned Polling Place","No","DREs without VVPAT for all voters","DRE",
"4704700000","Tennessee","Fayette County","24583","19","Assigned Polling Place","No","DREs without VVPAT for all voters","DRE",
"4704900000","Tennessee","Fentress County","11489","13","Assigned Polling Place","No","DREs without VVPAT for all voters","DRE",
"4705100000","Tennessee","Franklin County","25151","18","Assigned Polling Place","No","DREs without VVPAT for all voters","DRE",
"4705300000","Tennessee","Gibson County","28785","36","Assigned Polling Place","No","DREs without VVPAT for all voters","DRE",
"4705500000","Tennessee","Giles County","18339","14","Assigned Polling Place","No","DREs without VVPAT for all voters","DRE",
"4705700000","Tennessee","Grainger County","12393","11","Assigned Polling Place","No","DREs without VVPAT for all voters","DRE",
"4705900000","Tennessee","Greene County","37288","39","Assigned Polling Place","No","DREs without VVPAT for all voters","DRE",
"4706100000","Tennessee","Grundy County","7128","13","Assigned Polling Place","No","DREs without VVPAT for all voters","DRE",
"4706300000","Tennessee","Hamblen County","31633","18","Assigned Polling Place","No","DREs without VVPAT for all voters","DRE",
"4706500000","Tennessee","Hamilton County","205603","126","Assigned Polling Place","No","Hand marked paper ballots and DREs without VVPAT","Optical Scan and DRE",
"4706700000","Tennessee","Hancock County","4843","7","Assigned Polling Place","No","DREs without VVPAT for all voters","DRE",
"4706900000","Tennessee","Hardeman County","15790","13","Assigned Polling Place","No","DREs without VVPAT for all voters","DRE",
"4707100000","Tennessee","Hardin County","14937","18","Assigned Polling Place","No","DREs without VVPAT for all voters","DRE",
"4707300000","Tennessee","Hawkins County","34435","26","Assigned Polling Place","No","DREs without VVPAT for all voters","DRE",
"4707500000","Tennessee","Haywood County","12365","15","Assigned Polling Place","No","DREs without VVPAT for all voters","DRE",
"4707700000","Tennessee","Henderson County","17031","15","Assigned Polling Place","No","DREs without VVPAT for all voters","DRE",
"4707900000","Tennessee","Henry County","23125","13","Assigned Polling Place","No","DREs without VVPAT for all voters","DRE",
"4708100000","Tennessee","Hickman County","13619","18","Assigned Polling Place","No","DREs without VVPAT for all voters","DRE",
"4708300000","Tennessee","Houston County","5004","7","Assigned Polling Place","No","DREs without VVPAT for all voters","DRE",
"4708500000","Tennessee","Humphreys County","11596","9","Assigned Polling Place","No","DREs without VVPAT for all voters","DRE",
"4708700000","Tennessee","Jackson County","8057","17","Assigned Polling Place","No","DREs without VVPAT for all voters","DRE",
"4708900000","Tennessee","Jefferson County","27953","10","Assigned Polling Place","No","DREs without VVPAT for all voters","DRE",
"4709100000","Tennessee","Johnson County","10592","13","Assigned Polling Place","No","DREs without VVPAT for all voters","DRE",
"4709300000","Tennessee","Knox County","263537","94","Assigned Polling Place","No","DREs without VVPAT for all voters","DRE",
"4709500000","Tennessee","Lake County","4021","4","Assigned Polling Place","No","DREs without VVPAT for all voters","DRE",
"4709700000","Tennessee","Lauderdale County","14508","17","Assigned Polling Place","No","DREs without VVPAT for all voters","DRE",
"4709900000","Tennessee","Lawrence County","24936","29","Assigned Polling Place","No","DREs without VVPAT for all voters","DRE",
"4710100000","Tennessee","Lewis County","7827","9","Assigned Polling Place","No","DREs without VVPAT for all voters","DRE",
"4710300000","Tennessee","Lincoln County","18287","21","Assigned Polling Place","No","DREs without VVPAT for all voters","DRE",
"4710500000","Tennessee","Loudon County","29570","14","Assigned Polling Place","No","DREs without VVPAT for all voters","DRE",
"4711100000","Tennessee","Macon County","13086","10","Assigned Polling Place","No","DREs without VVPAT for all voters","DRE",
"4711300000","Tennessee","Madison County","60453","33","Assigned Polling Place","No","DREs without VVPAT for all voters","DRE",
"4711500000","Tennessee","Marion County","18851","20","Assigned Polling Place","No","DREs without VVPAT for all voters","DRE",
"4711700000","Tennessee","Marshall County","17119","10","Assigned Polling Place","No","DREs without VVPAT for all voters","DRE",
"4711900000","Tennessee","Maury County","46045","21","Assigned Polling Place","No","DREs without VVPAT for all voters","DRE",
"4710700000","Tennessee","McMinn County","27984","16","Assigned Polling Place","No","DREs without VVPAT for all voters","DRE",
"4710900000","Tennessee","McNairy County","13896","17","Assigned Polling Place","No","DREs without VVPAT for all voters","DRE",
"4712100000","Tennessee","Meigs County","6825","7","Assigned Polling Place","No","DREs without VVPAT for all voters","DRE",
"4712300000","Tennessee","Monroe County","27888","13","Assigned Polling Place","No","DREs without VVPAT for all voters","DRE",
"4712500000","Tennessee","Montgomery County","83296","24","Assigned Polling Place","No","DREs without VVPAT for all voters","DRE",
"4712700000","Tennessee","Moore County","4328","6","Assigned Polling Place","No","DREs without VVPAT for all voters","DRE",
"4712900000","Tennessee","Morgan County","11038","12","Assigned Polling Place","No","DREs without VVPAT for all voters","DRE",
"4713100000","Tennessee","Obion County","20207","12","Assigned Polling Place","No","DREs without VVPAT for all voters","DRE",
"4713300000","Tennessee","Overton County","13454","13","Assigned Polling Place","No","DREs without VVPAT for all voters","DRE",
"4713500000","Tennessee","Perry County","5024","10","Assigned Polling Place","No","DREs without VVPAT for all voters","DRE",
"4713700000","Tennessee","Pickett County","3936","9","Assigned Polling Place","No","Hand marked paper ballots and DREs without VVPAT","Optical Scan and DRE",
"4713900000","Tennessee","Polk County","10904","11","Assigned Polling Place","No","DREs without VVPAT for all voters","DRE",
"4714100000","Tennessee","Putnam County","40107","44","Assigned Polling Place","No","DREs without VVPAT for all voters","DRE",
"4714300000","Tennessee","Rhea County","18156","15","Assigned Polling Place","No","DREs without VVPAT for all voters","DRE",
"4714500000","Tennessee","Roane County","33029","25","Assigned Polling Place","No","DREs without VVPAT for all voters","DRE",
"4714700000","Tennessee","Robertson County","35948","20","Assigned Polling Place","No","DREs without VVPAT for all voters","DRE",
"4714900000","Tennessee","Rutherford County","132221","48","Assigned Polling Place","No","DREs without VVPAT for all voters","DRE",
"4715100000","Tennessee","Scott County","13822","10","Assigned Polling Place","No","DREs without VVPAT for all voters","DRE",
"4715300000","Tennessee","Sequatchie County","8585","10","Assigned Polling Place","No","DREs without VVPAT for all voters","DRE",
"4715500000","Tennessee","Sevier County","45480","20","Assigned Polling Place","No","DREs without VVPAT for all voters","DRE",
"4715700000","Tennessee","Shelby County","573830","274","Assigned Polling Place","No","DREs without VVPAT for all voters","DRE",
"4715900000","Tennessee","Smith County","12089","9","Assigned Polling Place","No","DREs without VVPAT for all voters","DRE",
"4716100000","Tennessee","Stewart County","8008","9","Assigned Polling Place","No","DREs without VVPAT for all voters","DRE",
"4716300000","Tennessee","Sullivan County","81890","29","Assigned Polling Place","No","DREs without VVPAT for all voters","DRE",
"4716500000","Tennessee","Sumner County","88791","37","Assigned Polling Place","No","DREs without VVPAT for all voters","DRE",
"4716700000","Tennessee","Tipton County","35488","10","Assigned Polling Place","No","DREs without VVPAT for all voters","DRE",
"4716900000","Tennessee","Trousdale County","5051","11","Assigned Polling Place","No","DREs without VVPAT for all voters","DRE",
"4717100000","Tennessee","Unicoi County","10569","8","Assigned Polling Place","No","DREs without VVPAT for all voters","DRE",
"4717300000","Tennessee","Union County","11647","10","Assigned Polling Place","No","DREs without VVPAT for all voters","DRE",
"4717500000","Tennessee","Van Buren County","4135","7","Assigned Polling Place","No","DREs without VVPAT for all voters","DRE",
"4717700000","Tennessee","Warren County","21154","22","Assigned Polling Place","No","DREs without VVPAT for all voters","DRE",
"4717900000","Tennessee","Washington County","65880","42","Assigned Polling Place","No","DREs without VVPAT for all voters","DRE",
"4718100000","Tennessee","Wayne County","10023","15","Assigned Polling Place","No","DREs without VVPAT for all voters","DRE",
"4718300000","Tennessee","Weakley County","19766","10","Assigned Polling Place","No","DREs without VVPAT for all voters","DRE",
"4718500000","Tennessee","White County","15555","12","Assigned Polling Place","No","DREs without VVPAT for all voters","DRE",
"4718700000","Tennessee","Williamson County","114738","41","Assigned Polling Place","No","DREs without VVPAT for all voters","DRE",
"4718900000","Tennessee","Wilson County","66530","36","Assigned Polling Place","No","DREs without VVPAT for all voters","DRE",
"4800100000","Texas","Anderson County","23773","24","Assigned Polling Place","No","Hand marked paper ballots and BMDs","Optical Scan",
"4800300000","Texas","Andrews County","7460","4","Assigned Polling Place","No","Hand marked paper ballots and BMDs","Optical Scan",
"4800500000","Texas","Angelina County","42430","46","Assigned Polling Place","No","DREs without VVPAT for all voters","DRE",
"4800700000","Texas","Aransas County","13982","6","Assigned Polling Place","No","Hand marked paper ballots and DREs without VVPAT","Optical Scan and DRE",
"4800900000","Texas","Archer County","5870","14","Assigned Polling Place","No","DREs without VVPAT for all voters","DRE",
"4801100000","Texas","Armstrong County","1445","10","Assigned Polling Place","No","Hand marked paper ballots and DREs without VVPAT","Hand Count and DRE",
"4801300000","Texas","Atascosa County","21445","23","Assigned Polling Place","No","Hand marked paper ballots and DREs without VVPAT","Optical Scan and DRE",
"4801500000","Texas","Austin County","16123","19","Assigned Polling Place","No","Hand marked paper ballots and BMDs","Optical Scan",
"4801700000","Texas","Bailey County","3439","4","Assigned Polling Place","No","Hand marked paper ballots and BMDs","Optical Scan",
"4801900000","Texas","Bandera County","13064","10","Assigned Polling Place","No","DREs without VVPAT for all voters","DRE",
"4802100000","Texas","Bastrop County","35546","21","Assigned Polling Place","No","Hand marked paper ballots and BMDs","Optical Scan",
"4802300000","Texas","Baylor County","2489","4","Assigned Polling Place","No","Hand marked paper ballots and BMDs","Optical Scan",
"4802500000","Texas","Bee County","13641","17","Assigned Polling Place","No","Hand marked paper ballots and DREs without VVPAT","Optical Scan and DRE",
"4802700000","Texas","Bell County","130901","50","Assigned Polling Place","No","Hand marked paper ballots and BMDs","Optical Scan",
"4802900000","Texas","Bexar County","779943","622","Assigned Polling Place","No","DREs without VVPAT for all voters","DRE",
"4803100000","Texas","Blanco County","6275","8","Assigned Polling Place","No","Hand marked paper ballots and BMDs","Optical Scan",
"4803300000","Texas","Borden County","438","7","Assigned Polling Place","No","Hand marked paper ballots and BMDs","Optical Scan",
"4803500000","Texas","Bosque County","10877","16","Assigned Polling Place","No","Hand marked paper ballots and BMDs","Optical Scan",
"4803700000","Texas","Bowie County","50186","38","Assigned Polling Place","No","Hand marked paper ballots and BMDs","Optical Scan",
"4803900000","Texas","Brazoria County","150693","77","Assigned Polling Place","No","DREs without VVPAT for all voters","DRE",
"4804100000","Texas","Brazos County","74271","82","Assigned Polling Place","No","DREs without VVPAT for all voters","DRE",
"4804300000","Texas","Brewster County","5613","8","Assigned Polling Place","No","Hand marked paper ballots and DREs without VVPAT","Hand Count and DRE",
"4804500000","Texas","Briscoe County","1143","6","Assigned Polling Place","No","DREs without VVPAT for all voters","DRE",
"4804700000","Texas","Brooks County","6322","9","Assigned Polling Place","No","Hand marked paper ballots and DREs without VVPAT","Optical Scan and DRE",
"4804900000","Texas","Brown County","20506","18","Assigned Polling Place","No","Hand marked paper ballots and BMDs","Optical Scan",
"4805100000","Texas","Burleson County","10025","15","Assigned Polling Place","No","DREs without VVPAT for all voters","DRE",
"4805300000","Texas","Burnet County","23199","23","Assigned Polling Place","No","DREs without VVPAT for all voters","DRE",
"4805500000","Texas","Caldwell County","17795","26","Assigned Polling Place","No","DREs without VVPAT for all voters","DRE",
"4805700000","Texas","Calhoun County","11446","25","Assigned Polling Place","No","Hand marked paper ballots and BMDs","Optical Scan",
"4805900000","Texas","Callahan County","8245","7","Assigned Polling Place","No","DREs without VVPAT for all voters","DRE",
"4806100000","Texas","Cameron County","157901","98","Assigned Polling Place","No","Hand marked paper ballots and BMDs","Optical Scan",
"4806300000","Texas","Camp County","6498","4","Assigned Polling Place","No","Hand marked paper ballots and BMDs","Optical Scan",
"4806500000","Texas","Carson County","4120","9","Assigned Polling Place","No","Hand marked paper ballots and BMDs","Optical Scan",
"4806700000","Texas","Cass County","16757","29","Assigned Polling Place","No","DREs without VVPAT for all voters","DRE",
"4806900000","Texas","Castro County","3936","9","Assigned Polling Place","No","DREs without VVPAT for all voters","DRE",
"4807100000","Texas","Chambers County","21164","12","Assigned Polling Place","No","DREs without VVPAT for all voters","DRE",
"4807300000","Texas","Cherokee County","24919","28","Assigned Polling Place","No","Hand marked paper ballots and DREs without VVPAT","Optical Scan and DRE",
"4807500000","Texas","Childress County","3236","4","Assigned Polling Place","No","DREs without VVPAT for all voters","DRE",
"4807700000","Texas","Clay County","7454","16","Assigned Polling Place","No","Hand marked paper ballots and BMDs","Optical Scan",
"4807900000","Texas","Cochran County","1725","6","Assigned Polling Place","No","Hand marked paper ballots and BMDs","Optical Scan",
"4808100000","Texas","Coke County","2376","4","Assigned Polling Place","No","DREs without VVPAT for all voters","DRE",
"4808300000","Texas","Coleman County","5780","6","Assigned Polling Place","No","DREs without VVPAT for all voters","DRE",
"4808500000","Texas","Collin County","368215","162","Assigned Polling Place","No","DREs without VVPAT for all voters","DRE",
"4808700000","Texas","Collingsworth County","1765","7","Assigned Polling Place","No","Hand marked paper ballots and BMDs","Optical Scan",
"4808900000","Texas","Colorado County","12341","12","Assigned Polling Place","No","Hand marked paper ballots and BMDs","Optical Scan",
"4809100000","Texas","Comal County","64403","23","Assigned Polling Place","No","DREs without VVPAT for all voters","DRE",
"4809300000","Texas","Comanche County","8422","16","Assigned Polling Place","No","Hand marked paper ballots and DREs without VVPAT","Hand Count and DRE",
"4809500000","Texas","Concho County","1574","8","Assigned Polling Place","No","DREs without VVPAT for all voters","DRE",
"4809700000","Texas","Cooke County","21091","25","Assigned Polling Place","No","Hand marked paper ballots and BMDs","Optical Scan",
"4809900000","Texas","Coryell County","29195","20","Assigned Polling Place","No","Hand marked paper ballots and DREs without VVPAT","Optical Scan and DRE",
"4810100000","Texas","Cottle County","1159","5","Assigned Polling Place","No","DREs without VVPAT for all voters","DRE",
"4810300000","Texas","Crane County","2243","4","Assigned Polling Place","No","DREs without VVPAT for all voters","DRE",
"4810500000","Texas","Crockett County","2479","4","Assigned Polling Place","No","Hand marked paper ballots and BMDs","Optical Scan",
"4810700000","Texas","Crosby County","3655","4","Assigned Polling Place","No","DREs without VVPAT for all voters","DRE",
"4810900000","Texas","Culberson County","1644","5","Assigned Polling Place","No","Hand marked paper ballots and DREs without VVPAT","Hand Count and DRE",
"4811100000","Texas","Dallam County","2637","9","Assigned Polling Place","No","Hand marked paper ballots and BMDs","Optical Scan",
"4811300000","Texas","Dallas County","1017190","695","Assigned Polling Place","No","Hand marked paper ballots and DREs without VVPAT","Optical Scan and DRE",
"4811500000","Texas","Dawson County","7150","11","Assigned Polling Place","No","DREs without VVPAT for all voters","DRE",
"4812300000","Texas","DeWitt County","11076","11","Assigned Polling Place","No","Hand marked paper ballots and DREs without VVPAT","Optical Scan and DRE",
"4811700000","Texas","Deaf Smith County","7879","4","Assigned Polling Place","No","DREs without VVPAT for all voters","DRE",
"4811900000","Texas","Delta County","3397","8","Assigned Polling Place","No","DREs without VVPAT for all voters","DRE",
"4812100000","Texas","Denton County","313120","141","Assigned Polling Place","No","Hand marked paper ballots and DREs without VVPAT","Optical Scan and DRE",
"4812500000","Texas","Dickens County","1459","6","Assigned Polling Place","No","DREs without VVPAT for all voters","DRE",
"4812700000","Texas","Dimmit County","6313","7","Assigned Polling Place","No","Hand marked paper ballots and BMDs","Optical Scan",
"4812900000","Texas","Donley County","2349","6","Assigned Polling Place","No","Hand marked paper ballots and BMDs","Optical Scan",
"4813100000","Texas","Duval County","8498","11","Assigned Polling Place","No","Hand marked paper ballots and DREs without VVPAT","Optical Scan and DRE",
"4813300000","Texas","Eastland County","9339","9","Assigned Polling Place","No","DREs without VVPAT for all voters","DRE",
"4813500000","Texas","Ector County","60177","35","Assigned Polling Place","No","DREs without VVPAT for all voters","DRE",
"4813700000","Texas","Edwards County","1482","5","Assigned Polling Place","No","Hand marked paper ballots and BMDs","Optical Scan",
"4814100000","Texas","El Paso County","342562","170","Assigned Polling Place","No","DREs without VVPAT for all voters","DRE",
"4813900000","Texas","Ellis County","75920","45","Assigned Polling Place","No","Hand marked paper ballots and BMDs","Optical Scan",
"4814300000","Texas","Erath County","18705","20","Assigned Polling Place","No","DREs without VVPAT for all voters","DRE",
"4814500000","Texas","Falls County","8840","13","Assigned Polling Place","No","Hand marked paper ballots and DREs without VVPAT","Optical Scan and DRE",
"4814700000","Texas","Fannin County","18267","19","Assigned Polling Place","No","DREs without VVPAT for all voters","DRE",
"4814900000","Texas","Fayette County","14868","26","Assigned Polling Place","No","Hand marked paper ballots and BMDs","Optical Scan",
"4815100000","Texas","Fisher County","2951","10","Assigned Polling Place","No","Hand marked paper ballots and BMDs","Optical Scan",
"4815300000","Texas","Floyd County","4173","5","Assigned Polling Place","No","DREs without VVPAT for all voters","DRE",
"4815500000","Texas","Foard County","1047","4","Assigned Polling Place","No","Hand marked paper ballots and DREs without VVPAT","Hand Count and DRE",
"4815700000","Texas","Fort Bend County","270609","142","Assigned Polling Place","No","DREs without VVPAT for all voters","DRE",
"4815900000","Texas","Franklin County","5843","8","Assigned Polling Place","No","Hand marked paper ballots and BMDs","Optical Scan",
"4816100000","Texas","Freestone County","10383","15","Assigned Polling Place","No","Hand marked paper ballots and DREs without VVPAT","Optical Scan and DRE",
"4816300000","Texas","Frio County","9583","9","Assigned Polling Place","No","Hand marked paper ballots and BMDs","Optical Scan",
"4816500000","Texas","Gaines County","6980","8","Assigned Polling Place","No","DREs without VVPAT for all voters","DRE",
"4816700000","Texas","Galveston County","157597","109","Assigned Polling Place","No","DREs without VVPAT for all voters","Optical Scan and DRE",
"4816900000","Texas","Garza County","2609","6","Assigned Polling Place","No","Hand marked paper ballots and BMDs","Optical Scan",
"4817100000","Texas","Gillespie County","16028","14","Assigned Polling Place","No","Hand marked paper ballots and BMDs","Optical Scan",
"4817300000","Texas","Glasscock County","717","4","Assigned Polling Place","No","Hand marked paper ballots and BMDs","Hand Count",
"4817500000","Texas","Goliad County","5177","11","Assigned Polling Place","No","Hand marked paper ballots and BMDs","Optical Scan",
"4817700000","Texas","Gonzales County","11122","15","Assigned Polling Place","No","Hand marked paper ballots and BMDs","Optical Scan",
"4817900000","Texas","Gray County","12129","7","Assigned Polling Place","No","DREs without VVPAT for all voters","DRE",
"4818100000","Texas","Grayson County","65284","54","Assigned Polling Place","No","DREs without VVPAT for all voters","DRE",
"4818300000","Texas","Gregg County","59232","23","Assigned Polling Place","No","DREs without VVPAT for all voters","DRE",
"4818500000","Texas","Grimes County","13564","14","Assigned Polling Place","No","DREs without VVPAT for all voters","DRE",
"4818700000","Texas","Guadalupe County","65527","38","Assigned Polling Place","No","DREs without VVPAT for all voters","DRE",
"4818900000","Texas","Hale County","17949","29","Assigned Polling Place","No","DREs without VVPAT for all voters","DRE",
"4819100000","Texas","Hall County","1977","7","Assigned Polling Place","No","DREs without VVPAT for all voters","DRE",
"4819300000","Texas","Hamilton County","5267","11","Assigned Polling Place","No","Hand marked paper ballots and BMDs","Optical Scan",
"4819500000","Texas","Hansford County","2882","8","Assigned Polling Place","No","Hand marked paper ballots and BMDs","Optical Scan",
"4819700000","Texas","Hardeman County","2540","5","Assigned Polling Place","No","Hand marked paper ballots and BMDs","Optical Scan",
"4819900000","Texas","Hardin County","33526","19","Assigned Polling Place","No","Hand marked paper ballots and DREs without VVPAT","Optical Scan and DRE",
"4820100000","Texas","Harris County","1694780","875","Assigned Polling Place","No","DREs without VVPAT for all voters","DRE",
"4820300000","Texas","Harrison County","37149","25","Assigned Polling Place","No","Hand marked paper ballots and DREs without VVPAT","Optical Scan and DRE",
"4820500000","Texas","Hartley County","2527","6","Assigned Polling Place","No","Hand marked paper ballots and BMDs","Optical Scan",
"4820700000","Texas","Haskell County","3607","10","Assigned Polling Place","No","Hand marked paper ballots and BMDs","Hand Count",
"4820900000","Texas","Hays County","81573","39","Assigned Polling Place","No","DREs without VVPAT for all voters","DRE",
"4821100000","Texas","Hemphill County","2077","8","Assigned Polling Place","No","Hand marked paper ballots and BMDs","Optical Scan",
"4821300000","Texas","Henderson County","45281","31","Assigned Polling Place","No","Hand marked paper ballots and DREs without VVPAT","Optical Scan and DRE",
"4821500000","Texas","Hidalgo County","258339","140","Assigned Polling Place","No","DREs without VVPAT for all voters","DRE",
"4821700000","Texas","Hill County","19525","23","Assigned Polling Place","No","DREs without VVPAT for all voters","DRE",
"4821900000","Texas","Hockley County","12141","16","Assigned Polling Place","No","Hand marked paper ballots and BMDs","Optical Scan",
"4822100000","Texas","Hood County","30897","16","Assigned Polling Place","No","DREs without VVPAT for all voters","DRE",
"4822300000","Texas","Hopkins County","18698","21","Assigned Polling Place","No","Hand marked paper ballots and DREs without VVPAT","Optical Scan and DRE",
"4822500000","Texas","Houston County","12537","21","Assigned Polling Place","No","Hand marked paper ballots and BMDs","Optical Scan",
"4822700000","Texas","Howard County","15336","52","Assigned Polling Place","No","DREs without VVPAT for all voters","DRE",
"4822900000","Texas","Hudspeth County","1440","5","Assigned Polling Place","No","Hand marked paper ballots and DREs without VVPAT","Hand Count and DRE",
"4823100000","Texas","Hunt County","42175","36","Assigned Polling Place","No","Hand marked paper ballots and DREs without VVPAT","Optical Scan and DRE",
"4823300000","Texas","Hutchinson County","13312","8","Assigned Polling Place","No","Hand marked paper ballots and DREs without VVPAT","Optical Scan and DRE",
"4823500000","Texas","Irion County","1157","5","Assigned Polling Place","No","Hand marked paper ballots and DREs without VVPAT","Optical Scan and DRE",
"4823700000","Texas","Jack County","4275","6","Assigned Polling Place","No","DREs without VVPAT for all voters","DRE",
"4823900000","Texas","Jackson County","8055","9","Assigned Polling Place","No","DREs without VVPAT for all voters","DRE",
"4824100000","Texas","Jasper County","18942","20","Assigned Polling Place","No","Hand marked paper ballots and BMDs","Optical Scan",
"4824300000","Texas","Jeff Davis County","1630","5","Assigned Polling Place","No","Hand marked paper ballots and BMDs","Optical Scan",
"4824500000","Texas","Jefferson County","132275","116","Assigned Polling Place","No","Hand marked paper ballots and DREs without VVPAT","Optical Scan and DRE",
"4824700000","Texas","Jim Hogg County","3608","5","Assigned Polling Place","No","Hand marked paper ballots and DREs without VVPAT","Optical Scan and DRE",
"4824900000","Texas","Jim Wells County","24058","21","Assigned Polling Place","No","Hand marked paper ballots and DREs without VVPAT","Optical Scan and DRE",
"4825100000","Texas","Johnson County","71292","34","Assigned Polling Place","No","Hand marked paper ballots and BMDs","Optical Scan",
"4825300000","Texas","Jones County","8848","14","Assigned Polling Place","No","DREs without VVPAT for all voters","DRE",
"4825500000","Texas","Karnes County","7259","15","Assigned Polling Place","No","Hand marked paper ballots and BMDs","Optical Scan",
"4825700000","Texas","Kaufman County","50673","42","Assigned Polling Place","No","Hand marked paper ballots and DREs without VVPAT","Optical Scan and DRE",
"4825900000","Texas","Kendall County","21352","11","Assigned Polling Place","No","DREs without VVPAT for all voters","DRE",
"4826100000","Texas","Kenedy County","299","6","Assigned Polling Place","No","Hand marked paper ballots and DREs without VVPAT","Optical Scan and DRE",
"4826300000","Texas","Kent County","616","6","Assigned Polling Place","No","Hand marked paper ballots and BMDs","Optical Scan",
"4826500000","Texas","Kerr County","29522","20","Assigned Polling Place","No","Hand marked paper ballots and DREs without VVPAT","Optical Scan and DRE",
"4826700000","Texas","Kimble County","2655","7","Assigned Polling Place","No","Hand marked paper ballots and DREs without VVPAT","Optical Scan and DRE",
"4826900000","Texas","King County","189","4","Assigned Polling Place","No","Hand marked paper ballots and BMDs","Optical Scan",
"4827100000","Texas","Kinney County","2139","4","Assigned Polling Place","No","Hand marked paper ballots and BMDs","Optical Scan",
"4827300000","Texas","Kleberg County","15977","20","Assigned Polling Place","No","Hand marked paper ballots and BMDs","Optical Scan",
"4827500000","Texas","Knox County","2125","10","Assigned Polling Place","No","Hand marked paper ballots and BMDs","Optical Scan",
"4828300000","Texas","La Salle County","3600","6","Assigned Polling Place","No","Hand marked paper ballots and DREs without VVPAT","Optical Scan and DRE",
"4827700000","Texas","Lamar County","25881","31","Assigned Polling Place","No","Hand marked paper ballots and BMDs","Optical Scan",
"4827900000","Texas","Lamb County","7612","12","Assigned Polling Place","No","Hand marked paper ballots and BMDs","Optical Scan",
"4828100000","Texas","Lampasas County","11304","10","Assigned Polling Place","No","DREs without VVPAT for all voters","DRE",
"4828500000","Texas","Lavaca County","12458","19","Assigned Polling Place","No","Hand marked paper ballots and DREs without VVPAT","Optical Scan and DRE",
"4828700000","Texas","Lee County","8787","15","Assigned Polling Place","No","DREs without VVPAT for all voters","DRE",
"4828900000","Texas","Leon County","10114","14","Assigned Polling Place","No","DREs without VVPAT for all voters","DRE",
"4829100000","Texas","Liberty County","36755","36","Assigned Polling Place","No","Hand marked paper ballots and DREs without VVPAT","Optical Scan and DRE",
"4829300000","Texas","Limestone County","12363","22","Assigned Polling Place","No","DREs without VVPAT for all voters","DRE",
"4829500000","Texas","Lipscomb County","1723","9","Assigned Polling Place","No","DREs without VVPAT for all voters","DRE",
"4829700000","Texas","Live Oak County","6670","14","Assigned Polling Place","No","Hand marked paper ballots and BMDs","Optical Scan",
"4829900000","Texas","Llano County","12768","9","Assigned Polling Place","No","DREs without VVPAT for all voters","DRE",
"4830100000","Texas","Loving County","114","4","Assigned Polling Place","No","Hand marked paper ballots and BMDs","Optical Scan",
"4830300000","Texas","Lubbock County","131916","97","Assigned Polling Place","No","DREs without VVPAT for all voters","DRE",
"4830500000","Texas","Lynn County","3703","14","Assigned Polling Place","No","Hand marked paper ballots and BMDs","Optical Scan",
"4831300000","Texas","Madison County","6580","8","Assigned Polling Place","No","DREs without VVPAT for all voters","DRE",
"4831500000","Texas","Marion County","6443","10","Assigned Polling Place","No","DREs without VVPAT for all voters","DRE",
"4831700000","Texas","Martin County","2762","6","Assigned Polling Place","No","DREs without VVPAT for all voters","DRE",
"4831900000","Texas","Mason County","2748","4","Assigned Polling Place","No","Hand marked paper ballots and BMDs","Optical Scan",
"4832100000","Texas","Matagorda County","18800","18","Assigned Polling Place","No","Hand marked paper ballots and BMDs","Optical Scan",
"4832300000","Texas","Maverick County","24311","14","Assigned Polling Place","No","Hand marked paper ballots and BMDs","Optical Scan",
"4830700000","Texas","McCulloch County","4600","10","Assigned Polling Place","No","Hand marked paper ballots and DREs without VVPAT","Optical Scan and DRE",
"4830900000","Texas","McLennan County","114641","92","Assigned Polling Place","No","DREs without VVPAT for all voters","DRE",
"4831100000","Texas","McMullen County","703","6","Assigned Polling Place","No","Hand marked paper ballots and BMDs","Hand Count",
"4832500000","Texas","Medina County","23436","23","Assigned Polling Place","No","Hand marked paper ballots and DREs without VVPAT","Optical Scan and DRE",
"4832700000","Texas","Menard County","1688","6","Assigned Polling Place","No","DREs without VVPAT for all voters","DRE",
"4832900000","Texas","Midland County","64406","39","Assigned Polling Place","No","DREs without VVPAT for all voters","DRE",
"4833100000","Texas","Milam County","12673","11","Assigned Polling Place","No","DREs without VVPAT for all voters","DRE",
"4833300000","Texas","Mills County","3140","10","Assigned Polling Place","No","Hand marked paper ballots and DREs without VVPAT","Optical Scan and DRE",
"4833500000","Texas","Mitchell County","4249","6","Assigned Polling Place","No","Hand marked paper ballots and BMDs","Optical Scan",
"4833700000","Texas","Montague County","11828","15","Assigned Polling Place","No","DREs without VVPAT for all voters","DRE",
"4833900000","Texas","Montgomery County","211230","85","Assigned Polling Place","No","DREs without VVPAT for all voters","DRE",
"4834100000","Texas","Moore County","8572","7","Assigned Polling Place","No","DREs without VVPAT for all voters","DRE",
"4834300000","Texas","Morris County","8207","9","Assigned Polling Place","No","Hand marked paper ballots and DREs without VVPAT","Optical Scan and DRE",
"4834500000","Texas","Motley County","884","6","Assigned Polling Place","No","DREs without VVPAT for all voters","DRE",
"4834700000","Texas","Nacogdoches County","29778","32","Assigned Polling Place","No","Hand marked paper ballots and DREs without VVPAT","Optical Scan and DRE",
"4834900000","Texas","Navarro County","25171","34","Assigned Polling Place","No","DREs without VVPAT for all voters","DRE",
"4835100000","Texas","Newton County","8217","22","Assigned Polling Place","No","Hand marked paper ballots and BMDs","Optical Scan",
"4835300000","Texas","Nolan County","8105","14","Assigned Polling Place","No","Hand marked paper ballots and BMDs","Optical Scan",
"4835500000","Texas","Nueces County","169408","126","Assigned Polling Place","No","DREs without VVPAT for all voters","DRE",
"4835700000","Texas","Ochiltree County","4455","4","Assigned Polling Place","No","Hand marked paper ballots and BMDs","Optical Scan",
"4835900000","Texas","Oldham County","1221","7","Assigned Polling Place","No","Hand marked paper ballots and BMDs","Optical Scan",
"4836100000","Texas","Orange County","44762","34","Assigned Polling Place","No","Hand marked paper ballots and BMDs","Optical Scan",
"4836300000","Texas","Palo Pinto County","15330","30","Assigned Polling Place","No","DREs without VVPAT for all voters","DRE",
"4836500000","Texas","Panola County","14144","20","Assigned Polling Place","No","Hand marked paper ballots and BMDs","Optical Scan",
"4836700000","Texas","Parker County","64774","43","Assigned Polling Place","No","DREs without VVPAT for all voters","DRE",
"4836900000","Texas","Parmer County","4400","9","Assigned Polling Place","No","Hand marked paper ballots and BMDs","Optical Scan",
"4837100000","Texas","Pecos County","7225","9","Assigned Polling Place","No","Hand marked paper ballots and BMDs","Optical Scan",
"4837300000","Texas","Polk County","32427","20","Assigned Polling Place","No","DREs without VVPAT for all voters","DRE",
"4837500000","Texas","Potter County","45953","25","Assigned Polling Place","No","DREs without VVPAT for all voters","DRE",
"4837700000","Texas","Presidio County","4990","7","Assigned Polling Place","No","DREs without VVPAT for all voters","DRE",
"4837900000","Texas","Rains County","5871","7","Assigned Polling Place","No","DREs without VVPAT for all voters","DRE",
"4838100000","Texas","Randall County","68746","29","Assigned Polling Place","No","DREs without VVPAT for all voters","DRE",
"4838300000","Texas","Reagan County","1706","4","Assigned Polling Place","No","Hand marked paper ballots and DREs without VVPAT","Optical Scan and DRE",
"4838500000","Texas","Real County","2292","6","Assigned Polling Place","No","Hand marked paper ballots and BMDs","Optical Scan",
"4838700000","Texas","Red River County","6948","23","Assigned Polling Place","No","DREs without VVPAT for all voters","DRE",
"4838900000","Texas","Reeves County","5602","11","Assigned Polling Place","No","Hand marked paper ballots and BMDs","Optical Scan",
"4839100000","Texas","Refugio County","4922","10","Assigned Polling Place","No","DREs without VVPAT for all voters","DRE",
"4839300000","Texas","Roberts County","667","5","Assigned Polling Place","No","Hand marked paper ballots and DREs without VVPAT","Hand Count and DRE",
"4839500000","Texas","Robertson County","10405","16","Assigned Polling Place","No","Hand marked paper ballots and BMDs","Optical Scan",
"4839700000","Texas","Rockwall County","40770","16","Assigned Polling Place","No","Hand marked paper ballots and DREs without VVPAT","Optical Scan and DRE",
"4839900000","Texas","Runnels County","6279","10","Assigned Polling Place","No","Hand marked paper ballots and DREs without VVPAT","Hand Count and DRE",
"4840100000","Texas","Rusk County","27857","22","Assigned Polling Place","No","DREs without VVPAT for all voters","DRE",
"4840300000","Texas","Sabine County","6868","10","Assigned Polling Place","No","Hand marked paper ballots and BMDs","Optical Scan",
"4840500000","Texas","San Augustine County","5566","11","Assigned Polling Place","No","Hand marked paper ballots and BMDs","Optical Scan",
"4840700000","Texas","San Jacinto County","14032","11","Assigned Polling Place","No","DREs without VVPAT for all voters","DRE",
"4840900000","Texas","San Patricio County","39836","32","Assigned Polling Place","No","Hand marked paper ballots and DREs without VVPAT","Optical Scan and DRE",
"4841100000","Texas","San Saba County","3415","7","Assigned Polling Place","No","Hand marked paper ballots and BMDs","Optical Scan",
"4841300000","Texas","Schleicher County","1792","4","Assigned Polling Place","No","Hand marked paper ballots and BMDs","Optical Scan",
"4841500000","Texas","Scurry County","8829","11","Assigned Polling Place","No","DREs without VVPAT for all voters","DRE",
"4841700000","Texas","Shackelford County","2129","7","Assigned Polling Place","No","DREs without VVPAT for all voters","DRE",
"4841900000","Texas","Shelby County","12923","14","Assigned Polling Place","No","Hand marked paper ballots and BMDs","Optical Scan",
"4842100000","Texas","Sherman County","1343","7","Assigned Polling Place","No","DREs without VVPAT for all voters","DRE",
"4842300000","Texas","Smith County","110587","80","Assigned Polling Place","No","DREs without VVPAT for all voters","DRE",
"4842500000","Texas","Somervell County","4960","8","Assigned Polling Place","No","Hand marked paper ballots and BMDs","Optical Scan",
"4842700000","Texas","Starr County","26497","10","Assigned Polling Place","No","Hand marked paper ballots and DREs without VVPAT","Optical Scan and DRE",
"4842900000","Texas","Stephens County","5074","6","Assigned Polling Place","No","Hand marked paper ballots and BMDs","Optical Scan",
"4843100000","Texas","Sterling County","827","4","Assigned Polling Place","No","DREs without VVPAT for all voters","DRE",
"4843300000","Texas","Stonewall County","1095","9","Assigned Polling Place","No","Hand marked paper ballots and BMDs","Optical Scan",
"4843500000","Texas","Sutton County","2366","6","Assigned Polling Place","No","Hand marked paper ballots and BMDs","Optical Scan",
"4843700000","Texas","Swisher County","3953","10","Assigned Polling Place","No","DREs without VVPAT for all voters","DRE",
"4843900000","Texas","Tarrant County","822206","638","Assigned Polling Place","No","Hand marked paper ballots and DREs without VVPAT","Optical Scan and DRE",
"4844100000","Texas","Taylor County","65441","35","Assigned Polling Place","No","DREs without VVPAT for all voters","DRE",
"4844300000","Texas","Terrell County","818","4","Assigned Polling Place","No","Hand marked paper ballots and BMDs","Optical Scan",
"4844500000","Texas","Terry County","7110","8","Assigned Polling Place","No","Hand marked paper ballots and BMDs","Optical Scan",
"4844700000","Texas","Throckmorton County","1203","5","Assigned Polling Place","No","DREs without VVPAT for all voters","DRE",
"4844900000","Texas","Titus County","14027","19","Assigned Polling Place","No","Hand marked paper ballots and BMDs","Optical Scan",
"4845100000","Texas","Tom Green County","55219","60","Assigned Polling Place","No","Hand marked paper ballots and DREs without VVPAT","Optical Scan and DRE",
"4845300000","Texas","Travis County","517019","211","Assigned Polling Place","No","DREs without VVPAT for all voters","DRE",
"4845500000","Texas","Trinity County","11111","19","Assigned Polling Place","No","Hand marked paper ballots and BMDs","Optical Scan",
"4845700000","Texas","Tyler County","11677","17","Assigned Polling Place","No","Hand marked paper ballots and BMDs","Optical Scan",
"4845900000","Texas","Upshur County","23657","20","Assigned Polling Place","No","Hand marked paper ballots and DREs without VVPAT","Optical Scan and DRE",
"4846100000","Texas","Upton County","1962","6","Assigned Polling Place","No","DREs without VVPAT for all voters","DRE",
"4846300000","Texas","Uvalde County","15001","14","Assigned Polling Place","No","Hand marked paper ballots and DREs without VVPAT","Optical Scan and DRE",
"4846500000","Texas","Val Verde County","22300","17","Assigned Polling Place","No","Hand marked paper ballots and BMDs","Optical Scan",
"4846700000","Texas","Van Zandt County","29367","21","Assigned Polling Place","No","Hand marked paper ballots and BMDs","Optical Scan",
"4846900000","Texas","Victoria County","46569","35","Assigned Polling Place","No","DREs without VVPAT for all voters","DRE",
"4847100000","Texas","Walker County","26387","18","Assigned Polling Place","No","Hand marked paper ballots and BMDs","Optical Scan",
"4847300000","Texas","Waller County","23759","18","Assigned Polling Place","No","DREs without VVPAT for all voters","DRE",
"4847500000","Texas","Ward County","5733","8","Assigned Polling Place","No","Hand marked paper ballots and BMDs","Optical Scan",
"4847700000","Texas","Washington County","20228","34","Assigned Polling Place","No","Hand marked paper ballots and BMDs","Optical Scan",
"4847900000","Texas","Webb County","99304","59","Assigned Polling Place","No","DREs without VVPAT for all voters","DRE",
"4848100000","Texas","Wharton County","22244","22","Assigned Polling Place","No","DREs without VVPAT for all voters","DRE",
"4848300000","Texas","Wheeler County","3284","10","Assigned Polling Place","No","DREs without VVPAT for all voters","DRE",
"4848500000","Texas","Wichita County","67626","35","Assigned Polling Place","No","DREs without VVPAT for all voters","DRE",
"4848700000","Texas","Wilbarger County","7740","6","Assigned Polling Place","No","DREs without VVPAT for all voters","DRE",
"4848900000","Texas","Willacy County","10728","12","Assigned Polling Place","No","Hand marked paper ballots and DREs without VVPAT","Optical Scan and DRE",
"4849100000","Texas","Williamson County","206043","99","Assigned Polling Place","No","Hand marked paper ballots and DREs without VVPAT","Optical Scan and DRE",
"4849300000","Texas","Wilson County","24078","24","Assigned Polling Place","No","Hand marked paper ballots and DREs without VVPAT","Optical Scan and DRE",
"4849500000","Texas","Winkler County","3404","5","Assigned Polling Place","No","Hand marked paper ballots and BMDs","Optical Scan",
"4849700000","Texas","Wise County","31096","22","Assigned Polling Place","No","DREs without VVPAT for all voters","DRE",
"4849900000","Texas","Wood County","23824","14","Assigned Polling Place","No","Hand marked paper ballots and BMDs","Optical Scan",
"4850100000","Texas","Yoakum County","3707","6","Assigned Polling Place","No","Hand marked paper ballots and BMDs","Optical Scan",
"4850300000","Texas","Young County","10146","9","Assigned Polling Place","No","DREs without VVPAT for all voters","DRE",
"4850500000","Texas","Zapata County","6746","7","Assigned Polling Place","No","Hand marked paper ballots and DREs without VVPAT","Optical Scan and DRE",
"4850700000","Texas","Zavala County","7167","6","Assigned Polling Place","No","Hand marked paper ballots and BMDs","Optical Scan",
"7800000000","US Virgin Islands","US Virgin Islands","50948","15","Assigned Polling Place","No","DREs without VVPAT for all voters","DRE",
"4900100000","Utah","Beaver County","3862","12","Assigned Polling Place","No","DREs with VVPAT for all voters","DRE",
"4900300000","Utah","Box Elder County","27738","68","Assigned Polling Place","No","DREs with VVPAT for all voters","DRE",
"4900500000","Utah","Cache County","62502","125","Assigned Polling Place","No","DREs with VVPAT for all voters","DRE",
"4900700000","Utah","Carbon County","15741","24","Assigned Polling Place","No","DREs with VVPAT for all voters","DRE",
"4900900000","Utah","Daggett County","678","5","Assigned Polling Place","No","DREs with VVPAT for all voters","DRE",
"4901100000","Utah","Davis County","148606","221","Assigned Polling Place","No","DREs with VVPAT for all voters","DRE",
"4901300000","Utah","Duchesne County","8387","25","Assigned Polling Place","No","DREs with VVPAT for all voters","DRE",
"4901500000","Utah","Emery County","6454","28","Assigned Polling Place","No","DREs with VVPAT for all voters","DRE",
"4901700000","Utah","Garfield County","2987","20","Assigned Polling Place","No","DREs with VVPAT for all voters","DRE",
"4901900000","Utah","Grand County","6082","27","Assigned Polling Place","No","DREs with VVPAT for all voters","DRE",
"4902100000","Utah","Iron County","23365","62","Assigned Polling Place","No","DREs with VVPAT for all voters","DRE",
"4902300000","Utah","Juab County","5134","18","Assigned Polling Place","No","DREs with VVPAT for all voters","DRE",
"4902500000","Utah","Kane County","4453","17","Assigned Polling Place","No","DREs with VVPAT for all voters","DRE",
"4902700000","Utah","Millard County","6172","18","Assigned Polling Place","No","DREs with VVPAT for all voters","DRE",
"4902900000","Utah","Morgan County","5254","14","Assigned Polling Place","No","DREs with VVPAT for all voters","DRE",
"4903100000","Utah","Piute County","978","6","Assigned Polling Place","No","DREs with VVPAT for all voters","DRE",
"4903300000","Utah","Rich County","1292","6","Assigned Polling Place","No","DREs with VVPAT for all voters","DRE",
"4903500000","Utah","Salt Lake County","520243","791","Assigned Polling Place","No","DREs with VVPAT for all voters","DRE",
"4903700000","Utah","San Juan County","7465","29","Assigned Polling Place","No","DREs with VVPAT for all voters","DRE",
"4903900000","Utah","Sanpete County","11881","52","Assigned Polling Place","No","DREs with VVPAT for all voters","DRE",
"4904100000","Utah","Sevier County","11064","43","Assigned Polling Place","No","DREs with VVPAT for all voters","DRE",
"4904300000","Utah","Summit County","23248","58","Assigned Polling Place","No","DREs with VVPAT for all voters","DRE",
"4904500000","Utah","Tooele County","26914","59","Assigned Polling Place","No","DREs with VVPAT for all voters","DRE",
"4904700000","Utah","Uintah County","15192","45","Assigned Polling Place","No","DREs with VVPAT for all voters","DRE",
"4904900000","Utah","Utah County","211327","290","Assigned Polling Place","No","DREs with VVPAT for all voters","DRE",
"4905100000","Utah","Wasatch County","15090","31","Assigned Polling Place","No","DREs with VVPAT for all voters","DRE",
"4905300000","Utah","Washington County","66870","96","Assigned Polling Place","No","DREs with VVPAT for all voters","DRE",
"4905500000","Utah","Wayne County","1790","13","Assigned Polling Place","No","DREs with VVPAT for all voters","DRE",
"4905700000","Utah","Weber County","101557","155","Assigned Polling Place","No","DREs with VVPAT for all voters","DRE",
"5000100325","Vermont","Town of Addison  (Addison County)","915","1","Assigned Polling Place","No","Hand marked paper ballots and BMDs","Hand Count and Optical Scan",
"5000108575","Vermont","Town of Bridport  (Addison County)","865","1","Assigned Polling Place","No","Hand marked paper ballots and BMDs","Hand Count and Optical Scan",
"5000109025","Vermont","Town of Bristol  (Addison County)","2486","1","Assigned Polling Place","No","Hand marked paper ballots and BMDs","Hand Count and Optical Scan",
"5000116000","Vermont","Town of Cornwall  (Addison County)","843","1","Assigned Polling Place","No","Hand marked paper ballots and BMDs","Hand Count and Optical Scan",
"5000126275","Vermont","Town of Ferrisburgh  (Addison County)","1944","1","Assigned Polling Place","No","Hand marked paper ballots and BMDs","Hand Count and Optical Scan",
"5000128600","Vermont","Town of Goshen  (Addison County)","155","1","Assigned Polling Place","No","Hand marked paper ballots and BMDs","Hand Count and Optical Scan",
"5000129575","Vermont","Town of Granville  (Addison County)","213","1","Assigned Polling Place","No","Hand marked paper ballots and BMDs","Hand Count and Optical Scan",
"5000131525","Vermont","Town of Hancock  (Addison County)","235","1","Assigned Polling Place","No","Hand marked paper ballots and BMDs","Hand Count and Optical Scan",
"5000139325","Vermont","Town of Leicester  (Addison County)","745","1","Assigned Polling Place","No","Hand marked paper ballots and BMDs","Hand Count and Optical Scan",
"5000140075","Vermont","Town of Lincoln  (Addison County)","955","1","Assigned Polling Place","No","Hand marked paper ballots and BMDs","Hand Count and Optical Scan",
"5000144350","Vermont","Town of Middlebury  (Addison County)","4261","1","Assigned Polling Place","No","Hand marked paper ballots and BMDs","Hand Count and Optical Scan",
"5000145550","Vermont","Town of Monkton  (Addison County)","1383","1","Assigned Polling Place","No","Hand marked paper ballots and BMDs","Hand Count and Optical Scan",
"5000148700","Vermont","Town of New Haven  (Addison County)","1298","1","Assigned Polling Place","No","Hand marked paper ballots and BMDs","Hand Count and Optical Scan",
"5000153725","Vermont","Town of Orwell  (Addison County)","825","1","Assigned Polling Place","No","Hand marked paper ballots and BMDs","Hand Count and Optical Scan",
"5000153950","Vermont","Town of Panton  (Addison County)","937","1","Assigned Polling Place","No","Hand marked paper ballots and BMDs","Hand Count and Optical Scan",
"5000159650","Vermont","Town of Ripton  (Addison County)","430","1","Assigned Polling Place","No","Hand marked paper ballots and BMDs","Hand Count and Optical Scan",
"5000162575","Vermont","Town of Salisbury  (Addison County)","746","1","Assigned Polling Place","No","Hand marked paper ballots and BMDs","Hand Count and Optical Scan",
"5000165050","Vermont","Town of Shoreham  (Addison County)","817","1","Assigned Polling Place","No","Hand marked paper ballots and BMDs","Hand Count and Optical Scan",
"5000170075","Vermont","Town of Starksboro  (Addison County)","1187","1","Assigned Polling Place","No","Hand marked paper ballots and BMDs","Hand Count and Optical Scan",
"5000174650","Vermont","City of Vergennes  (Addison County)","1559","1","Assigned Polling Place","No","Hand marked paper ballots and BMDs","Hand Count and Optical Scan",
"5000176075","Vermont","Town of Waltham  (Addison County)","365","1","Assigned Polling Place","No","Hand marked paper ballots and BMDs","Hand Count and Optical Scan",
"5000183275","Vermont","Town of Weybridge  (Addison County)","663","1","Assigned Polling Place","No","Hand marked paper ballots and BMDs","Hand Count and Optical Scan",
"5000183800","Vermont","Town of Whiting  (Addison County)","259","1","Assigned Polling Place","No","Hand marked paper ballots and BMDs","Hand Count and Optical Scan",
"5000301450","Vermont","Town of Arlington  (Bennington County)","1704","1","Assigned Polling Place","No","Hand marked paper ballots and BMDs","Hand Count and Optical Scan",
"5000304825","Vermont","Town of Bennington  (Bennington County)","9389","2","Assigned Polling Place","No","Hand marked paper ballots and BMDs","Hand Count and Optical Scan",
"5000317725","Vermont","Town of Dorset  (Bennington County)","1585","1","Assigned Polling Place","No","Hand marked paper ballots and BMDs","Hand Count and Optical Scan",
"5000339025","Vermont","Town of Landgrove  (Bennington County)","131","1","Assigned Polling Place","No","Hand marked paper ballots and BMDs","Hand Count and Optical Scan",
"5000342850","Vermont","Town of Manchester  (Bennington County)","3325","1","Assigned Polling Place","No","Hand marked paper ballots and BMDs","Hand Count and Optical Scan",
"5000355000","Vermont","Town of Peru  (Bennington County)","302","1","Assigned Polling Place","No","Hand marked paper ballots and BMDs","Hand Count and Optical Scan",
"5000357025","Vermont","Town of Pownal  (Bennington County)","2583","1","Assigned Polling Place","No","Hand marked paper ballots and BMDs","Hand Count and Optical Scan",
"5000358600","Vermont","Town of Readsboro  (Bennington County)","528","1","Assigned Polling Place","No","Hand marked paper ballots and BMDs","Hand Count and Optical Scan",
"5000361000","Vermont","Town of Rupert  (Bennington County)","514","2","Assigned Polling Place","No","Hand marked paper ballots and BMDs","Hand Count and Optical Scan",
"5000362875","Vermont","Town of Sandgate  (Bennington County)","277","1","Assigned Polling Place","No","Hand marked paper ballots and BMDs","Hand Count and Optical Scan",
"5000363175","Vermont","Town of Searsburg  (Bennington County)","75","1","Assigned Polling Place","No","Hand marked paper ballots and BMDs","Hand Count and Optical Scan",
"5000363550","Vermont","Town of Shaftsbury  (Bennington County)","2687","1","Assigned Polling Place","No","Hand marked paper ballots and BMDs","Hand Count and Optical Scan",
"5000369775","Vermont","Town of Stamford  (Bennington County)","577","1","Assigned Polling Place","No","Hand marked paper ballots and BMDs","Hand Count and Optical Scan",
"5000371425","Vermont","Town of Sunderland  (Bennington County)","653","1","Assigned Polling Place","No","Hand marked paper ballots and BMDs","Hand Count and Optical Scan",
"5000385075","Vermont","Town of Winhall  (Bennington County)","687","1","Assigned Polling Place","No","Hand marked paper ballots and BMDs","Hand Count and Optical Scan",
"5000385675","Vermont","Town of Woodford  (Bennington County)","304","1","Assigned Polling Place","No","Hand marked paper ballots and BMDs","Hand Count and Optical Scan",
"5000502875","Vermont","Town of Barnet  (Caledonia County)","1183","1","Assigned Polling Place","No","Hand marked paper ballots and BMDs","Hand Count and Optical Scan",
"5000510450","Vermont","Town of Burke  (Caledonia County)","1049","1","Assigned Polling Place","No","Hand marked paper ballots and BMDs","Hand Count and Optical Scan",
"5000517125","Vermont","Town of Danville  (Caledonia County)","1732","1","Assigned Polling Place","No","Hand marked paper ballots and BMDs","Hand Count and Optical Scan",
"5000530550","Vermont","Town of Groton  (Caledonia County)","666","1","Assigned Polling Place","No","Hand marked paper ballots and BMDs","Hand Count and Optical Scan",
"5000531825","Vermont","Town of Hardwick (Caledonia County)","2170","1","Assigned Polling Place","No","Hand marked paper ballots and BMDs","Hand Count and Optical Scan",
"5000537900","Vermont","Town of Kirby  (Caledonia County)","321","1","Assigned Polling Place","No","Hand marked paper ballots and BMDs","Hand Count and Optical Scan",
"5000541725","Vermont","Town of Lyndon (Caledonia County)","3041","1","Assigned Polling Place","No","Hand marked paper ballots and BMDs","Hand Count and Optical Scan",
"5000547725","Vermont","Town of Newark  (Caledonia County)","374","1","Assigned Polling Place","No","Hand marked paper ballots and BMDs","Hand Count and Optical Scan",
"5000554400","Vermont","Town of Peacham  (Caledonia County)","587","1","Assigned Polling Place","No","Hand marked paper ballots and BMDs","Hand Count and Optical Scan",
"5000561525","Vermont","Town of Ryegate  (Caledonia County)","853","1","Assigned Polling Place","No","Hand marked paper ballots and BMDs","Hand Count and Optical Scan",
"5000562200","Vermont","Town of Saint Johnsbury  (Caledonia County)","4326","1","Assigned Polling Place","No","Hand marked paper ballots and BMDs","Hand Count and Optical Scan",
"5000564075","Vermont","Town of Sheffield  (Caledonia County)","496","1","Assigned Polling Place","No","Hand marked paper ballots and BMDs","Hand Count and Optical Scan",
"5000569925","Vermont","Town of Stannard  (Caledonia County)","131","1","Assigned Polling Place","No","Hand marked paper ballots and BMDs","Hand Count and Optical Scan",
"5000571575","Vermont","Town of Sutton  (Caledonia County)","621","1","Assigned Polling Place","No","Hand marked paper ballots and BMDs","Hand Count and Optical Scan",
"5000575700","Vermont","Town of Walden  (Caledonia County)","636","1","Assigned Polling Place","No","Hand marked paper ballots and BMDs","Hand Count and Optical Scan",
"5000577125","Vermont","Town of Waterford  (Caledonia County)","896","1","Assigned Polling Place","No","Hand marked paper ballots and BMDs","Hand Count and Optical Scan",
"5000583500","Vermont","Town of Wheelock  (Caledonia County)","494","1","Assigned Polling Place","No","Hand marked paper ballots and BMDs","Hand Count and Optical Scan",
"5000706550","Vermont","Town of Bolton  (Chittenden County)","916","1","Assigned Polling Place","No","Hand marked paper ballots and BMDs","Hand Count and Optical Scan",
"5000710675","Vermont","City of Burlington  (Chittenden County)","31103","6","Assigned Polling Place","No","Hand marked paper ballots and BMDs","Hand Count and Optical Scan",
"5000713300","Vermont","Town of Charlotte  (Chittenden County)","2795","1","Assigned Polling Place","No","Hand marked paper ballots and BMDs","Hand Count and Optical Scan",
"5000714875","Vermont","Town of Colchester  (Chittenden County)","11249","2","Assigned Polling Place","No","Hand marked paper ballots and BMDs","Hand Count and Optical Scan",
"5000724175","Vermont","Town of Essex  (Chittenden County)","15449","3","Assigned Polling Place","No","Hand marked paper ballots and BMDs","Hand Count and Optical Scan",
"5000733475","Vermont","Town of Hinesburg  (Chittenden County)","3280","2","Assigned Polling Place","No","Hand marked paper ballots and BMDs","Hand Count and Optical Scan",
"5000734600","Vermont","Town of Huntington  (Chittenden County)","1378","1","Assigned Polling Place","No","Hand marked paper ballots and BMDs","Hand Count and Optical Scan",
"5000736700","Vermont","Town of Jericho  (Chittenden County)","3638","1","Assigned Polling Place","No","Hand marked paper ballots and BMDs","Hand Count and Optical Scan",
"5000745250","Vermont","Town of Milton  (Chittenden County)","6432","2","Assigned Polling Place","No","Hand marked paper ballots and BMDs","Hand Count and Optical Scan",
"5000759275","Vermont","Town of Richmond  (Chittenden County)","3043","1","Assigned Polling Place","No","Hand marked paper ballots and BMDs","Hand Count and Optical Scan",
"5000762050","Vermont","Town of Saint George  (Chittenden County)","476","1","Assigned Polling Place","No","Hand marked paper ballots and BMDs","Hand Count and Optical Scan",
"5000764300","Vermont","Town of Shelburne  (Chittenden County)","4781","2","Assigned Polling Place","No","Hand marked paper ballots and BMDs","Hand Count and Optical Scan",
"5000766175","Vermont","City of South Burlington (Chittenden County)","11682","4","Assigned Polling Place","No","Hand marked paper ballots and BMDs","Hand Count and Optical Scan",
"5000773975","Vermont","Town of Underhill  (Chittenden County)","2268","1","Assigned Polling Place","No","Hand marked paper ballots and BMDs","Hand Count and Optical Scan",
"5000780350","Vermont","Town of Westford  (Chittenden County)","1360","1","Assigned Polling Place","No","Hand marked paper ballots and BMDs","Hand Count and Optical Scan",
"5000784475","Vermont","Town of Williston  (Chittenden County)","7368","1","Assigned Polling Place","No","Hand marked paper ballots and BMDs","Hand Count and Optical Scan",
"5000785150","Vermont","City of Winooski  (Chittenden County)","4198","1","Assigned Polling Place","No","Hand marked paper ballots and BMDs","Hand Count and Optical Scan",
"5000906325","Vermont","Town of Bloomfield  (Essex County)","154","1","Assigned Polling Place","No","Hand marked paper ballots and BMDs","Hand Count and Optical Scan",
"5000908725","Vermont","Town of Brighton  (Essex County)","841","1","Assigned Polling Place","No","Hand marked paper ballots and BMDs","Hand Count and Optical Scan",
"5000910075","Vermont","Town of Brunswick  (Essex County)","77","1","Assigned Polling Place","No","Hand marked paper ballots and BMDs","Hand Count and Optical Scan",
"5000911800","Vermont","Town of Canaan  (Essex County)","631","1","Assigned Polling Place","No","Hand marked paper ballots and BMDs","Hand Count and Optical Scan",
"5000915250","Vermont","Town of Concord  (Essex County)","770","1","Assigned Polling Place","No","Hand marked paper ballots and BMDs","Hand Count and Optical Scan",
"5000921250","Vermont","Town of East Haven  (Essex County)","204","1","Assigned Polling Place","No","Hand marked paper ballots and BMDs","Hand Count and Optical Scan",
"5000929125","Vermont","Town of Granby  (Essex County)","65","1","Assigned Polling Place","No","Hand marked paper ballots and BMDs","Hand Count and Optical Scan",
"5000930775","Vermont","Town of Guildhall  (Essex County)","199","1","Assigned Polling Place","No","Hand marked paper ballots and BMDs","Hand Count and Optical Scan",
"5000939700","Vermont","Town of Lemington  (Essex County)","75","1","Assigned Polling Place","No","Hand marked paper ballots and BMDs","Hand Count and Optical Scan",
"5000941425","Vermont","Town of Lunenburg  (Essex County)","622","1","Assigned Polling Place","No","Hand marked paper ballots and BMDs","Hand Count and Optical Scan",
"5000942475","Vermont","Town of Maidstone  (Essex County)","137","1","Assigned Polling Place","No","Hand marked paper ballots and BMDs","Hand Count and Optical Scan",
"5000952750","Vermont","Town of Norton  (Essex County)","126","1","Assigned Polling Place","No","Hand marked paper ballots and BMDs","Hand Count and Optical Scan",
"5000975175","Vermont","Town of Victory  (Essex County)","59","1","Assigned Polling Place","No","Hand marked paper ballots and BMDs","Hand Count and Optical Scan",
"5001102500","Vermont","Town of Bakersfield  (Franklin County)","891","1","Assigned Polling Place","No","Hand marked paper ballots and BMDs","Hand Count and Optical Scan",
"5001105425","Vermont","Town of Berkshire  (Franklin County)","985","1","Assigned Polling Place","No","Hand marked paper ballots and BMDs","Hand Count and Optical Scan",
"5001123875","Vermont","Town of Enosburgh  (Franklin County)","1807","1","Assigned Polling Place","No","Hand marked paper ballots and BMDs","Hand Count and Optical Scan",
"5001124925","Vermont","Town of Fairfax  (Franklin County)","3014","1","Assigned Polling Place","No","Hand marked paper ballots and BMDs","Hand Count and Optical Scan",
"5001125225","Vermont","Town of Fairfield  (Franklin County)","1261","1","Assigned Polling Place","No","Hand marked paper ballots and BMDs","Hand Count and Optical Scan",
"5001126500","Vermont","Town of Fletcher  (Franklin County)","831","1","Assigned Polling Place","No","Hand marked paper ballots and BMDs","Hand Count and Optical Scan",
"5001127100","Vermont","Town of Franklin  (Franklin County)","835","1","Assigned Polling Place","No","Hand marked paper ballots and BMDs","Hand Count and Optical Scan",
"5001127700","Vermont","Town of Georgia  (Franklin County)","2874","1","Assigned Polling Place","No","Hand marked paper ballots and BMDs","Hand Count and Optical Scan",
"5001133025","Vermont","Town of Highgate  (Franklin County)","1964","1","Assigned Polling Place","No","Hand marked paper ballots and BMDs","Hand Count and Optical Scan",
"5001145850","Vermont","Town of Montgomery  (Franklin County)","804","1","Assigned Polling Place","No","Hand marked paper ballots and BMDs","Hand Count and Optical Scan",
"5001159125","Vermont","Town of Richford  (Franklin County)","1474","1","Assigned Polling Place","No","Hand marked paper ballots and BMDs","Hand Count and Optical Scan",
"5001161675","Vermont","City of Saint Albans (Franklin County)","3943","1","Assigned Polling Place","No","Hand marked paper ballots and BMDs","Hand Count and Optical Scan",
"5001161750","Vermont","Town of Saint Albans (Franklin County)","3960","1","Assigned Polling Place","No","Hand marked paper ballots and BMDs","Hand Count and Optical Scan",
"5001164600","Vermont","Town of Sheldon  (Franklin County)","1339","1","Assigned Polling Place","No","Hand marked paper ballots and BMDs","Hand Count and Optical Scan",
"5001171725","Vermont","Town of Swanton  (Franklin County)","3699","1","Assigned Polling Place","No","Hand marked paper ballots and BMDs","Hand Count and Optical Scan",
"5001300700","Vermont","Town of Alburgh (Grand Isle County)","1369","1","Assigned Polling Place","No","Hand marked paper ballots and BMDs","Hand Count and Optical Scan",
"5001329275","Vermont","Town of Grand Isle  (Grand Isle County)","1552","1","Assigned Polling Place","No","Hand marked paper ballots and BMDs","Hand Count and Optical Scan",
"5001335875","Vermont","Town of Isle La Motte  (Grand Isle County)","405","1","Assigned Polling Place","No","Hand marked paper ballots and BMDs","Hand Count and Optical Scan",
"5001350650","Vermont","Town of North Hero  (Grand Isle County)","784","1","Assigned Polling Place","No","Hand marked paper ballots and BMDs","Hand Count and Optical Scan",
"5001367000","Vermont","Town of South Hero  (Grand Isle County)","1341","1","Assigned Polling Place","No","Hand marked paper ballots and BMDs","Hand Count and Optical Scan",
"5001504375","Vermont","Town of Belvidere  (Lamoille County)","212","1","Assigned Polling Place","No","Hand marked paper ballots and BMDs","Hand Count and Optical Scan",
"5001511500","Vermont","Town of Cambridge  (Lamoille County)","2444","1","Assigned Polling Place","No","Hand marked paper ballots and BMDs","Hand Count and Optical Scan",
"5001523500","Vermont","Town of Eden  (Lamoille County)","813","1","Assigned Polling Place","No","Hand marked paper ballots and BMDs","Hand Count and Optical Scan",
"5001523725","Vermont","Town of Elmore  (Lamoille County)","616","1","Assigned Polling Place","No","Hand marked paper ballots and BMDs","Hand Count and Optical Scan",
"5001535050","Vermont","Town of Hyde Park  (Lamoille County)","1816","1","Assigned Polling Place","No","Hand marked paper ballots and BMDs","Hand Count and Optical Scan",
"5001537075","Vermont","Town of Johnson  (Lamoille County)","1953","1","Assigned Polling Place","No","Hand marked paper ballots and BMDs","Hand Count and Optical Scan",
"5001546675","Vermont","Town of Morristown  (Lamoille County)","3504","1","Assigned Polling Place","No","Hand marked paper ballots and BMDs","Hand Count and Optical Scan",
"5001570525","Vermont","Town of Stowe  (Lamoille County)","3443","1","Assigned Polling Place","No","Hand marked paper ballots and BMDs","Hand Count and Optical Scan",
"5001577425","Vermont","Town of Waterville  (Lamoille County)","543","1","Assigned Polling Place","No","Hand marked paper ballots and BMDs","Hand Count and Optical Scan",
"5001585375","Vermont","Town of Wolcott  (Lamoille County)","983","1","Assigned Polling Place","No","Hand marked paper ballots and BMDs","Hand Count and Optical Scan",
"5001707375","Vermont","Town of Bradford  (Orange County)","1760","1","Assigned Polling Place","No","Hand marked paper ballots and BMDs","Hand Count and Optical Scan",
"5001707600","Vermont","Town of Braintree  (Orange County)","854","1","Assigned Polling Place","No","Hand marked paper ballots and BMDs","Hand Count and Optical Scan",
"5001709325","Vermont","Town of Brookfield  (Orange County)","1084","1","Assigned Polling Place","No","Hand marked paper ballots and BMDs","Hand Count and Optical Scan",
"5001713525","Vermont","Town of Chelsea  (Orange County)","890","1","Assigned Polling Place","No","Hand marked paper ballots and BMDs","Hand Count and Optical Scan",
"5001715700","Vermont","Town of Corinth  (Orange County)","915","1","Assigned Polling Place","No","Hand marked paper ballots and BMDs","Hand Count and Optical Scan",
"5001725675","Vermont","Town of Fairlee  (Orange County)","706","1","Assigned Polling Place","No","Hand marked paper ballots and BMDs","Hand Count and Optical Scan",
"5001748175","Vermont","Town of Newbury  (Orange County)","1479","1","Assigned Polling Place","No","Hand marked paper ballots and BMDs","Hand Count and Optical Scan",
"5001753425","Vermont","Town of Orange  (Orange County)","734","1","Assigned Polling Place","No","Hand marked paper ballots and BMDs","Hand Count and Optical Scan",
"5001758075","Vermont","Town of Randolph  (Orange County)","2903","1","Assigned Polling Place","No","Hand marked paper ballots and BMDs","Hand Count and Optical Scan",
"5001770675","Vermont","Town of Strafford  (Orange County)","856","1","Assigned Polling Place","No","Hand marked paper ballots and BMDs","Hand Count and Optical Scan",
"5001772400","Vermont","Town of Thetford  (Orange County)","2020","1","Assigned Polling Place","No","Hand marked paper ballots and BMDs","Hand Count and Optical Scan",
"5001773075","Vermont","Town of Topsham  (Orange County)","786","1","Assigned Polling Place","No","Hand marked paper ballots and BMDs","Hand Count and Optical Scan",
"5001773675","Vermont","Town of Tunbridge  (Orange County)","990","1","Assigned Polling Place","No","Hand marked paper ballots and BMDs","Hand Count and Optical Scan",
"5001774950","Vermont","Town of Vershire  (Orange County)","472","1","Assigned Polling Place","No","Hand marked paper ballots and BMDs","Hand Count and Optical Scan",
"5001776750","Vermont","Town of Washington  (Orange County)","750","1","Assigned Polling Place","No","Hand marked paper ballots and BMDs","Hand Count and Optical Scan",
"5001779975","Vermont","Town of West Fairlee  (Orange County)","465","1","Assigned Polling Place","No","Hand marked paper ballots and BMDs","Hand Count and Optical Scan",
"5001784175","Vermont","Town of Williamstown  (Orange County)","2035","1","Assigned Polling Place","No","Hand marked paper ballots and BMDs","Hand Count and Optical Scan",
"5001900475","Vermont","Town of Albany  (Orleans County)","635","1","Assigned Polling Place","No","Hand marked paper ballots and BMDs","Hand Count and Optical Scan",
"5001903550","Vermont","Town of Barton  (Orleans County)","1732","1","Assigned Polling Place","No","Hand marked paper ballots and BMDs","Hand Count and Optical Scan",
"5001909850","Vermont","Town of Brownington  (Orleans County)","604","1","Assigned Polling Place","No","Hand marked paper ballots and BMDs","Hand Count and Optical Scan",
"5001913150","Vermont","Town of Charleston  (Orleans County)","669","1","Assigned Polling Place","No","Hand marked paper ballots and BMDs","Hand Count and Optical Scan",
"5001916150","Vermont","Town of Coventry  (Orleans County)","664","1","Assigned Polling Place","No","Hand marked paper ballots and BMDs","Hand Count and Optical Scan",
"5001916300","Vermont","Town of Craftsbury  (Orleans County)","860","1","Assigned Polling Place","No","Hand marked paper ballots and BMDs","Hand Count and Optical Scan",
"5001917350","Vermont","Town of Derby  (Orleans County)","3065","1","Assigned Polling Place","No","Hand marked paper ballots and BMDs","Hand Count and Optical Scan",
"5001928075","Vermont","Town of Glover  (Orleans County)","772","1","Assigned Polling Place","No","Hand marked paper ballots and BMDs","Hand Count and Optical Scan",
"5001930175","Vermont","Town of Greensboro  (Orleans County)","560","1","Assigned Polling Place","No","Hand marked paper ballots and BMDs","Hand Count and Optical Scan",
"5001933775","Vermont","Town of Holland  (Orleans County)","424","1","Assigned Polling Place","No","Hand marked paper ballots and BMDs","Hand Count and Optical Scan",
"5001935575","Vermont","Town of Irasburg  (Orleans County)","791","1","Assigned Polling Place","No","Hand marked paper ballots and BMDs","Hand Count and Optical Scan",
"5001936325","Vermont","Town of Jay  (Orleans County)","283","1","Assigned Polling Place","No","Hand marked paper ballots and BMDs","Hand Count and Optical Scan",
"5001940525","Vermont","Town of Lowell  (Orleans County)","501","1","Assigned Polling Place","No","Hand marked paper ballots and BMDs","Hand Count and Optical Scan",
"5001946450","Vermont","Town of Morgan  (Orleans County)","385","1","Assigned Polling Place","No","Hand marked paper ballots and BMDs","Hand Count and Optical Scan",
"5001948850","Vermont","City of Newport (Orleans County)","3053","1","Assigned Polling Place","No","Hand marked paper ballots and BMDs","Hand Count and Optical Scan",
"5001948925","Vermont","Town of Newport (Orleans County)","1167","1","Assigned Polling Place","No","Hand marked paper ballots and BMDs","Hand Count and Optical Scan",
"5001973525","Vermont","Town of Troy  (Orleans County)","954","1","Assigned Polling Place","No","Hand marked paper ballots and BMDs","Hand Count and Optical Scan",
"5001980200","Vermont","Town of Westfield  (Orleans County)","366","1","Assigned Polling Place","No","Hand marked paper ballots and BMDs","Hand Count and Optical Scan",
"5001981700","Vermont","Town of Westmore  (Orleans County)","291","1","Assigned Polling Place","No","Hand marked paper ballots and BMDs","Hand Count and Optical Scan",
"5002105200","Vermont","Town of Benson  (Rutland County)","746","1","Assigned Polling Place","No","Hand marked paper ballots and BMDs","Hand Count and Optical Scan",
"5002107750","Vermont","Town of Brandon  (Rutland County)","2776","1","Assigned Polling Place","No","Hand marked paper ballots and BMDs","Hand Count and Optical Scan",
"5002111950","Vermont","Town of Castleton  (Rutland County)","2785","1","Assigned Polling Place","No","Hand marked paper ballots and BMDs","Hand Count and Optical Scan",
"5002114350","Vermont","Town of Chittenden  (Rutland County)","891","1","Assigned Polling Place","No","Hand marked paper ballots and BMDs","Hand Count and Optical Scan",
"5002114500","Vermont","Town of Clarendon  (Rutland County)","1834","1","Assigned Polling Place","No","Hand marked paper ballots and BMDs","Hand Count and Optical Scan",
"5002116825","Vermont","Town of Danby  (Rutland County)","941","1","Assigned Polling Place","No","Hand marked paper ballots and BMDs","Hand Count and Optical Scan",
"5002125375","Vermont","Town of Fair Haven  (Rutland County)","1829","1","Assigned Polling Place","No","Hand marked paper ballots and BMDs","Hand Count and Optical Scan",
"5002134450","Vermont","Town of Hubbardton  (Rutland County)","467","1","Assigned Polling Place","No","Hand marked paper ballots and BMDs","Hand Count and Optical Scan",
"5002135425","Vermont","Town of Ira  (Rutland County)","295","2","Assigned Polling Place","No","Hand marked paper ballots and BMDs","Hand Count and Optical Scan",
"5002137685","Vermont","Town of Killington  (Rutland County)","797","1","Assigned Polling Place","No","Hand marked paper ballots and BMDs","Hand Count and Optical Scan",
"5002144125","Vermont","Town of Mendon  (Rutland County)","878","1","Assigned Polling Place","No","Hand marked paper ballots and BMDs","Hand Count and Optical Scan",
"5002144800","Vermont","Town of Middletown Springs  (Rutland County)","618","1","Assigned Polling Place","No","Hand marked paper ballots and BMDs","Hand Count and Optical Scan",
"5002147200","Vermont","Town of Mount Holly (Rutland County)","950","1","Assigned Polling Place","No","Hand marked paper ballots and BMDs","Hand Count and Optical Scan",
"5002147425","Vermont","Town of Mount Tabor (Rutland County)","137","1","Assigned Polling Place","No","Hand marked paper ballots and BMDs","Hand Count and Optical Scan",
"5002154250","Vermont","Town of Pawlet  (Rutland County)","987","1","Assigned Polling Place","No","Hand marked paper ballots and BMDs","Hand Count and Optical Scan",
"5002155450","Vermont","Town of Pittsfield  (Rutland County)","345","1","Assigned Polling Place","No","Hand marked paper ballots and BMDs","Hand Count and Optical Scan",
"5002155600","Vermont","Town of Pittsford  (Rutland County)","2026","1","Assigned Polling Place","No","Hand marked paper ballots and BMDs","Hand Count and Optical Scan",
"5002156875","Vermont","Town of Poultney  (Rutland County)","2189","1","Assigned Polling Place","No","Hand marked paper ballots and BMDs","Hand Count and Optical Scan",
"5002157250","Vermont","Town of Proctor  (Rutland County)","1241","1","Assigned Polling Place","No","Hand marked paper ballots and BMDs","Hand Count and Optical Scan",
"5002161225","Vermont","City of Rutland (Rutland County)","11101","4","Assigned Polling Place","No","Hand marked paper ballots and BMDs","Hand Count and Optical Scan",
"5002161300","Vermont","Town of Rutland (Rutland County)","3229","1","Assigned Polling Place","No","Hand marked paper ballots and BMDs","Hand Count and Optical Scan",
"5002165275","Vermont","Town of Shrewsbury  (Rutland County)","845","1","Assigned Polling Place","No","Hand marked paper ballots and BMDs","Hand Count and Optical Scan",
"5002171050","Vermont","Town of Sudbury  (Rutland County)","406","1","Assigned Polling Place","No","Hand marked paper ballots and BMDs","Hand Count and Optical Scan",
"5002172925","Vermont","Town of Tinmouth  (Rutland County)","436","1","Assigned Polling Place","No","Hand marked paper ballots and BMDs","Hand Count and Optical Scan",
"5002175925","Vermont","Town of Wallingford  (Rutland County)","1601","1","Assigned Polling Place","No","Hand marked paper ballots and BMDs","Hand Count and Optical Scan",
"5002177950","Vermont","Town of Wells  (Rutland County)","793","1","Assigned Polling Place","No","Hand marked paper ballots and BMDs","Hand Count and Optical Scan",
"5002180875","Vermont","Town of West Haven  (Rutland County)","195","1","Assigned Polling Place","No","Hand marked paper ballots and BMDs","Hand Count and Optical Scan",
"5002182300","Vermont","Town of West Rutland  (Rutland County)","1581","1","Assigned Polling Place","No","Hand marked paper ballots and BMDs","Hand Count and Optical Scan",
"5002303175","Vermont","City of Barre (Washington County)","6411","3","Assigned Polling Place","No","Hand marked paper ballots and BMDs","Hand Count and Optical Scan",
"5002303250","Vermont","Town of Barre (Washington County)","5744","1","Assigned Polling Place","No","Hand marked paper ballots and BMDs","Hand Count and Optical Scan",
"5002305650","Vermont","Town of Berlin  (Washington County)","1806","1","Assigned Polling Place","No","Hand marked paper ballots and BMDs","Hand Count and Optical Scan",
"5002311125","Vermont","Town of Cabot  (Washington County)","962","1","Assigned Polling Place","No","Hand marked paper ballots and BMDs","Hand Count and Optical Scan",
"5002311350","Vermont","Town of Calais  (Washington County)","1264","1","Assigned Polling Place","No","Hand marked paper ballots and BMDs","Hand Count and Optical Scan",
"5002318550","Vermont","Town of Duxbury  (Washington County)","976","1","Assigned Polling Place","No","Hand marked paper ballots and BMDs","Hand Count and Optical Scan",
"5002321925","Vermont","Town of East Montpelier  (Washington County)","1979","1","Assigned Polling Place","No","Hand marked paper ballots and BMDs","Hand Count and Optical Scan",
"5002325825","Vermont","Town of Fayston  (Washington County)","1060","1","Assigned Polling Place","No","Hand marked paper ballots and BMDs","Hand Count and Optical Scan",
"5002343600","Vermont","Town of Marshfield  (Washington County)","1100","1","Assigned Polling Place","No","Hand marked paper ballots and BMDs","Hand Count and Optical Scan",
"5002344500","Vermont","Town of Middlesex  (Washington County)","1340","1","Assigned Polling Place","No","Hand marked paper ballots and BMDs","Hand Count and Optical Scan",
"5002346000","Vermont","City of Montpelier  (Washington County)","6073","1","Assigned Polling Place","No","Hand marked paper ballots and BMDs","Hand Count and Optical Scan",
"5002346225","Vermont","Town of Moretown  (Washington County)","1372","1","Assigned Polling Place","No","Hand marked paper ballots and BMDs","Hand Count and Optical Scan",
"5002350275","Vermont","Town of Northfield  (Washington County)","3155","1","Assigned Polling Place","No","Hand marked paper ballots and BMDs","Hand Count and Optical Scan",
"5002355825","Vermont","Town of Plainfield  (Washington County)","937","1","Assigned Polling Place","No","Hand marked paper ballots and BMDs","Hand Count and Optical Scan",
"5002360625","Vermont","Town of Roxbury  (Washington County)","467","1","Assigned Polling Place","No","Hand marked paper ballots and BMDs","Hand Count and Optical Scan",
"5002375325","Vermont","Town of Waitsfield  (Washington County)","1356","1","Assigned Polling Place","No","Hand marked paper ballots and BMDs","Hand Count and Optical Scan",
"5002376525","Vermont","Town of Warren  (Washington County)","1402","1","Assigned Polling Place","No","Hand marked paper ballots and BMDs","Hand Count and Optical Scan",
"5002376975","Vermont","Town of Waterbury  (Washington County)","3571","1","Assigned Polling Place","No","Hand marked paper ballots and BMDs","Hand Count and Optical Scan",
"5002385525","Vermont","Town of Woodbury  (Washington County)","669","1","Assigned Polling Place","No","Hand marked paper ballots and BMDs","Hand Count and Optical Scan",
"5002386125","Vermont","Town of Worcester  (Washington County)","691","1","Assigned Polling Place","No","Hand marked paper ballots and BMDs","Hand Count and Optical Scan",
"5002501900","Vermont","Town of Athens  (Windham County)","188","1","Assigned Polling Place","No","Hand marked paper ballots and BMDs","Hand Count and Optical Scan",
"5002507900","Vermont","Town of Brattleboro  (Windham County)","8087","3","Assigned Polling Place","No","Hand marked paper ballots and BMDs","Hand Count and Optical Scan",
"5002509475","Vermont","Town of Brookline  (Windham County)","354","1","Assigned Polling Place","No","Hand marked paper ballots and BMDs","Hand Count and Optical Scan",
"5002517875","Vermont","Town of Dover  (Windham County)","937","1","Assigned Polling Place","No","Hand marked paper ballots and BMDs","Hand Count and Optical Scan",
"5002518325","Vermont","Town of Dummerston  (Windham County)","1498","1","Assigned Polling Place","No","Hand marked paper ballots and BMDs","Hand Count and Optical Scan",
"5002528900","Vermont","Town of Grafton  (Windham County)","465","1","Assigned Polling Place","No","Hand marked paper ballots and BMDs","Hand Count and Optical Scan",
"5002530925","Vermont","Town of Guilford  (Windham County)","1533","1","Assigned Polling Place","No","Hand marked paper ballots and BMDs","Hand Count and Optical Scan",
"5002531150","Vermont","Town of Halifax  (Windham County)","516","1","Assigned Polling Place","No","Hand marked paper ballots and BMDs","Hand Count and Optical Scan",
"5002536175","Vermont","Town of Jamaica  (Windham County)","646","1","Assigned Polling Place","No","Hand marked paper ballots and BMDs","Hand Count and Optical Scan",
"5002540225","Vermont","Town of Londonderry (Windham County)","1308","1","Assigned Polling Place","No","Hand marked paper ballots and BMDs","Hand Count and Optical Scan",
"5002543375","Vermont","Town of Marlboro  (Windham County)","685","1","Assigned Polling Place","No","Hand marked paper ballots and BMDs","Hand Count and Optical Scan",
"5002548400","Vermont","Town of Newfane  (Windham County)","1441","1","Assigned Polling Place","No","Hand marked paper ballots and BMDs","Hand Count and Optical Scan",
"5002557700","Vermont","Town of Putney  (Windham County)","1524","1","Assigned Polling Place","No","Hand marked paper ballots and BMDs","Hand Count and Optical Scan",
"5002560250","Vermont","Town of Rockingham  (Windham County)","3307","1","Assigned Polling Place","No","Hand marked paper ballots and BMDs","Hand Count and Optical Scan",
"5002570750","Vermont","Town of Stratton  (Windham County)","178","1","Assigned Polling Place","No","Hand marked paper ballots and BMDs","Hand Count and Optical Scan",
"5002573300","Vermont","Town of Townshend  (Windham County)","915","1","Assigned Polling Place","No","Hand marked paper ballots and BMDs","Hand Count and Optical Scan",
"5002574800","Vermont","Town of Vernon  (Windham County)","1512","1","Assigned Polling Place","No","Hand marked paper ballots and BMDs","Hand Count and Optical Scan",
"5002576225","Vermont","Town of Wardsboro  (Windham County)","522","1","Assigned Polling Place","No","Hand marked paper ballots and BMDs","Hand Count and Optical Scan",
"5002581400","Vermont","Town of Westminster  (Windham County)","2242","2","Assigned Polling Place","No","Hand marked paper ballots and BMDs","Hand Count and Optical Scan",
"5002583950","Vermont","Town of Whitingham  (Windham County)","859","1","Assigned Polling Place","No","Hand marked paper ballots and BMDs","Hand Count and Optical Scan",
"5002584700","Vermont","Town of Wilmington  (Windham County)","1495","1","Assigned Polling Place","No","Hand marked paper ballots and BMDs","Hand Count and Optical Scan",
"5002584850","Vermont","Town of Windham  (Windham County)","317","1","Assigned Polling Place","No","Hand marked paper ballots and BMDs","Hand Count and Optical Scan",
"5002701300","Vermont","Town of Andover  (Windsor County)","351","1","Assigned Polling Place","No","Hand marked paper ballots and BMDs","Hand Count and Optical Scan",
"5002702575","Vermont","Town of Baltimore  (Windsor County)","173","1","Assigned Polling Place","No","Hand marked paper ballots and BMDs","Hand Count and Optical Scan",
"5002702725","Vermont","Town of Barnard  (Windsor County)","655","1","Assigned Polling Place","No","Hand marked paper ballots and BMDs","Hand Count and Optical Scan",
"5002705800","Vermont","Town of Bethel  (Windsor County)","1326","1","Assigned Polling Place","No","Hand marked paper ballots and BMDs","Hand Count and Optical Scan",
"5002708275","Vermont","Town of Bridgewater  (Windsor County)","661","1","Assigned Polling Place","No","Hand marked paper ballots and BMDs","Hand Count and Optical Scan",
"5002712250","Vermont","Town of Cavendish  (Windsor County)","996","1","Assigned Polling Place","No","Hand marked paper ballots and BMDs","Hand Count and Optical Scan",
"5002713675","Vermont","Town of Chester  (Windsor County)","2139","1","Assigned Polling Place","No","Hand marked paper ballots and BMDs","Hand Count and Optical Scan",
"5002732275","Vermont","Town of Hartford  (Windsor County)","7738","2","Assigned Polling Place","No","Hand marked paper ballots and BMDs","Hand Count and Optical Scan",
"5002732425","Vermont","Town of Hartland  (Windsor County)","2348","1","Assigned Polling Place","No","Hand marked paper ballots and BMDs","Hand Count and Optical Scan",
"5002741275","Vermont","Town of Ludlow  (Windsor County)","1605","1","Assigned Polling Place","No","Hand marked paper ballots and BMDs","Hand Count and Optical Scan",
"5002752900","Vermont","Town of Norwich  (Windsor County)","2778","1","Assigned Polling Place","No","Hand marked paper ballots and BMDs","Hand Count and Optical Scan",
"5002756050","Vermont","Town of Plymouth  (Windsor County)","516","1","Assigned Polling Place","No","Hand marked paper ballots and BMDs","Hand Count and Optical Scan",
"5002756350","Vermont","Town of Pomfret  (Windsor County)","737","1","Assigned Polling Place","No","Hand marked paper ballots and BMDs","Hand Count and Optical Scan",
"5002758375","Vermont","Town of Reading  (Windsor County)","496","1","Assigned Polling Place","No","Hand marked paper ballots and BMDs","Hand Count and Optical Scan",
"5002760100","Vermont","Town of Rochester  (Windsor County)","867","1","Assigned Polling Place","No","Hand marked paper ballots and BMDs","Hand Count and Optical Scan",
"5002760850","Vermont","Town of Royalton  (Windsor County)","1850","1","Assigned Polling Place","No","Hand marked paper ballots and BMDs","Hand Count and Optical Scan",
"5002763775","Vermont","Town of Sharon  (Windsor County)","1007","1","Assigned Polling Place","No","Hand marked paper ballots and BMDs","Hand Count and Optical Scan",
"5002769550","Vermont","Town of Springfield  (Windsor County)","5962","2","Assigned Polling Place","No","Hand marked paper ballots and BMDs","Hand Count and Optical Scan",
"5002770375","Vermont","Town of Stockbridge  (Windsor County)","508","1","Assigned Polling Place","No","Hand marked paper ballots and BMDs","Hand Count and Optical Scan",
"5002777500","Vermont","Town of Weathersfield  (Windsor County)","2239","1","Assigned Polling Place","No","Hand marked paper ballots and BMDs","Hand Count and Optical Scan",
"5002783050","Vermont","Town of West Windsor  (Windsor County)","791","1","Assigned Polling Place","No","Hand marked paper ballots and BMDs","Hand Count and Optical Scan",
"5002782000","Vermont","Town of Weston  (Windsor County)","502","1","Assigned Polling Place","No","Hand marked paper ballots and BMDs","Hand Count and Optical Scan",
"5002784925","Vermont","Town of Windsor  (Windsor County)","3094","1","Assigned Polling Place","No","Hand marked paper ballots and BMDs","Hand Count and Optical Scan",
"5002785975","Vermont","Town of Woodstock  (Windsor County)","2501","1","Assigned Polling Place","No","Hand marked paper ballots and BMDs","Hand Count and Optical Scan",
"5100100000","Virginia","Accomack County","22047","21","Assigned Polling Place","No","DREs without VVPAT for all voters","DRE",
"5100300000","Virginia","Albemarle County","65705","28","Assigned Polling Place","No","DREs without VVPAT for all voters","DRE",
"5151000000","Virginia","City of Alexandria","93172","26","Assigned Polling Place","No","DREs without VVPAT for all voters","DRE",
"5100500000","Virginia","Alleghany County","10402","12","Assigned Polling Place","No","DREs without VVPAT for all voters","DRE",
"5100700000","Virginia","Amelia County","8187","5","Assigned Polling Place","No","DREs without VVPAT for all voters","DRE",
"5100900000","Virginia","Amherst County","19039","11","Assigned Polling Place","No","DREs without VVPAT for all voters","DRE",
"5101100000","Virginia","Appomattox County","10049","9","Assigned Polling Place","No","DREs without VVPAT for all voters","DRE",
"5101300000","Virginia","Arlington County","143082","51","Assigned Polling Place","No","DREs without VVPAT for all voters","DRE",
"5101500000","Virginia","Augusta County","42474","25","Assigned Polling Place","No","DREs without VVPAT for all voters","DRE",
"5101700000","Virginia","Bath County","3350","7","Assigned Polling Place","No","DREs without VVPAT for all voters","DRE",
"5151500000","Virginia","City of Bedford","3757","2","Assigned Polling Place","No","DREs without VVPAT for all voters","DRE",
"5101900000","Virginia","Bedford County","45627","29","Assigned Polling Place","No","DREs without VVPAT for all voters","DRE",
"5102100000","Virginia","Bland County","4498","7","Assigned Polling Place","No","DREs without VVPAT for all voters","DRE",
"5102300000","Virginia","Botetourt County","22507","16","Assigned Polling Place","No","DREs without VVPAT for all voters","DRE",
"5152000000","Virginia","City of Bristol","11537","4","Assigned Polling Place","No","Hand marked paper ballots and DREs without VVPAT","Optical Scan and DRE",
"5102500000","Virginia","Brunswick County","10956","13","Assigned Polling Place","No","DREs without VVPAT for all voters","DRE",
"5102700000","Virginia","Buchanan County","16399","17","Assigned Polling Place","No","DREs without VVPAT for all voters","DRE",
"5102900000","Virginia","Buckingham County","9693","9","Assigned Polling Place","No","DREs without VVPAT for all voters","DRE",
"5153000000","Virginia","City of Buena Vista","3734","2","Assigned Polling Place","No","DREs without VVPAT for all voters","DRE",
"5103100000","Virginia","Campbell County","33947","17","Assigned Polling Place","No","DREs without VVPAT for all voters","DRE",
"5103300000","Virginia","Caroline County","17216","8","Assigned Polling Place","No","DREs without VVPAT for all voters","DRE",
"5103500000","Virginia","Carroll County","18003","18","Assigned Polling Place","No","DREs without VVPAT for all voters","DRE",
"5103600000","Virginia","Charles City County","5263","3","Assigned Polling Place","No","DREs without VVPAT for all voters","DRE",
"5103700000","Virginia","Charlotte County","8369","10","Assigned Polling Place","No","DREs without VVPAT for all voters","DRE",
"5154000000","Virginia","City of Charlottesville","27564","8","Assigned Polling Place","No","Hand marked paper ballots and DREs without VVPAT","Optical Scan and DRE",
"5155000000","Virginia","City of Chesapeake","141471","53","Assigned Polling Place","No","DREs without VVPAT for all voters","DRE",
"5104100000","Virginia","Chesterfield County","204063","67","Assigned Polling Place","No","Hand marked paper ballots and BMDs","Optical Scan",
"5104300000","Virginia","Clarke County","9262","7","Assigned Polling Place","No","DREs without VVPAT for all voters","DRE",
"5157000000","Virginia","City of Colonial Heights","11929","5","Assigned Polling Place","No","DREs without VVPAT for all voters","DRE",
"5158000000","Virginia","City of Covington","3656","5","Assigned Polling Place","No","DREs without VVPAT for all voters","DRE",
"5104500000","Virginia","Craig County","3717","11","Assigned Polling Place","No","DREs without VVPAT for all voters","DRE",
"5104700000","Virginia","Culpeper County","26818","13","Assigned Polling Place","No","DREs without VVPAT for all voters","DRE",
"5104900000","Virginia","Cumberland County","6540","5","Assigned Polling Place","No","DREs without VVPAT for all voters","DRE",
"5159000000","Virginia","City of Danville","28656","17","Assigned Polling Place","No","DREs without VVPAT for all voters","DRE",
"5105100000","Virginia","Dickenson County","11441","13","Assigned Polling Place","No","DREs without VVPAT for all voters","DRE",
"5105300000","Virginia","Dinwiddie County","17392","13","Assigned Polling Place","No","DREs without VVPAT for all voters","DRE",
"5159500000","Virginia","City of Emporia","3637","7","Assigned Polling Place","No","DREs without VVPAT for all voters","DRE",
"5105700000","Virginia","Essex County","6925","4","Assigned Polling Place","No","DREs without VVPAT for all voters","DRE",
"5160000000","Virginia","City of Fairfax","15043","6","Assigned Polling Place","No","DREs without VVPAT for all voters","DRE",
"5105900000","Virginia","Fairfax County","665704","228","Assigned Polling Place","No","Hand marked paper ballots and DREs without VVPAT","Optical Scan and DRE",
"5161000000","Virginia","City of Falls Church","8236","5","Assigned Polling Place","No","DREs without VVPAT for all voters","DRE",
"5106100000","Virginia","Fauquier County","43123","18","Assigned Polling Place","No","Hand marked paper ballots and DREs without VVPAT","Optical Scan and DRE",
"5106300000","Virginia","Floyd County","9971","5","Assigned Polling Place","No","DREs without VVPAT for all voters","DRE",
"5106500000","Virginia","Fluvanna County","16419","6","Assigned Polling Place","No","DREs without VVPAT for all voters","DRE",
"5162000000","Virginia","City of Franklin","5885","6","Assigned Polling Place","No","DREs without VVPAT for all voters","DRE",
"5106700000","Virginia","Franklin County","33273","23","Assigned Polling Place","No","DREs without VVPAT for all voters","DRE",
"5106900000","Virginia","Frederick County","45141","19","Assigned Polling Place","No","DREs without VVPAT for all voters","DRE",
"5163000000","Virginia","City of Fredericksburg","12856","5","Assigned Polling Place","No","Hand marked paper ballots and BMDs","Optical Scan",
"5164000000","Virginia","City of Galax","3715","3","Assigned Polling Place","No","DREs without VVPAT for all voters","DRE",
"5107100000","Virginia","Giles County","11054","9","Assigned Polling Place","No","DREs without VVPAT for all voters","DRE",
"5107300000","Virginia","Gloucester County","24527","11","Assigned Polling Place","No","Hand marked paper ballots and DREs without VVPAT","Optical Scan and DRE",
"5107500000","Virginia","Goochland County","14999","8","Assigned Polling Place","No","DREs without VVPAT for all voters","DRE",
"5107700000","Virginia","Grayson County","10275","15","Assigned Polling Place","No","DREs without VVPAT for all voters","DRE",
"5107900000","Virginia","Greene County","10827","4","Assigned Polling Place","No","DREs without VVPAT for all voters","DRE",
"5108100000","Virginia","Greensville County","6609","9","Assigned Polling Place","No","DREs without VVPAT for all voters","DRE",
"5108300000","Virginia","Halifax County","22844","21","Assigned Polling Place","No","DREs without VVPAT for all voters","DRE",
"5165000000","Virginia","City of Hampton","89618","30","Assigned Polling Place","No","Hand marked paper ballots and DREs without VVPAT","Optical Scan and DRE",
"5108500000","Virginia","Hanover County","67033","33","Assigned Polling Place","No","Hand marked paper ballots and BMDs","Optical Scan",
"5166000000","Virginia","City of Harrisonburg","20184","5","Assigned Polling Place","No","Hand marked paper ballots and DREs without VVPAT","Optical Scan and DRE",
"5108700000","Virginia","Henrico County","192530","93","Assigned Polling Place","No","DREs without VVPAT for all voters","DRE",
"5108900000","Virginia","Henry County","35571","24","Assigned Polling Place","No","DREs without VVPAT for all voters","DRE",
"5109100000","Virginia","Highland County","1907","6","Assigned Polling Place","No","Hand marked paper ballots and DREs without VVPAT","DRE",
"5167000000","Virginia","City of Hopewell","13162","7","Assigned Polling Place","No","DREs without VVPAT for all voters","DRE",
"5109300000","Virginia","Isle of Wight County","24979","12","Assigned Polling Place","No","Hand marked paper ballots and DREs without VVPAT","Optical Scan and DRE",
"5109500000","Virginia","James City County","47429","15","Assigned Polling Place","No","Hand marked paper ballots and DREs without VVPAT","Optical Scan and DRE",
"5109900000","Virginia","King George County","13279","5","Assigned Polling Place","No","Hand marked paper ballots and DREs without VVPAT","Optical Scan and DRE",
"5110100000","Virginia","King William County","10355","6","Assigned Polling Place","No","Hand marked paper ballots and DREs without VVPAT","Optical Scan and DRE",
"5109700000","Virginia","King and Queen County","4764","5","Assigned Polling Place","No","DREs without VVPAT for all voters","DRE",
"5110300000","Virginia","Lancaster County","8758","6","Assigned Polling Place","No","Hand marked paper ballots and DREs without VVPAT","Optical Scan and DRE",
"5110500000","Virginia","Lee County","16089","19","Assigned Polling Place","No","DREs without VVPAT for all voters","DRE",
"5167800000","Virginia","City of Lexington","3345","1","Assigned Polling Place","No","DREs without VVPAT for all voters","DRE",
"5110700000","Virginia","Loudoun County","174275","62","Assigned Polling Place","No","Hand marked paper ballots and DREs without VVPAT","Optical Scan and DRE",
"5110900000","Virginia","Louisa County","19962","13","Assigned Polling Place","No","DREs without VVPAT for all voters","DRE",
"5111100000","Virginia","Lunenburg County","7807","11","Assigned Polling Place","No","DREs without VVPAT for all voters","DRE",
"5168000000","Virginia","City of Lynchburg","46052","17","Assigned Polling Place","No","Hand marked paper ballots and DREs without VVPAT","Optical Scan and DRE",
"5111300000","Virginia","Madison County","8572","9","Assigned Polling Place","No","DREs without VVPAT for all voters","DRE",
"5168300000","Virginia","City of Manassas","18889","5","Assigned Polling Place","No","DREs without VVPAT for all voters","DRE",
"5168500000","Virginia","City of Manassas Park","5740","2","Assigned Polling Place","No","DREs without VVPAT for all voters","DRE",
"5169000000","Virginia","City of Martinsville","9021","6","Assigned Polling Place","No","Hand marked paper ballots and DREs without VVPAT","Optical Scan and DRE",
"5111500000","Virginia","Mathews County","6861","3","Assigned Polling Place","No","DREs without VVPAT for all voters","DRE",
"5111700000","Virginia","Mecklenburg County","20938","23","Assigned Polling Place","No","DREs without VVPAT for all voters","DRE",
"5111900000","Virginia","Middlesex County","7605","7","Assigned Polling Place","No","DREs without VVPAT for all voters","DRE",
"5112100000","Virginia","Montgomery County","54209","22","Assigned Polling Place","No","DREs without VVPAT for all voters","DRE",
"5112500000","Virginia","Nelson County","10517","9","Assigned Polling Place","No","Hand marked paper ballots and DREs without VVPAT","Optical Scan and DRE",
"5112700000","Virginia","New Kent County","12000","10","Assigned Polling Place","No","Hand marked paper ballots and DREs without VVPAT","Optical Scan and DRE",
"5170000000","Virginia","City of Newport News","114068","45","Assigned Polling Place","No","Hand marked paper ballots and DREs without VVPAT","Optical Scan and DRE",
"5171000000","Virginia","City of Norfolk","115859","55","Assigned Polling Place","No","DREs without VVPAT for all voters","DRE",
"5113100000","Virginia","Northampton County","8988","6","Assigned Polling Place","No","DREs without VVPAT for all voters","DRE",
"5113300000","Virginia","Northumberland County","9165","6","Assigned Polling Place","No","Hand marked paper ballots and DREs without VVPAT","Optical Scan and DRE",
"5172000000","Virginia","City of Norton","2421","1","Assigned Polling Place","No","Hand marked paper ballots and DREs without VVPAT","Optical Scan and DRE",
"5113500000","Virginia","Nottoway County","9200","9","Assigned Polling Place","No","DREs without VVPAT for all voters","DRE",
"5113700000","Virginia","Orange County","21079","9","Assigned Polling Place","No","DREs without VVPAT for all voters","DRE",
"5113900000","Virginia","Page County","15147","5","Assigned Polling Place","No","Hand marked paper ballots and DREs without VVPAT","Optical Scan and DRE",
"5114100000","Virginia","Patrick County","11827","13","Assigned Polling Place","No","DREs without VVPAT for all voters","DRE",
"5173000000","Virginia","City of Petersburg","20583","7","Assigned Polling Place","No","DREs without VVPAT for all voters","DRE",
"5114300000","Virginia","Pittsylvania County","40809","29","Assigned Polling Place","No","DREs without VVPAT for all voters","DRE",
"5173500000","Virginia","City of Poquoson","8672","3","Assigned Polling Place","No","Hand marked paper ballots and DREs without VVPAT","Optical Scan and DRE",
"5174000000","Virginia","City of Portsmouth","61191","31","Assigned Polling Place","No","Hand marked paper ballots and DREs without VVPAT","Optical Scan and DRE",
"5114500000","Virginia","Powhatan County","17543","11","Assigned Polling Place","No","DREs without VVPAT for all voters","DRE",
"5114700000","Virginia","Prince Edward County","13182","10","Assigned Polling Place","No","DREs without VVPAT for all voters","DRE",
"5114900000","Virginia","Prince George County","20162","10","Assigned Polling Place","No","Hand marked paper ballots and DREs without VVPAT","Optical Scan and DRE",
"5115300000","Virginia","Prince William County","210232","73","Assigned Polling Place","No","DREs without VVPAT for all voters","DRE",
"5115500000","Virginia","Pulaski County","20991","12","Assigned Polling Place","No","DREs without VVPAT for all voters","DRE",
"5175000000","Virginia","City of Radford","7448","3","Assigned Polling Place","No","DREs without VVPAT for all voters","DRE",
"5115700000","Virginia","Rappahannock County","5520","6","Assigned Polling Place","No","Hand marked paper ballots and DREs without VVPAT","Optical Scan and DRE",
"5176000000","Virginia","City of Richmond","118755","64","Assigned Polling Place","No","DREs without VVPAT for all voters","DRE",
"5115900000","Virginia","Richmond County","4935","7","Assigned Polling Place","No","DREs without VVPAT for all voters","DRE",
"5177000000","Virginia","City of Roanoke","60795","32","Assigned Polling Place","No","DREs without VVPAT for all voters","DRE",
"5116100000","Virginia","Roanoke County","65248","32","Assigned Polling Place","No","DREs without VVPAT for all voters","DRE",
"5116300000","Virginia","Rockbridge County","13381","17","Assigned Polling Place","No","DREs without VVPAT for all voters","DRE",
"5116500000","Virginia","Rockingham County","42769","28","Assigned Polling Place","No","Hand marked paper ballots and DREs without VVPAT","Optical Scan and DRE",
"5116700000","Virginia","Russell County","18810","14","Assigned Polling Place","No","DREs without VVPAT for all voters","DRE",
"5177500000","Virginia","City of Salem","16182","10","Assigned Polling Place","No","DREs without VVPAT for all voters","DRE",
"5116900000","Virginia","Scott County","15973","17","Assigned Polling Place","No","DREs without VVPAT for all voters","DRE",
"5117100000","Virginia","Shenandoah County","25420","16","Assigned Polling Place","No","Hand marked paper ballots and DREs without VVPAT","Optical Scan and DRE",
"5117300000","Virginia","Smyth County","18845","14","Assigned Polling Place","No","DREs without VVPAT for all voters","DRE",
"5117500000","Virginia","Southampton County","11813","14","Assigned Polling Place","No","DREs without VVPAT for all voters","DRE",
"5117700000","Virginia","Spotsylvania County","73235","25","Assigned Polling Place","No","DREs without VVPAT for all voters","DRE",
"5117900000","Virginia","Stafford County","72045","24","Assigned Polling Place","No","Hand marked paper ballots and DREs without VVPAT","Optical Scan and DRE",
"5179000000","Virginia","City of Staunton","14533","5","Assigned Polling Place","No","DREs without VVPAT for all voters","DRE",
"5180000000","Virginia","City of Suffolk","54011","22","Assigned Polling Place","No","DREs without VVPAT for all voters","DRE",
"5118100000","Virginia","Surry County","5376","7","Assigned Polling Place","No","DREs without VVPAT for all voters","DRE",
"5118300000","Virginia","Sussex County","6989","11","Assigned Polling Place","No","DREs without VVPAT for all voters","DRE",
"5118500000","Virginia","Tazewell County","27735","24","Assigned Polling Place","No","DREs without VVPAT for all voters","DRE",
"5181000000","Virginia","City of Virginia Beach","280059","94","Assigned Polling Place","No","DREs without VVPAT for all voters","DRE",
"5118700000","Virginia","Warren County","22501","13","Assigned Polling Place","No","DREs without VVPAT for all voters","DRE",
"5119100000","Virginia","Washington County","34553","18","Assigned Polling Place","No","DREs without VVPAT for all voters","DRE",
"5182000000","Virginia","City of Waynesboro","12054","4","Assigned Polling Place","No","DREs without VVPAT for all voters","DRE",
"5119300000","Virginia","Westmoreland County","11024","6","Assigned Polling Place","No","DREs without VVPAT for all voters","DRE",
"5183000000","Virginia","City of Williamsburg","8334","2","Assigned Polling Place","No","Hand marked paper ballots and BMDs","Optical Scan",
"5184000000","Virginia","City of Winchester","13756","4","Assigned Polling Place","No","DREs without VVPAT for all voters","DRE",
"5119500000","Virginia","Wise County","22972","12","Assigned Polling Place","No","DREs without VVPAT for all voters","DRE",
"5119700000","Virginia","Wythe County","17973","11","Assigned Polling Place","No","Hand marked paper ballots and BMDs","Optical Scan",
"5119900000","Virginia","York County","43693","13","Assigned Polling Place","No","Hand marked paper ballots and DREs without VVPAT","Optical Scan and DRE",
"5300100000","Washington","Adams County","6191","31","Election Office","Yes","Hand marked paper ballots and BMDs","Optical Scan",
"5300300000","Washington","Asotin County","12012","26","Election Office","Yes","Hand marked paper ballots and DREs with VVPAT","Optical Scan and DRE",
"5300500000","Washington","Benton County","87059","232","Election Office","Yes","Hand marked paper ballots and DREs with VVPAT","Optical Scan and DRE",
"5300700000","Washington","Chelan County","38650","86","Election Office","Yes","Hand marked paper ballots and DREs with VVPAT","Optical Scan and DRE",
"5300900000","Washington","Clallam County","45766","95","Election Office","Yes","Hand marked paper ballots and DREs with VVPAT","Optical Scan and DRE",
"5301100000","Washington","Clark County","216508","179","Election Office","Yes","Hand marked paper ballots and DREs with VVPAT","Optical Scan and DRE",
"5301300000","Washington","Columbia County","2585","13","Election Office","Yes","Hand marked paper ballots and DREs with VVPAT","Optical Scan and DRE",
"5301500000","Washington","Cowlitz County","55331","92","Election Office","Yes","Hand marked paper ballots and BMDs","Optical Scan",
"5301700000","Washington","Douglas County","18936","45","Election Office","Yes","Hand marked paper ballots and BMDs","Optical Scan",
"5301900000","Washington","Ferry County","4259","36","Election Office","Yes","Hand marked paper ballots and DREs with VVPAT","Optical Scan and DRE",
"5302100000","Washington","Franklin County","23530","93","Election Office","Yes","Hand marked paper ballots and DREs with VVPAT","Optical Scan and DRE",
"5302300000","Washington","Garfield County","1564","12","Election Office","Yes","Hand marked paper ballots and DREs with VVPAT","Optical Scan and DRE",
"5302500000","Washington","Grant County","32910","65","Election Office","Yes","Hand marked paper ballots and BMDs","Optical Scan",
"5302700000","Washington","Grays Harbor County","36702","68","Election Office","Yes","Hand marked paper ballots and BMDs","Optical Scan",
"5302900000","Washington","Island County","47629","65","Election Office","Yes","Hand marked paper ballots and DREs with VVPAT","Optical Scan and DRE",
"5303100000","Washington","Jefferson County","22160","31","Election Office","Yes","Hand marked paper ballots and BMDs","Optical Scan",
"5303300000","Washington","King County","1108128","2526","Assigned Polling Place","No","Hand marked paper ballots and DREs with VVPAT","Optical Scan and DRE",
"5303500000","Washington","Kitsap County","144690","185","Election Office","Yes","Hand marked paper ballots and DREs with VVPAT","Optical Scan and DRE",
"5303700000","Washington","Kittitas County","20631","62","Election Office","Yes","Hand marked paper ballots and DREs with VVPAT","Optical Scan and DRE",
"5303900000","Washington","Klickitat County","12171","29","Election Office","Yes","Hand marked paper ballots and DREs with VVPAT","Optical Scan and DRE",
"5304100000","Washington","Lewis County","41635","83","Election Office","Yes","Hand marked paper ballots and DREs with VVPAT","Optical Scan and DRE",
"5304300000","Washington","Lincoln County","6899","46","Election Office","Yes","Hand marked paper ballots and DREs with VVPAT","Optical Scan and DRE",
"5304500000","Washington","Mason County","32828","57","Election Office","Yes","Hand marked paper ballots and DREs with VVPAT","Optical Scan and DRE",
"5304700000","Washington","Okanogan County","20562","224","Election Office","Yes","Hand marked paper ballots and DREs with VVPAT","Optical Scan and DRE",
"5304900000","Washington","Pacific County","13052","37","Election Office","Yes","Hand marked paper ballots and DREs with VVPAT","Optical Scan and DRE",
"5305100000","Washington","Pend Oreille County","7799","27","Election Office","Yes","Hand marked paper ballots and BMDs","Optical Scan",
"5305300000","Washington","Pierce County","411103","377","Assigned Polling Place","No","Hand marked paper ballots and DREs with VVPAT","Optical Scan and DRE",
"5305500000","Washington","San Juan County","11624","17","Election Office","Yes","Hand marked paper ballots and DREs with VVPAT","Optical Scan and DRE",
"5305700000","Washington","Skagit County","65129","118","Election Office","Yes","Hand marked paper ballots and DREs with VVPAT","Optical Scan and DRE",
"5305900000","Washington","Skamania County","6650","25","Election Office","Yes","Hand marked paper ballots and DREs with VVPAT","Optical Scan and DRE",
"5306100000","Washington","Snohomish County","372636","714","Election Office","Yes","Hand marked paper ballots and DREs with VVPAT","Optical Scan and DRE",
"5306300000","Washington","Spokane County","258952","285","Election Office","Yes","Hand marked paper ballots and BMDs","Optical Scan",
"5306500000","Washington","Stevens County","26875","55","Election Office","Yes","Hand marked paper ballots and DREs with VVPAT","Optical Scan and DRE",
"5306700000","Washington","Thurston County","148911","297","Election Office","Yes","Hand marked paper ballots and BMDs","Optical Scan",
"5306900000","Washington","Wahkiakum County","2733","11","Election Office","Yes","Hand marked paper ballots and BMDs","Optical Scan",
"5307100000","Washington","Walla Walla County","31606","59","Election Office","Yes","Hand marked paper ballots and BMDs","Optical Scan",
"5307300000","Washington","Whatcom County","115314","119","Election Office","Yes","Hand marked paper ballots and DREs with VVPAT","Optical Scan and DRE",
"5307500000","Washington","Whitman County","20542","56","Election Office","Yes","Hand marked paper ballots and BMDs","Optical Scan",
"5307700000","Washington","Yakima County","97856","144","Election Office","Yes","Hand marked paper ballots and DREs with VVPAT","Optical Scan and DRE",
"5400100000","West Virginia","Barbour County","9880","23","Assigned Polling Place","No","DREs with VVPAT for all voters","DRE",
"5400300000","West Virginia","Berkeley County","56908","66","Assigned Polling Place","No","Hand marked paper ballots and DREs with VVPAT","Optical Scan and DRE",
"5400500000","West Virginia","Boone County","16846","37","Assigned Polling Place","No","DREs with VVPAT for all voters","DRE",
"5400700000","West Virginia","Braxton County","8293","22","Assigned Polling Place","No","Hand marked paper ballots and DREs with VVPAT","Hand Count and DRE",
"5400900000","West Virginia","Brooke County","16624","28","Assigned Polling Place","No","DREs with VVPAT for all voters","DRE",
"5401100000","West Virginia","Cabell County","57268","73","Assigned Polling Place","No","DREs with VVPAT for all voters","DRE",
"5401300000","West Virginia","Calhoun County","5167","10","Assigned Polling Place","No","DREs with VVPAT for all voters","DRE",
"5401500000","West Virginia","Clay County","6098","13","Assigned Polling Place","No","Hand marked paper ballots and DREs with VVPAT","Optical Scan and DRE",
"5401700000","West Virginia","Doddridge County","4406","12","Assigned Polling Place","No","DREs with VVPAT for all voters","DRE",
"5401900000","West Virginia","Fayette County","24756","39","Assigned Polling Place","No","Hand marked paper ballots and DREs with VVPAT","Optical Scan and DRE",
"5402100000","West Virginia","Gilmer County","4176","12","Assigned Polling Place","No","Hand marked paper ballots and DREs with VVPAT","Optical Scan and DRE",
"5402300000","West Virginia","Grant County","7640","15","Assigned Polling Place","No","Hand marked paper ballots and DREs with VVPAT","Optical Scan and DRE",
"5402500000","West Virginia","Greenbrier County","23581","30","Assigned Polling Place","No","DREs with VVPAT for all voters","DRE",
"5402700000","West Virginia","Hampshire County","13117","23","Assigned Polling Place","No","Hand marked paper ballots and DREs with VVPAT","Optical Scan and DRE",
"5402900000","West Virginia","Hancock County","22200","28","Assigned Polling Place","No","DREs with VVPAT for all voters","DRE",
"5403100000","West Virginia","Hardy County","7906","14","Assigned Polling Place","No","Hand marked paper ballots and DREs with VVPAT","Optical Scan and DRE",
"5403300000","West Virginia","Harrison County","42471","85","Assigned Polling Place","No","Hand marked paper ballots and DREs with VVPAT","Optical Scan and DRE",
"5403500000","West Virginia","Jackson County","20481","36","Assigned Polling Place","No","DREs with VVPAT for all voters","DRE",
"5403700000","West Virginia","Jefferson County","32913","31","Assigned Polling Place","No","Hand marked paper ballots and BMDs","Optical Scan",
"5403900000","West Virginia","Kanawha County","128147","160","Assigned Polling Place","No","Hand marked paper ballots and BMDs","Optical Scan",
"5404100000","West Virginia","Lewis County","8319","24","Assigned Polling Place","No","Hand marked paper ballots and BMDs","Optical Scan",
"5404300000","West Virginia","Lincoln County","19248","35","Assigned Polling Place","No","DREs with VVPAT for all voters","DRE",
"5404500000","West Virginia","Logan County","26950","35","Assigned Polling Place","No","DREs with VVPAT for all voters","DRE",
"5404900000","West Virginia","Marion County","40347","76","Assigned Polling Place","No","DREs with VVPAT for all voters","DRE",
"5405100000","West Virginia","Marshall County","21024","45","Assigned Polling Place","No","DREs with VVPAT for all voters","DRE",
"5405300000","West Virginia","Mason County","18182","38","Assigned Polling Place","No","DREs with VVPAT for all voters","DRE",
"5404700000","West Virginia","McDowell County","15439","43","Assigned Polling Place","No","Hand marked paper ballots and DREs with VVPAT","Optical Scan and DRE",
"5405500000","West Virginia","Mercer County","35210","61","Assigned Polling Place","No","DREs with VVPAT for all voters","DRE",
"5405700000","West Virginia","Mineral County","18236","32","Assigned Polling Place","No","Hand marked paper ballots and DREs with VVPAT","Optical Scan and DRE",
"5405900000","West Virginia","Mingo County","19498","39","Assigned Polling Place","No","DREs with VVPAT for all voters","DRE",
"5406100000","West Virginia","Monongalia County","52033","72","Assigned Polling Place","No","DREs with VVPAT for all voters","DRE",
"5406300000","West Virginia","Monroe County","8625","18","Assigned Polling Place","No","DREs with VVPAT for all voters","DRE",
"5406500000","West Virginia","Morgan County","10481","13","Assigned Polling Place","No","DREs with VVPAT for all voters","DRE",
"5406700000","West Virginia","Nicholas County","14786","28","Assigned Polling Place","No","Hand marked paper ballots and DREs with VVPAT","Optical Scan and DRE",
"5406900000","West Virginia","Ohio County","32052","39","Assigned Polling Place","No","DREs with VVPAT for all voters","DRE",
"5407100000","West Virginia","Pendleton County","5182","13","Assigned Polling Place","No","Hand marked paper ballots and DREs with VVPAT","Optical Scan and DRE",
"5407300000","West Virginia","Pleasants County","4851","11","Assigned Polling Place","No","DREs with VVPAT for all voters","DRE",
"5407500000","West Virginia","Pocahontas County","5511","15","Assigned Polling Place","No","DREs with VVPAT for all voters","DRE",
"5407700000","West Virginia","Preston County","19230","35","Assigned Polling Place","No","DREs with VVPAT for all voters","DRE",
"5407900000","West Virginia","Putnam County","34213","48","Assigned Polling Place","No","Hand marked paper ballots and DREs with VVPAT","Optical Scan and DRE",
"5408100000","West Virginia","Raleigh County","52002","63","Assigned Polling Place","No","DREs with VVPAT for all voters","DRE",
"5408300000","West Virginia","Randolph County","16788","27","Assigned Polling Place","No","DREs with VVPAT for all voters","DRE",
"5408500000","West Virginia","Ritchie County","6501","15","Assigned Polling Place","No","DREs with VVPAT for all voters","DRE",
"5408700000","West Virginia","Roane County","9179","20","Assigned Polling Place","No","DREs with VVPAT for all voters","DRE",
"5408900000","West Virginia","Summers County","8685","15","Assigned Polling Place","No","DREs with VVPAT for all voters","DRE",
"5409100000","West Virginia","Taylor County","9446","18","Assigned Polling Place","No","DREs with VVPAT for all voters","DRE",
"5409300000","West Virginia","Tucker County","5151","11","Assigned Polling Place","No","Hand marked paper ballots and DREs with VVPAT","Optical Scan and DRE",
"5409500000","West Virginia","Tyler County","5929","12","Assigned Polling Place","No","DREs with VVPAT for all voters","DRE",
"5409700000","West Virginia","Upshur County","12917","29","Assigned Polling Place","No","Hand marked paper ballots and DREs with VVPAT","Optical Scan and DRE",
"5409900000","West Virginia","Wayne County","26958","37","Assigned Polling Place","No","DREs with VVPAT for all voters","DRE",
"5410100000","West Virginia","Webster County","5652","14","Assigned Polling Place","No","Hand marked paper ballots and DREs with VVPAT","Optical Scan and DRE",
"5410300000","West Virginia","Wetzel County","10205","22","Assigned Polling Place","No","DREs with VVPAT for all voters","DRE",
"5410500000","West Virginia","Wirt County","4124","9","Assigned Polling Place","No","DREs with VVPAT for all voters","DRE",
"5410700000","West Virginia","Wood County","52019","85","Assigned Polling Place","No","DREs with VVPAT for all voters","DRE",
"5410900000","West Virginia","Wyoming County","16394","36","Assigned Polling Place","No","Hand marked paper ballots and DREs with VVPAT","Hand Count and DRE",
"5500100275","Wisconsin","City of Adams (Adams County)","1166","1","Assigned Polling Place","No","Hand marked paper ballots and BMDs","Hand Count, Optical Scan, and DRE",
"5500100300","Wisconsin","Town of Adams (Adams County)","898","1","Assigned Polling Place","No","Hand marked paper ballots and BMDs","Hand Count, Optical Scan, and DRE",
"5500107300","Wisconsin","Town of Big Flats (Adams County)","689","1","Assigned Polling Place","No","Hand marked paper ballots and DREs with VVPAT","Hand Count, Optical Scan, and DRE",
"5500116075","Wisconsin","Town of Colburn (Adams County)","162","1","Assigned Polling Place","No","Hand marked paper ballots and DREs with VVPAT","Hand Count, Optical Scan, and DRE",
"5500119575","Wisconsin","Town of Dell Prairie (Adams County)","921","1","Assigned Polling Place","No","Hand marked paper ballots and BMDs","Hand Count, Optical Scan, and DRE",
"5500122000","Wisconsin","Town of Easton (Adams County)","559","1","Assigned Polling Place","No","Hand marked paper ballots and DREs with VVPAT","Hand Count, Optical Scan, and DRE",
"5500127950","Wisconsin","Village of Friendship (Adams County)","397","1","Assigned Polling Place","No","Hand marked paper ballots and BMDs","Hand Count, Optical Scan, and DRE",
"5500137625","Wisconsin","Town of Jackson (Adams County)","661","1","Assigned Polling Place","No","Hand marked paper ballots and BMDs","Hand Count, Optical Scan, and DRE",
"5500143425","Wisconsin","Town of Leola (Adams County)","176","1","Assigned Polling Place","No","Hand marked paper ballots and BMDs","Hand Count, Optical Scan, and DRE",
"5500144250","Wisconsin","Town of Lincoln (Adams County)","193","1","Assigned Polling Place","No","Hand marked paper ballots and DREs with VVPAT","Hand Count, Optical Scan, and DRE",
"5500153725","Wisconsin","Town of Monroe (Adams County)","314","1","Assigned Polling Place","No","Hand marked paper ballots and DREs with VVPAT","Hand Count, Optical Scan, and DRE",
"5500156525","Wisconsin","Town of New Chester (Adams County)","520","1","Assigned Polling Place","No","Hand marked paper ballots and BMDs","Hand Count, Optical Scan, and DRE",
"5500156750","Wisconsin","Town of New Haven (Adams County)","452","1","Assigned Polling Place","No","Hand marked paper ballots and DREs with VVPAT","Hand Count, Optical Scan, and DRE",
"5500165450","Wisconsin","Town of Preston (Adams County)","1123","1","Assigned Polling Place","No","Hand marked paper ballots and BMDs","Hand Count, Optical Scan, and DRE",
"5500165825","Wisconsin","Town of Quincy (Adams County)","903","1","Assigned Polling Place","No","Hand marked paper ballots and BMDs","Hand Count, Optical Scan, and DRE",
"5500167425","Wisconsin","Town of Richfield (Adams County)","94","1","Assigned Polling Place","No","Hand marked paper ballots and BMDs","Hand Count, Optical Scan, and DRE",
"5500169275","Wisconsin","Town of Rome (Adams County)","2333","1","Assigned Polling Place","No","Hand marked paper ballots and BMDs","Hand Count, Optical Scan, and DRE",
"5500176350","Wisconsin","Town of Springville (Adams County)","773","1","Assigned Polling Place","No","Hand marked paper ballots and BMDs","Hand Count, Optical Scan, and DRE",
"5500177800","Wisconsin","Town of Strongs Prairie (Adams County)","764","1","Assigned Polling Place","No","Hand marked paper ballots and DREs with VVPAT","Hand Count, Optical Scan, and DRE",
"5500300550","Wisconsin","Town of Agenda (Ashland County)","307","1","Assigned Polling Place","No","Hand marked paper ballots and BMDs","Hand Count and Optical Scan",
"5500303225","Wisconsin","City of Ashland (Ashland County)","6975","12","Assigned Polling Place","No","Hand marked paper ballots and BMDs","Hand Count and Optical Scan",
"5500303250","Wisconsin","Town of Ashland (Ashland County)","396","1","Assigned Polling Place","No","Hand marked paper ballots and BMDs","Hand Count and Optical Scan",
"5500311525","Wisconsin","Village of Butternut (Ashland County)","235","1","Assigned Polling Place","No","Hand marked paper ballots and BMDs","Hand Count and Optical Scan",
"5500314550","Wisconsin","Town of Chippewa (Ashland County)","225","1","Assigned Polling Place","No","Hand marked paper ballots and BMDs","Hand Count and Optical Scan",
"5500329250","Wisconsin","Town of Gingles (Ashland County)","501","1","Assigned Polling Place","No","Hand marked paper ballots and BMDs","Hand Count and Optical Scan",
"5500329875","Wisconsin","Town of Gordon (Ashland County)","222","1","Assigned Polling Place","No","Hand marked paper ballots and BMDs","Hand Count and Optical Scan",
"5500337775","Wisconsin","Town of Jacobs (Ashland County)","484","1","Assigned Polling Place","No","Hand marked paper ballots and BMDs","Hand Count and Optical Scan",
"5500342562","Wisconsin","Town of La Pointe (Ashland County)","367","1","Assigned Polling Place","No","Hand marked paper ballots and BMDs","Hand Count and Optical Scan",
"5500349200","Wisconsin","Town of Marengo (Ashland County)","408","1","Assigned Polling Place","No","Hand marked paper ballots and BMDs","Hand Count and Optical Scan",
"5500350700","Wisconsin","City of Mellen (Ashland County)","501","1","Assigned Polling Place","No","Hand marked paper ballots and BMDs","Hand Count and Optical Scan",
"5500354400","Wisconsin","Town of Morse (Ashland County)","361","1","Assigned Polling Place","No","Hand marked paper ballots and BMDs","Hand Count and Optical Scan",
"5500361600","Wisconsin","Town of Peeksville (Ashland County)","122","1","Assigned Polling Place","No","Hand marked paper ballots and BMDs","Hand Count and Optical Scan",
"5500371350","Wisconsin","Town of Sanborn (Ashland County)","601","1","Assigned Polling Place","No","Hand marked paper ballots and BMDs","Hand Count and Optical Scan",
"5500372825","Wisconsin","Town of Shanagolden (Ashland County)","97","1","Assigned Polling Place","No","Hand marked paper ballots and BMDs","Hand Count and Optical Scan",
"5500386850","Wisconsin","Town of White River (Ashland County)","604","1","Assigned Polling Place","No","Hand marked paper ballots and BMDs","Hand Count and Optical Scan",
"5500501325","Wisconsin","Village of Almena (Barron County)","418","1","Assigned Polling Place","No","Hand marked paper ballots and DREs with VVPAT","Hand Count, Optical Scan, and DRE",
"5500501350","Wisconsin","Town of Almena (Barron County)","511","1","Assigned Polling Place","No","Hand marked paper ballots and DREs with VVPAT","Hand Count, Optical Scan, and DRE",
"5500502775","Wisconsin","Town of Arland (Barron County)","397","1","Assigned Polling Place","No","Hand marked paper ballots and DREs with VVPAT","Hand Count, Optical Scan, and DRE",
"5500504875","Wisconsin","City of Barron (Barron County)","1870","1","Assigned Polling Place","No","Hand marked paper ballots and DREs with VVPAT","Hand Count, Optical Scan, and DRE",
"5500504900","Wisconsin","Town of Barron (Barron County)","534","1","Assigned Polling Place","No","Hand marked paper ballots and DREs with VVPAT","Hand Count, Optical Scan, and DRE",
"5500505650","Wisconsin","Town of Bear Lake (Barron County)","441","1","Assigned Polling Place","No","Hand marked paper ballots and DREs with VVPAT","Hand Count, Optical Scan, and DRE",
"5500512250","Wisconsin","Village of Cameron (Barron County)","882","1","Assigned Polling Place","No","Hand marked paper ballots and DREs with VVPAT","Hand Count, Optical Scan, and DRE",
"5500513500","Wisconsin","Town of Cedar Lake (Barron County)","721","1","Assigned Polling Place","No","Hand marked paper ballots and DREs with VVPAT","Hand Count, Optical Scan, and DRE",
"5500514325","Wisconsin","City of Chetek (Barron County)","1081","1","Assigned Polling Place","No","Hand marked paper ballots and DREs with VVPAT","Hand Count, Optical Scan, and DRE",
"5500514350","Wisconsin","Town of Chetek (Barron County)","1291","1","Assigned Polling Place","No","Hand marked paper ballots and DREs with VVPAT","Hand Count, Optical Scan, and DRE",
"5500515600","Wisconsin","Town of Clinton (Barron County)","430","1","Assigned Polling Place","No","Hand marked paper ballots and DREs with VVPAT","Hand Count, Optical Scan, and DRE",
"5500517875","Wisconsin","Town of Crystal Lake (Barron County)","501","1","Assigned Polling Place","No","Hand marked paper ballots and DREs with VVPAT","Hand Count, Optical Scan, and DRE",
"5500518025","Wisconsin","City of Cumberland (Barron County)","1429","1","Assigned Polling Place","No","Hand marked paper ballots and DREs with VVPAT","Hand Count, Optical Scan, and DRE",
"5500518050","Wisconsin","Town of Cumberland (Barron County)","552","1","Assigned Polling Place","No","Hand marked paper ballots and DREs with VVPAT","Hand Count, Optical Scan, and DRE",
"5500518575","Wisconsin","Village of Dallas (Barron County)","240","1","Assigned Polling Place","No","Hand marked paper ballots and DREs with VVPAT","Hand Count, Optical Scan, and DRE",
"5500518600","Wisconsin","Town of Dallas (Barron County)","360","1","Assigned Polling Place","No","Hand marked paper ballots and DREs with VVPAT","Hand Count, Optical Scan, and DRE",
"5500520650","Wisconsin","Town of Dovre (Barron County)","440","1","Assigned Polling Place","No","Hand marked paper ballots and DREs with VVPAT","Hand Count, Optical Scan, and DRE",
"5500520750","Wisconsin","Town of Doyle (Barron County)","331","1","Assigned Polling Place","No","Hand marked paper ballots and DREs with VVPAT","Hand Count, Optical Scan, and DRE",
"5500533225","Wisconsin","Village of Haugen (Barron County)","211","1","Assigned Polling Place","No","Hand marked paper ballots and DREs with VVPAT","Hand Count, Optical Scan, and DRE",
"5500541600","Wisconsin","Town of Lakeland (Barron County)","700","1","Assigned Polling Place","No","Hand marked paper ballots and DREs with VVPAT","Hand Count, Optical Scan, and DRE",
"5500548825","Wisconsin","Town of Maple Grove (Barron County)","612","1","Assigned Polling Place","No","Hand marked paper ballots and DREs with VVPAT","Hand Count, Optical Scan, and DRE",
"5500548950","Wisconsin","Town of Maple Plain (Barron County)","597","1","Assigned Polling Place","No","Hand marked paper ballots and DREs with VVPAT","Hand Count, Optical Scan, and DRE",
"5500558950","Wisconsin","Town of Oak Grove (Barron County)","614","1","Assigned Polling Place","No","Hand marked paper ballots and DREs with VVPAT","Hand Count, Optical Scan, and DRE",
"5500565150","Wisconsin","Village of Prairie Farm (Barron County)","249","1","Assigned Polling Place","No","Hand marked paper ballots and DREs with VVPAT","Hand Count, Optical Scan, and DRE",
"5500565175","Wisconsin","Town of Prairie Farm (Barron County)","366","1","Assigned Polling Place","No","Hand marked paper ballots and DREs with VVPAT","Hand Count, Optical Scan, and DRE",
"5500565200","Wisconsin","Town of Prairie Lake (Barron County)","1015","1","Assigned Polling Place","No","Hand marked paper ballots and DREs with VVPAT","Hand Count, Optical Scan, and DRE",
"5500567350","Wisconsin","City of Rice Lake (Barron County)","6044","1","Assigned Polling Place","No","Hand marked paper ballots and DREs with VVPAT","Hand Count, Optical Scan, and DRE",
"5500567375","Wisconsin","Town of Rice Lake (Barron County)","2046","1","Assigned Polling Place","No","Hand marked paper ballots and DREs with VVPAT","Hand Count, Optical Scan, and DRE",
"5500574125","Wisconsin","Town of Sioux Creek (Barron County)","406","1","Assigned Polling Place","No","Hand marked paper ballots and DREs with VVPAT","Hand Count, Optical Scan, and DRE",
"5500576550","Wisconsin","Town of Stanfold (Barron County)","390","1","Assigned Polling Place","No","Hand marked paper ballots and DREs with VVPAT","Hand Count, Optical Scan, and DRE",
"5500576600","Wisconsin","Town of Stanley (Barron County)","1496","1","Assigned Polling Place","No","Hand marked paper ballots and DREs with VVPAT","Hand Count, Optical Scan, and DRE",
"5500578450","Wisconsin","Town of Sumner (Barron County)","496","1","Assigned Polling Place","No","Hand marked paper ballots and DREs with VVPAT","Hand Count, Optical Scan, and DRE",
"5500581075","Wisconsin","Village of Turtle Lake (Barron County)","547","3","Assigned Polling Place","No","Hand marked paper ballots and DREs with VVPAT","Hand Count, Optical Scan, and DRE",
"5500581100","Wisconsin","Town of Turtle Lake (Barron County)","292","1","Assigned Polling Place","No","Hand marked paper ballots and DREs with VVPAT","Hand Count, Optical Scan, and DRE",
"5500582375","Wisconsin","Town of Vance Creek (Barron County)","421","1","Assigned Polling Place","No","Hand marked paper ballots and DREs with VVPAT","Hand Count, Optical Scan, and DRE",
"5500704725","Wisconsin","Town of Barksdale (Bayfield County)","544","1","Assigned Polling Place","No","Hand marked paper ballots and BMDs","Hand Count and Optical Scan",
"5500704750","Wisconsin","Town of Barnes (Bayfield County)","723","1","Assigned Polling Place","No","Hand marked paper ballots and BMDs","Hand Count and Optical Scan",
"5500705350","Wisconsin","City of Bayfield (Bayfield County)","432","1","Assigned Polling Place","No","Hand marked paper ballots and BMDs","Hand Count and Optical Scan",
"5500705375","Wisconsin","Town of Bayfield (Bayfield County)","566","1","Assigned Polling Place","No","Hand marked paper ballots and BMDs","Hand Count and Optical Scan",
"5500705475","Wisconsin","Town of Bayview (Bayfield County)","386","1","Assigned Polling Place","No","Hand marked paper ballots and BMDs","Hand Count and Optical Scan",
"5500706200","Wisconsin","Town of Bell (Bayfield County)","225","1","Assigned Polling Place","No","Hand marked paper ballots and BMDs","Hand Count and Optical Scan",
"5500711675","Wisconsin","Town of Cable (Bayfield County)","567","1","Assigned Polling Place","No","Hand marked paper ballots and BMDs","Hand Count and Optical Scan",
"5500715750","Wisconsin","Town of Clover (Bayfield County)","196","1","Assigned Polling Place","No","Hand marked paper ballots and BMDs","Hand Count and Optical Scan",
"5500719662","Wisconsin","Town of Delta (Bayfield County)","241","1","Assigned Polling Place","No","Hand marked paper ballots and BMDs","Hand Count and Optical Scan",
"5500720887","Wisconsin","Town of Drummond (Bayfield County)","402","1","Assigned Polling Place","No","Hand marked paper ballots and BMDs","Hand Count and Optical Scan",
"5500722925","Wisconsin","Town of Eileen (Bayfield County)","465","1","Assigned Polling Place","No","Hand marked paper ballots and BMDs","Hand Count and Optical Scan",
"5500730175","Wisconsin","Town of Grand View (Bayfield County)","350","1","Assigned Polling Place","No","Hand marked paper ballots and BMDs","Hand Count and Optical Scan",
"5500736300","Wisconsin","Town of Hughes (Bayfield County)","290","1","Assigned Polling Place","No","Hand marked paper ballots and BMDs","Hand Count and Optical Scan",
"5500737200","Wisconsin","Town of Iron River (Bayfield County)","863","1","Assigned Polling Place","No","Hand marked paper ballots and BMDs","Hand Count and Optical Scan",
"5500739025","Wisconsin","Town of Kelly (Bayfield County)","275","1","Assigned Polling Place","No","Hand marked paper ballots and BMDs","Hand Count and Optical Scan",
"5500739425","Wisconsin","Town of Keystone (Bayfield County)","243","1","Assigned Polling Place","No","Hand marked paper ballots and BMDs","Hand Count and Optical Scan",
"5500744275","Wisconsin","Town of Lincoln (Bayfield County)","208","1","Assigned Polling Place","No","Hand marked paper ballots and BMDs","Hand Count and Optical Scan",
"5500749900","Wisconsin","Village of Mason (Bayfield County)","71","1","Assigned Polling Place","No","Hand marked paper ballots and BMDs","Hand Count and Optical Scan",
"5500749925","Wisconsin","Town of Mason (Bayfield County)","202","1","Assigned Polling Place","No","Hand marked paper ballots and BMDs","Hand Count and Optical Scan",
"5500755375","Wisconsin","Town of Namakagon (Bayfield County)","264","1","Assigned Polling Place","No","Hand marked paper ballots and BMDs","Hand Count and Optical Scan",
"5500760275","Wisconsin","Town of Orienta (Bayfield County)","90","1","Assigned Polling Place","No","Hand marked paper ballots and BMDs","Hand Count and Optical Scan",
"5500760775","Wisconsin","Town of Oulu (Bayfield County)","392","1","Assigned Polling Place","No","Hand marked paper ballots and BMDs","Hand Count and Optical Scan",
"5500762700","Wisconsin","Town of Pilsen (Bayfield County)","168","1","Assigned Polling Place","No","Hand marked paper ballots and BMDs","Hand Count and Optical Scan",
"5500764512","Wisconsin","Town of Port Wing (Bayfield County)","313","1","Assigned Polling Place","No","Hand marked paper ballots and BMDs","Hand Count and Optical Scan",
"5500770300","Wisconsin","Town of Russell (Bayfield County)","658","1","Assigned Polling Place","No","Hand marked paper ballots and BMDs","Hand Count and Optical Scan",
"5500780750","Wisconsin","Town of Tripp (Bayfield County)","149","1","Assigned Polling Place","No","Hand marked paper ballots and BMDs","Hand Count and Optical Scan",
"5500783525","Wisconsin","City of Washburn (Bayfield County)","1368","1","Assigned Polling Place","No","Hand marked paper ballots and BMDs","Hand Count and Optical Scan",
"5500783550","Wisconsin","Town of Washburn (Bayfield County)","414","1","Assigned Polling Place","No","Hand marked paper ballots and BMDs","Hand Count and Optical Scan",
"5500901150","Wisconsin","Village of Allouez (Brown County)","10955","4","Assigned Polling Place","No","Hand marked paper ballots and BMDs","Optical Scan",
"5500903425","Wisconsin","Village of Ashwaubenon (Brown County)","12896","6","Assigned Polling Place","No","Hand marked paper ballots and BMDs","Optical Scan",
"5500906350","Wisconsin","Village of Bellevue (Brown County)","10873","2","Assigned Polling Place","No","Hand marked paper ballots and BMDs","Optical Scan",
"5500919775","Wisconsin","City of De Pere (Brown County)","18731","7","Assigned Polling Place","No","Hand marked paper ballots and BMDs","Optical Scan",
"5500919700","Wisconsin","Village of Denmark (Brown County)","1200","1","Assigned Polling Place","No","Hand marked paper ballots and BMDs","Optical Scan",
"5500922225","Wisconsin","Town of Eaton (Brown County)","998","1","Assigned Polling Place","No","Hand marked paper ballots and BMDs","Optical Scan",
"5500929550","Wisconsin","Town of Glenmore (Brown County)","769","1","Assigned Polling Place","No","Hand marked paper ballots and BMDs","Optical Scan",
"5500931000","Wisconsin","City of Green Bay (Brown County)","67021","47","Assigned Polling Place","No","Hand marked paper ballots and BMDs","Optical Scan",
"5500931025","Wisconsin","Town of Green Bay (Brown County)","1254","1","Assigned Polling Place","No","Hand marked paper ballots and BMDs","Optical Scan",
"5500935150","Wisconsin","Village of Hobart (Brown County)","5143","2","Assigned Polling Place","No","Hand marked paper ballots and BMDs","Optical Scan",
"5500935325","Wisconsin","Town of Holland (Brown County)","996","1","Assigned Polling Place","No","Hand marked paper ballots and BMDs","Optical Scan",
"5500935950","Wisconsin","Village of Howard (Brown County)","12847","9","Assigned Polling Place","No","Hand marked paper ballots and BMDs","Optical Scan",
"5500936425","Wisconsin","Town of Humboldt (Brown County)","868","1","Assigned Polling Place","No","Hand marked paper ballots and BMDs","Optical Scan",
"5500942900","Wisconsin","Town of Lawrence (Brown County)","2540","1","Assigned Polling Place","No","Hand marked paper ballots and BMDs","Optical Scan",
"5500943090","Wisconsin","Town of Ledgeview (Brown County)","4118","2","Assigned Polling Place","No","Hand marked paper ballots and BMDs","Optical Scan",
"5500954300","Wisconsin","Town of Morrison (Brown County)","1073","1","Assigned Polling Place","No","Hand marked paper ballots and BMDs","Optical Scan",
"5500956575","Wisconsin","Town of New Denmark (Brown County)","1022","1","Assigned Polling Place","No","Hand marked paper ballots and BMDs","Optical Scan",
"5500963075","Wisconsin","Town of Pittsfield (Brown County)","1707","1","Assigned Polling Place","No","Hand marked paper ballots and BMDs","Optical Scan",
"5500965675","Wisconsin","Village of Pulaski (Brown County)","1873","2","Assigned Polling Place","No","Hand marked paper ballots and BMDs","Optical Scan",
"5500968875","Wisconsin","Town of Rockland (Brown County)","1163","1","Assigned Polling Place","No","Hand marked paper ballots and BMDs","Optical Scan",
"5500972200","Wisconsin","Town of Scott (Brown County)","2807","1","Assigned Polling Place","No","Hand marked paper ballots and BMDs","Optical Scan",
"5500977975","Wisconsin","Village of Suamico (Brown County)","14552","2","Assigned Polling Place","No","Hand marked paper ballots and BMDs","Optical Scan",
"5500989150","Wisconsin","Village of Wrightstown (Brown County)","1596","2","Assigned Polling Place","No","Hand marked paper ballots and BMDs","Optical Scan",
"5500989175","Wisconsin","Town of Wrightstown (Brown County)","1306","1","Assigned Polling Place","No","Hand marked paper ballots and BMDs","Optical Scan",
"5501101225","Wisconsin","City of Alma (Buffalo County)","576","1","Assigned Polling Place","No","Hand marked paper ballots and DREs with VVPAT","Hand Count, Optical Scan, and DRE",
"5501101250","Wisconsin","Town of Alma (Buffalo County)","191","1","Assigned Polling Place","No","Hand marked paper ballots and DREs with VVPAT","Hand Count, Optical Scan, and DRE",
"5501106675","Wisconsin","Town of Belvidere (Buffalo County)","305","1","Assigned Polling Place","No","Hand marked paper ballots and DREs with VVPAT","Hand Count, Optical Scan, and DRE",
"5501111025","Wisconsin","Town of Buffalo (Buffalo County)","993","1","Assigned Polling Place","No","Hand marked paper ballots and BMDs","Hand Count, Optical Scan, and DRE",
"5501111062","Wisconsin","City of Buffalo City (Buffalo County)","744","1","Assigned Polling Place","No","Hand marked paper ballots and DREs with VVPAT","Hand Count, Optical Scan, and DRE",
"5501112500","Wisconsin","Town of Canton (Buffalo County)","180","1","Assigned Polling Place","No","Hand marked paper ballots and DREs with VVPAT","Hand Count, Optical Scan, and DRE",
"5501116025","Wisconsin","Village of Cochrane (Buffalo County)","296","1","Assigned Polling Place","No","Hand marked paper ballots and DREs with VVPAT","Hand Count, Optical Scan, and DRE",
"5501117737","Wisconsin","Town of Cross (Buffalo County)","269","1","Assigned Polling Place","No","Hand marked paper ballots and DREs with VVPAT","Hand Count, Optical Scan, and DRE",
"5501120575","Wisconsin","Town of Dover (Buffalo County)","279","1","Assigned Polling Place","No","Hand marked paper ballots and DREs with VVPAT","Hand Count, Optical Scan, and DRE",
"5501126850","Wisconsin","City of Fountain City (Buffalo County)","599","1","Assigned Polling Place","No","Hand marked paper ballots and DREs with VVPAT","Hand Count, Optical Scan, and DRE",
"5501129225","Wisconsin","Town of Gilmanton (Buffalo County)","304","1","Assigned Polling Place","No","Hand marked paper ballots and DREs with VVPAT","Hand Count, Optical Scan, and DRE",
"5501129375","Wisconsin","Town of Glencoe (Buffalo County)","289","1","Assigned Polling Place","No","Hand marked paper ballots and DREs with VVPAT","Hand Count, Optical Scan, and DRE",
"5501144300","Wisconsin","Town of Lincoln (Buffalo County)","141","1","Assigned Polling Place","No","Hand marked paper ballots and DREs with VVPAT","Hand Count, Optical Scan, and DRE",
"5501150075","Wisconsin","Town of Maxville (Buffalo County)","199","1","Assigned Polling Place","No","Hand marked paper ballots and DREs with VVPAT","Hand Count, Optical Scan, and DRE",
"5501152175","Wisconsin","Town of Milton (Buffalo County)","380","1","Assigned Polling Place","No","Hand marked paper ballots and DREs with VVPAT","Hand Count, Optical Scan, and DRE",
"5501153450","Wisconsin","Town of Modena (Buffalo County)","227","1","Assigned Polling Place","No","Hand marked paper ballots and DREs with VVPAT","Hand Count, Optical Scan, and DRE",
"5501153600","Wisconsin","City of Mondovi (Buffalo County)","1495","1","Assigned Polling Place","No","Hand marked paper ballots and DREs with VVPAT","Hand Count, Optical Scan, and DRE",
"5501153625","Wisconsin","Town of Mondovi (Buffalo County)","270","1","Assigned Polling Place","No","Hand marked paper ballots and DREs with VVPAT","Hand Count, Optical Scan, and DRE",
"5501153850","Wisconsin","Town of Montana (Buffalo County)","166","1","Assigned Polling Place","No","Hand marked paper ballots and DREs with VVPAT","Hand Count, Optical Scan, and DRE",
"5501155450","Wisconsin","Town of Naples (Buffalo County)","385","1","Assigned Polling Place","No","Hand marked paper ballots and DREs with VVPAT","Hand Count, Optical Scan, and DRE",
"5501155950","Wisconsin","Village of Nelson (Buffalo County)","208","1","Assigned Polling Place","No","Hand marked paper ballots and DREs with VVPAT","Hand Count, Optical Scan, and DRE",
"5501155975","Wisconsin","Town of Nelson (Buffalo County)","381","1","Assigned Polling Place","No","Hand marked paper ballots and DREs with VVPAT","Hand Count, Optical Scan, and DRE",
"5501184325","Wisconsin","Town of Waumandee (Buffalo County)","296","1","Assigned Polling Place","No","Hand marked paper ballots and DREs with VVPAT","Hand Count, Optical Scan, and DRE",
"5501301900","Wisconsin","Town of Anderson (Burnett County)","247","1","Assigned Polling Place","No","Hand marked paper ballots and DREs with VVPAT","Hand Count and DRE",
"5501308025","Wisconsin","Town of Blaine (Burnett County)","136","1","Assigned Polling Place","No","Hand marked paper ballots and DREs with VVPAT","Hand Count and DRE",
"5501318750","Wisconsin","Town of Daniels (Burnett County)","442","1","Assigned Polling Place","No","Hand marked paper ballots and DREs with VVPAT","Hand Count and DRE",
"5501319925","Wisconsin","Town of Dewey (Burnett County)","329","1","Assigned Polling Place","No","Hand marked paper ballots and DREs with VVPAT","Hand Count and DRE",
"5501330450","Wisconsin","Village of Grantsburg (Burnett County)","800","1","Assigned Polling Place","No","Hand marked paper ballots and DREs with VVPAT","Hand Count and DRE",
"5501330475","Wisconsin","Town of Grantsburg (Burnett County)","624","1","Assigned Polling Place","No","Hand marked paper ballots and DREs with VVPAT","Hand Count and DRE",
"5501337650","Wisconsin","Town of Jackson (Burnett County)","657","1","Assigned Polling Place","No","Hand marked paper ballots and DREs with VVPAT","Hand Count and DRE",
"5501340975","Wisconsin","Town of La Follette (Burnett County)","315","1","Assigned Polling Place","No","Hand marked paper ballots and DREs with VVPAT","Hand Count and DRE",
"5501344325","Wisconsin","Town of Lincoln (Burnett County)","190","1","Assigned Polling Place","No","Hand marked paper ballots and DREs with VVPAT","Hand Count and DRE",
"5501350650","Wisconsin","Town of Meenon (Burnett County)","630","1","Assigned Polling Place","No","Hand marked paper ballots and DREs with VVPAT","Hand Count and DRE",
"5501359075","Wisconsin","Town of Oakland (Burnett County)","613","1","Assigned Polling Place","No","Hand marked paper ballots and DREs with VVPAT","Hand Count and DRE",
"5501369325","Wisconsin","Town of Roosevelt (Burnett County)","136","1","Assigned Polling Place","No","Hand marked paper ballots and DREs with VVPAT","Hand Count and DRE",
"5501370225","Wisconsin","Town of Rusk (Burnett County)","298","1","Assigned Polling Place","No","Hand marked paper ballots and DREs with VVPAT","Hand Count and DRE",
"5501371450","Wisconsin","Town of Sand Lake (Burnett County)","297","1","Assigned Polling Place","No","Hand marked paper ballots and DREs with VVPAT","Hand Count and DRE",
"5501372225","Wisconsin","Town of Scott (Burnett County)","560","1","Assigned Polling Place","No","Hand marked paper ballots and DREs with VVPAT","Hand Count and DRE",
"5501374175","Wisconsin","Village of Siren (Burnett County)","450","1","Assigned Polling Place","No","Hand marked paper ballots and DREs with VVPAT","Hand Count and DRE",
"5501374200","Wisconsin","Town of Siren (Burnett County)","607","1","Assigned Polling Place","No","Hand marked paper ballots and DREs with VVPAT","Hand Count and DRE",
"5501378775","Wisconsin","Town of Swiss (Burnett County)","503","1","Assigned Polling Place","No","Hand marked paper ballots and DREs with VVPAT","Hand Count and DRE",
"5501380375","Wisconsin","Town of Trade Lake (Burnett County)","624","1","Assigned Polling Place","No","Hand marked paper ballots and DREs with VVPAT","Hand Count and DRE",
"5501381500","Wisconsin","Town of Union (Burnett County)","227","1","Assigned Polling Place","No","Hand marked paper ballots and DREs with VVPAT","Hand Count and DRE",
"5501384975","Wisconsin","Town of Webb Lake (Burnett County)","366","1","Assigned Polling Place","No","Hand marked paper ballots and DREs with VVPAT","Hand Count and DRE",
"5501385025","Wisconsin","Village of Webster (Burnett County)","455","1","Assigned Polling Place","No","Hand marked paper ballots and DREs with VVPAT","Hand Count and DRE",
"5501385850","Wisconsin","Town of West Marshland (Burnett County)","217","1","Assigned Polling Place","No","Hand marked paper ballots and DREs with VVPAT","Hand Count and DRE",
"5501388900","Wisconsin","Town of Wood River (Burnett County)","597","1","Assigned Polling Place","No","Hand marked paper ballots and DREs with VVPAT","Hand Count and DRE",
"5501509725","Wisconsin","City of Brillion (Calumet County)","1717","1","Assigned Polling Place","No","Hand marked paper ballots and DREs with VVPAT","Hand Count, Optical Scan, and DRE",
"5501509750","Wisconsin","Town of Brillion (Calumet County)","901","1","Assigned Polling Place","No","Hand marked paper ballots and DREs with VVPAT","Hand Count, Optical Scan, and DRE",
"5501510350","Wisconsin","Town of Brothertown (Calumet County)","851","1","Assigned Polling Place","No","Hand marked paper ballots and DREs with VVPAT","Hand Count, Optical Scan, and DRE",
"5501514000","Wisconsin","Town of Charlestown (Calumet County)","495","1","Assigned Polling Place","No","Hand marked paper ballots and DREs with VVPAT","Hand Count, Optical Scan, and DRE",
"5501514475","Wisconsin","City of Chilton (Calumet County)","2388","1","Assigned Polling Place","No","Hand marked paper ballots and DREs with VVPAT","Hand Count, Optical Scan, and DRE",
"5501514500","Wisconsin","Town of Chilton (Calumet County)","732","1","Assigned Polling Place","No","Hand marked paper ballots and DREs with VVPAT","Hand Count, Optical Scan, and DRE",
"5501532800","Wisconsin","Town of Harrison (Calumet County)","6724","4","Assigned Polling Place","No","Hand marked paper ballots and DREs with VVPAT","Hand Count, Optical Scan, and DRE",
"5501534575","Wisconsin","Village of Hilbert (Calumet County)","680","1","Assigned Polling Place","No","Hand marked paper ballots and DREs with VVPAT","Hand Count, Optical Scan, and DRE",
"5501556800","Wisconsin","City of New Holstein (Calumet County)","2105","1","Assigned Polling Place","No","Hand marked paper ballots and DREs with VVPAT","Hand Count, Optical Scan, and DRE",
"5501556825","Wisconsin","Town of New Holstein (Calumet County)","879","1","Assigned Polling Place","No","Hand marked paper ballots and DREs with VVPAT","Hand Count, Optical Scan, and DRE",
"5501564675","Wisconsin","Village of Potter (Calumet County)","168","1","Assigned Polling Place","No","Hand marked paper ballots and DREs with VVPAT","Hand Count, Optical Scan, and DRE",
"5501566275","Wisconsin","Town of Rantoul (Calumet County)","505","1","Assigned Polling Place","No","Hand marked paper ballots and DREs with VVPAT","Hand Count, Optical Scan, and DRE",
"5501573525","Wisconsin","Village of Sherwood (Calumet County)","1798","1","Assigned Polling Place","No","Hand marked paper ballots and DREs with VVPAT","Hand Count, Optical Scan, and DRE",
"5501577400","Wisconsin","Village of Stockbridge (Calumet County)","884","1","Assigned Polling Place","No","Hand marked paper ballots and DREs with VVPAT","Hand Count, Optical Scan, and DRE",
"5501577425","Wisconsin","Town of Stockbridge (Calumet County)","1025","1","Assigned Polling Place","No","Hand marked paper ballots and DREs with VVPAT","Hand Count, Optical Scan, and DRE",
"5501589000","Wisconsin","Town of Woodville (Calumet County)","617","1","Assigned Polling Place","No","Hand marked paper ballots and DREs with VVPAT","Hand Count, Optical Scan, and DRE",
"5501702175","Wisconsin","Town of Anson (Chippewa County)","1272","2","Assigned Polling Place","No","Hand marked paper ballots and DREs with VVPAT","Optical Scan and DRE",
"5501703075","Wisconsin","Town of Arthur (Chippewa County)","424","1","Assigned Polling Place","No","Hand marked paper ballots and DREs with VVPAT","Optical Scan and DRE",
"5501703725","Wisconsin","Town of Auburn (Chippewa County)","398","1","Assigned Polling Place","No","Hand marked paper ballots and DREs with VVPAT","Optical Scan and DRE",
"5501707525","Wisconsin","Town of Birch Creek (Chippewa County)","362","1","Assigned Polling Place","No","Hand marked paper ballots and DREs with VVPAT","Optical Scan and DRE",
"5501708225","Wisconsin","City of Bloomer (Chippewa County)","2182","1","Assigned Polling Place","No","Hand marked paper ballots and DREs with VVPAT","Optical Scan and DRE",
"5501708250","Wisconsin","Town of Bloomer (Chippewa County)","546","1","Assigned Polling Place","No","Hand marked paper ballots and DREs with VVPAT","Optical Scan and DRE",
"5501709075","Wisconsin","Village of Boyd (Chippewa County)","374","1","Assigned Polling Place","No","Hand marked paper ballots and DREs with VVPAT","Optical Scan and DRE",
"5501711750","Wisconsin","Village of Cadott (Chippewa County)","746","1","Assigned Polling Place","No","Hand marked paper ballots and DREs with VVPAT","Optical Scan and DRE",
"5501714575","Wisconsin","City of Chippewa Falls (Chippewa County)","9604","7","Assigned Polling Place","No","Hand marked paper ballots and DREs with VVPAT","Optical Scan and DRE",
"5501715350","Wisconsin","Town of Cleveland (Chippewa County)","484","1","Assigned Polling Place","No","Hand marked paper ballots and DREs with VVPAT","Optical Scan and DRE",
"5501716125","Wisconsin","Town of Colburn (Chippewa County)","450","1","Assigned Polling Place","No","Hand marked paper ballots and DREs with VVPAT","Optical Scan and DRE",
"5501716800","Wisconsin","Town of Cooks Valley (Chippewa County)","416","1","Assigned Polling Place","No","Hand marked paper ballots and DREs with VVPAT","Optical Scan and DRE",
"5501717100","Wisconsin","City of Cornell (Chippewa County)","804","1","Assigned Polling Place","No","Hand marked paper ballots and DREs with VVPAT","Optical Scan and DRE",
"5501719625","Wisconsin","Town of Delmar (Chippewa County)","545","1","Assigned Polling Place","No","Hand marked paper ballots and DREs with VVPAT","Optical Scan and DRE",
"5501721600","Wisconsin","Town of Eagle Point (Chippewa County)","2094","1","Assigned Polling Place","No","Hand marked paper ballots and DREs with VVPAT","Optical Scan and DRE",
"5501722750","Wisconsin","Town of Edson (Chippewa County)","498","1","Assigned Polling Place","No","Hand marked paper ballots and DREs with VVPAT","Optical Scan and DRE",
"5501724375","Wisconsin","Town of Estella (Chippewa County)","279","1","Assigned Polling Place","No","Hand marked paper ballots and DREs with VVPAT","Optical Scan and DRE",
"5501729700","Wisconsin","Town of Goetz (Chippewa County)","439","2","Assigned Polling Place","No","Hand marked paper ballots and DREs with VVPAT","Optical Scan and DRE",
"5501732125","Wisconsin","Town of Hallie (Chippewa County)","111","1","Assigned Polling Place","No","Hand marked paper ballots and DREs with VVPAT","Optical Scan and DRE",
"5501736000","Wisconsin","Town of Howard (Chippewa County)","440","1","Assigned Polling Place","No","Hand marked paper ballots and DREs with VVPAT","Optical Scan and DRE",
"5501740900","Wisconsin","Town of Lafayette (Chippewa County)","4318","1","Assigned Polling Place","No","Hand marked paper ballots and DREs with VVPAT","Optical Scan and DRE",
"5501741525","Wisconsin","Village of Lake Hallie (Chippewa County)","3950","1","Assigned Polling Place","No","Hand marked paper ballots and DREs with VVPAT","Optical Scan and DRE",
"5501741550","Wisconsin","Town of Lake Holcombe (Chippewa County)","693","1","Assigned Polling Place","No","Hand marked paper ballots and DREs with VVPAT","Optical Scan and DRE",
"5501756350","Wisconsin","Village of New Auburn (Chippewa County)","284","3","Assigned Polling Place","No","Hand marked paper ballots and DREs with VVPAT","Optical Scan and DRE",
"5501769975","Wisconsin","Town of Ruby (Chippewa County)","247","1","Assigned Polling Place","No","Hand marked paper ballots and DREs with VVPAT","Optical Scan and DRE",
"5501771275","Wisconsin","Town of Sampson (Chippewa County)","557","1","Assigned Polling Place","No","Hand marked paper ballots and DREs with VVPAT","Optical Scan and DRE",
"5501773875","Wisconsin","Town of Sigel (Chippewa County)","572","1","Assigned Polling Place","No","Hand marked paper ballots and DREs with VVPAT","Optical Scan and DRE",
"5501776625","Wisconsin","City of Stanley (Chippewa County)","1195","2","Assigned Polling Place","No","Hand marked paper ballots and DREs with VVPAT","Optical Scan and DRE",
"5501779875","Wisconsin","Town of Tilden (Chippewa County)","879","1","Assigned Polling Place","No","Hand marked paper ballots and DREs with VVPAT","Optical Scan and DRE",
"5501786537","Wisconsin","Town of Wheaton (Chippewa County)","1675","1","Assigned Polling Place","No","Hand marked paper ballots and DREs with VVPAT","Optical Scan and DRE",
"5501788875","Wisconsin","Town of Woodmohr (Chippewa County)","564","1","Assigned Polling Place","No","Hand marked paper ballots and DREs with VVPAT","Optical Scan and DRE",
"5501900100","Wisconsin","City of Abbotsford (Clark County)","1184","3","Assigned Polling Place","No","Hand marked paper ballots and DREs with VVPAT","Optical Scan and DRE",
"5501905750","Wisconsin","Town of Beaver (Clark County)","329","1","Assigned Polling Place","No","Hand marked paper ballots and DREs with VVPAT","Optical Scan and DRE",
"5501911425","Wisconsin","Town of Butler (Clark County)","60","1","Assigned Polling Place","No","Hand marked paper ballots and DREs with VVPAT","Optical Scan and DRE",
"5501916150","Wisconsin","City of Colby (Clark County)","991","2","Assigned Polling Place","No","Hand marked paper ballots and DREs with VVPAT","Optical Scan and DRE",
"5501916175","Wisconsin","Town of Colby (Clark County)","350","1","Assigned Polling Place","No","Hand marked paper ballots and DREs with VVPAT","Optical Scan and DRE",
"5501918125","Wisconsin","Village of Curtiss (Clark County)","83","1","Assigned Polling Place","No","Hand marked paper ballots and DREs with VVPAT","Optical Scan and DRE",
"5501920025","Wisconsin","Town of Dewhurst (Clark County)","209","1","Assigned Polling Place","No","Hand marked paper ballots and DREs with VVPAT","Optical Scan and DRE",
"5501920450","Wisconsin","Village of Dorchester (Clark County)","429","3","Assigned Polling Place","No","Hand marked paper ballots and DREs with VVPAT","Optical Scan and DRE",
"5501922250","Wisconsin","Town of Eaton (Clark County)","309","1","Assigned Polling Place","No","Hand marked paper ballots and DREs with VVPAT","Optical Scan and DRE",
"5501926775","Wisconsin","Town of Foster (Clark County)","76","1","Assigned Polling Place","No","Hand marked paper ballots and DREs with VVPAT","Optical Scan and DRE",
"5501927775","Wisconsin","Town of Fremont (Clark County)","604","1","Assigned Polling Place","No","Hand marked paper ballots and DREs with VVPAT","Optical Scan and DRE",
"5501930275","Wisconsin","Town of Grant (Clark County)","523","1","Assigned Polling Place","No","Hand marked paper ballots and DREs with VVPAT","Optical Scan and DRE",
"5501930425","Wisconsin","Village of Granton (Clark County)","225","1","Assigned Polling Place","No","Hand marked paper ballots and DREs with VVPAT","Optical Scan and DRE",
"5501931275","Wisconsin","Town of Green Grove (Clark County)","332","1","Assigned Polling Place","No","Hand marked paper ballots and DREs with VVPAT","Optical Scan and DRE",
"5501931575","Wisconsin","City of Greenwood (Clark County)","641","1","Assigned Polling Place","No","Hand marked paper ballots and DREs with VVPAT","Optical Scan and DRE",
"5501933900","Wisconsin","Town of Hendren (Clark County)","295","1","Assigned Polling Place","No","Hand marked paper ballots and DREs with VVPAT","Optical Scan and DRE",
"5501934200","Wisconsin","Town of Hewett (Clark County)","189","1","Assigned Polling Place","No","Hand marked paper ballots and DREs with VVPAT","Optical Scan and DRE",
"5501935050","Wisconsin","Town of Hixon (Clark County)","296","1","Assigned Polling Place","No","Hand marked paper ballots and DREs with VVPAT","Optical Scan and DRE",
"5501935125","Wisconsin","Town of Hoard (Clark County)","335","1","Assigned Polling Place","No","Hand marked paper ballots and DREs with VVPAT","Optical Scan and DRE",
"5501943700","Wisconsin","Town of Levis (Clark County)","295","1","Assigned Polling Place","No","Hand marked paper ballots and DREs with VVPAT","Optical Scan and DRE",
"5501945700","Wisconsin","Town of Longwood (Clark County)","299","1","Assigned Polling Place","No","Hand marked paper ballots and DREs with VVPAT","Optical Scan and DRE",
"5501946075","Wisconsin","City of Loyal (Clark County)","821","1","Assigned Polling Place","No","Hand marked paper ballots and DREs with VVPAT","Optical Scan and DRE",
"5501946100","Wisconsin","Town of Loyal (Clark County)","316","1","Assigned Polling Place","No","Hand marked paper ballots and DREs with VVPAT","Optical Scan and DRE",
"5501946625","Wisconsin","Town of Lynn (Clark County)","343","1","Assigned Polling Place","No","Hand marked paper ballots and DREs with VVPAT","Optical Scan and DRE",
"5501950175","Wisconsin","Town of Mayville (Clark County)","490","1","Assigned Polling Place","No","Hand marked paper ballots and DREs with VVPAT","Optical Scan and DRE",
"5501950275","Wisconsin","Town of Mead (Clark County)","157","1","Assigned Polling Place","No","Hand marked paper ballots and DREs with VVPAT","Optical Scan and DRE",
"5501951125","Wisconsin","Town of Mentor (Clark County)","336","1","Assigned Polling Place","No","Hand marked paper ballots and DREs with VVPAT","Optical Scan and DRE",
"5501955800","Wisconsin","City of Neillsville (Clark County)","1381","5","Assigned Polling Place","No","Hand marked paper ballots and BMDs","Optical Scan and DRE",
"5501960825","Wisconsin","City of Owen (Clark County)","575","1","Assigned Polling Place","No","Hand marked paper ballots and DREs with VVPAT","Optical Scan and DRE",
"5501963000","Wisconsin","Town of Pine Valley (Clark County)","722","1","Assigned Polling Place","No","Hand marked paper ballots and DREs with VVPAT","Optical Scan and DRE",
"5501967025","Wisconsin","Town of Reseburg (Clark County)","239","1","Assigned Polling Place","No","Hand marked paper ballots and DREs with VVPAT","Optical Scan and DRE",
"5501972450","Wisconsin","Town of Seif (Clark County)","139","1","Assigned Polling Place","No","Hand marked paper ballots and DREs with VVPAT","Optical Scan and DRE",
"5501973350","Wisconsin","Town of Sherman (Clark County)","404","1","Assigned Polling Place","No","Hand marked paper ballots and DREs with VVPAT","Optical Scan and DRE",
"5501973550","Wisconsin","Town of Sherwood (Clark County)","176","1","Assigned Polling Place","No","Hand marked paper ballots and DREs with VVPAT","Optical Scan and DRE",
"5501979625","Wisconsin","City of Thorp (Clark County)","1004","1","Assigned Polling Place","No","Hand marked paper ballots and DREs with VVPAT","Optical Scan and DRE",
"5501979650","Wisconsin","Town of Thorp (Clark County)","381","1","Assigned Polling Place","No","Hand marked paper ballots and DREs with VVPAT","Optical Scan and DRE",
"5501981825","Wisconsin","Town of Unity (Clark County)","392","1","Assigned Polling Place","No","Hand marked paper ballots and DREs with VVPAT","Optical Scan and DRE",
"5501983350","Wisconsin","Town of Warner (Clark County)","308","1","Assigned Polling Place","No","Hand marked paper ballots and DREs with VVPAT","Optical Scan and DRE",
"5501983575","Wisconsin","Town of Washburn (Clark County)","215","1","Assigned Polling Place","No","Hand marked paper ballots and DREs with VVPAT","Optical Scan and DRE",
"5501985925","Wisconsin","Town of Weston (Clark County)","411","1","Assigned Polling Place","No","Hand marked paper ballots and DREs with VVPAT","Optical Scan and DRE",
"5501988275","Wisconsin","Village of Withee (Clark County)","289","1","Assigned Polling Place","No","Hand marked paper ballots and DREs with VVPAT","Optical Scan and DRE",
"5501988300","Wisconsin","Town of Withee (Clark County)","401","1","Assigned Polling Place","No","Hand marked paper ballots and DREs with VVPAT","Optical Scan and DRE",
"5501989125","Wisconsin","Town of Worden (Clark County)","299","1","Assigned Polling Place","No","Hand marked paper ballots and DREs with VVPAT","Optical Scan and DRE",
"5501989425","Wisconsin","Town of York (Clark County)","460","1","Assigned Polling Place","No","Hand marked paper ballots and DREs with VVPAT","Optical Scan and DRE",
"5502102800","Wisconsin","Village of Arlington (Columbia County)","545","1","Assigned Polling Place","No","Hand marked paper ballots and BMDs","Optical Scan",
"5502102825","Wisconsin","Town of Arlington (Columbia County)","549","1","Assigned Polling Place","No","Hand marked paper ballots and BMDs","Optical Scan",
"5502111900","Wisconsin","Town of Caledonia (Columbia County)","933","1","Assigned Polling Place","No","Hand marked paper ballots and BMDs","Optical Scan",
"5502112200","Wisconsin","Village of Cambria (Columbia County)","444","1","Assigned Polling Place","No","Hand marked paper ballots and BMDs","Optical Scan",
"5502116450","Wisconsin","City of Columbus (Columbia County)","3118","2","Assigned Polling Place","No","Hand marked paper ballots and BMDs","Optical Scan",
"5502116475","Wisconsin","Town of Columbus (Columbia County)","425","1","Assigned Polling Place","No","Hand marked paper ballots and BMDs","Optical Scan",
"5502117325","Wisconsin","Town of Courtland (Columbia County)","328","1","Assigned Polling Place","No","Hand marked paper ballots and BMDs","Optical Scan",
"5502119375","Wisconsin","Town of Dekorra (Columbia County)","2844","1","Assigned Polling Place","No","Hand marked paper ballots and BMDs","Optical Scan",
"5502120775","Wisconsin","Village of Doylestown (Columbia County)","178","1","Assigned Polling Place","No","Hand marked paper ballots and BMDs","Optical Scan",
"5502125150","Wisconsin","Village of Fall River (Columbia County)","808","1","Assigned Polling Place","No","Hand marked paper ballots and BMDs","Optical Scan",
"5502126725","Wisconsin","Town of Fort Winnebago (Columbia County)","624","1","Assigned Polling Place","No","Hand marked paper ballots and BMDs","Optical Scan",
"5502126875","Wisconsin","Town of Fountain Prairie (Columbia County)","581","1","Assigned Polling Place","No","Hand marked paper ballots and BMDs","Optical Scan",
"5502128000","Wisconsin","Village of Friesland (Columbia County)","219","1","Assigned Polling Place","No","Hand marked paper ballots and BMDs","Optical Scan",
"5502132375","Wisconsin","Town of Hampden (Columbia County)","388","1","Assigned Polling Place","No","Hand marked paper ballots and BMDs","Optical Scan",
"5502143125","Wisconsin","Town of Leeds (Columbia County)","584","1","Assigned Polling Place","No","Hand marked paper ballots and BMDs","Optical Scan",
"5502143775","Wisconsin","Town of Lewiston (Columbia County)","755","1","Assigned Polling Place","No","Hand marked paper ballots and BMDs","Optical Scan",
"5502145350","Wisconsin","City of Lodi (Columbia County)","1777","1","Assigned Polling Place","No","Hand marked paper ballots and BMDs","Optical Scan",
"5502145375","Wisconsin","Town of Lodi (Columbia County)","2195","1","Assigned Polling Place","No","Hand marked paper ballots and BMDs","Optical Scan",
"5502146050","Wisconsin","Town of Lowville (Columbia County)","702","1","Assigned Polling Place","No","Hand marked paper ballots and BMDs","Optical Scan",
"5502149150","Wisconsin","Town of Marcellon (Columbia County)","665","1","Assigned Polling Place","No","Hand marked paper ballots and BMDs","Optical Scan",
"5502157025","Wisconsin","Town of Newport (Columbia County)","476","1","Assigned Polling Place","No","Hand marked paper ballots and BMDs","Optical Scan",
"5502160687","Wisconsin","Town of Otsego (Columbia County)","436","1","Assigned Polling Place","No","Hand marked paper ballots and BMDs","Optical Scan",
"5502160925","Wisconsin","Town of Pacific (Columbia County)","1907","1","Assigned Polling Place","No","Hand marked paper ballots and BMDs","Optical Scan",
"5502161100","Wisconsin","Village of Pardeeville (Columbia County)","1301","1","Assigned Polling Place","No","Hand marked paper ballots and BMDs","Optical Scan",
"5502164100","Wisconsin","City of Portage (Columbia County)","6044","3","Assigned Polling Place","No","Hand marked paper ballots and BMDs","Optical Scan",
"5502164900","Wisconsin","Village of Poynette (Columbia County)","1428","1","Assigned Polling Place","No","Hand marked paper ballots and BMDs","Optical Scan",
"5502166175","Wisconsin","Town of Randolph (Columbia County)","503","1","Assigned Polling Place","No","Hand marked paper ballots and BMDs","Optical Scan",
"5502168100","Wisconsin","Village of Rio (Columbia County)","636","1","Assigned Polling Place","No","Hand marked paper ballots and BMDs","Optical Scan",
"5502172250","Wisconsin","Town of Scott (Columbia County)","445","1","Assigned Polling Place","No","Hand marked paper ballots and BMDs","Optical Scan",
"5502176225","Wisconsin","Town of Springvale (Columbia County)","336","1","Assigned Polling Place","No","Hand marked paper ballots and BMDs","Optical Scan",
"5502186100","Wisconsin","Town of West Point (Columbia County)","1450","1","Assigned Polling Place","No","Hand marked paper ballots and BMDs","Optical Scan",
"5502188150","Wisconsin","City of Wisconsin Dells (Columbia County)","1523","5","Assigned Polling Place","No","Hand marked paper ballots and BMDs","Optical Scan",
"5502189300","Wisconsin","Village of Wyocena (Columbia County)","403","1","Assigned Polling Place","No","Hand marked paper ballots and BMDs","Optical Scan",
"5502189325","Wisconsin","Town of Wyocena (Columbia County)","1063","1","Assigned Polling Place","No","Hand marked paper ballots and BMDs","Optical Scan",
"5502306225","Wisconsin","Village of Bell Center (Crawford County)","60","1","Assigned Polling Place","No","Hand marked paper ballots and DREs with VVPAT","Hand Count and DRE",
"5502309550","Wisconsin","Town of Bridgeport (Crawford County)","619","1","Assigned Polling Place","No","Hand marked paper ballots and DREs with VVPAT","Hand Count and DRE",
"5502315075","Wisconsin","Town of Clayton (Crawford County)","555","1","Assigned Polling Place","No","Hand marked paper ballots and DREs with VVPAT","Hand Count and DRE",
"5502321900","Wisconsin","Village of Eastman (Crawford County)","228","1","Assigned Polling Place","No","Hand marked paper ballots and DREs with VVPAT","Hand Count and DRE",
"5502321925","Wisconsin","Town of Eastman (Crawford County)","428","1","Assigned Polling Place","No","Hand marked paper ballots and DREs with VVPAT","Hand Count and DRE",
"5502325725","Wisconsin","Village of Ferryville (Crawford County)","145","1","Assigned Polling Place","No","Hand marked paper ballots and DREs with VVPAT","Hand Count and DRE",
"5502327700","Wisconsin","Town of Freeman (Crawford County)","450","1","Assigned Polling Place","No","Hand marked paper ballots and DREs with VVPAT","Hand Count and DRE",
"5502328450","Wisconsin","Village of Gays Mills (Crawford County)","369","1","Assigned Polling Place","No","Hand marked paper ballots and DREs with VVPAT","Hand Count and DRE",
"5502332500","Wisconsin","Town of Haney (Crawford County)","196","1","Assigned Polling Place","No","Hand marked paper ballots and DREs with VVPAT","Hand Count and DRE",
"5502346675","Wisconsin","Village of Lynxville (Crawford County)","108","1","Assigned Polling Place","No","Hand marked paper ballots and DREs with VVPAT","Hand Count and DRE",
"5502349275","Wisconsin","Town of Marietta (Crawford County)","300","1","Assigned Polling Place","No","Hand marked paper ballots and DREs with VVPAT","Hand Count and DRE",
"5502354900","Wisconsin","Village of Mount Sterling (Crawford County)","122","1","Assigned Polling Place","No","Hand marked paper ballots and DREs with VVPAT","Hand Count and DRE",
"5502365050","Wisconsin","City of Prairie du Chien (Crawford County)","3806","6","Assigned Polling Place","No","Hand marked paper ballots and DREs with VVPAT","Hand Count and DRE",
"5502365075","Wisconsin","Town of Prairie du Chien (Crawford County)","574","1","Assigned Polling Place","No","Hand marked paper ballots and DREs with VVPAT","Hand Count and DRE",
"5502372275","Wisconsin","Town of Scott (Crawford County)","296","1","Assigned Polling Place","No","Hand marked paper ballots and DREs with VVPAT","Hand Count and DRE",
"5502372500","Wisconsin","Town of Seneca (Crawford County)","526","1","Assigned Polling Place","No","Hand marked paper ballots and DREs with VVPAT","Hand Count and DRE",
"5502374550","Wisconsin","Village of Soldiers Grove (Crawford County)","378","1","Assigned Polling Place","No","Hand marked paper ballots and DREs with VVPAT","Hand Count and DRE",
"5502377175","Wisconsin","Village of Steuben (Crawford County)","70","1","Assigned Polling Place","No","Hand marked paper ballots and DREs with VVPAT","Hand Count and DRE",
"5502382100","Wisconsin","Town of Utica (Crawford County)","449","1","Assigned Polling Place","No","Hand marked paper ballots and DREs with VVPAT","Hand Count and DRE",
"5502384725","Wisconsin","Village of Wauzeka (Crawford County)","360","1","Assigned Polling Place","No","Hand marked paper ballots and DREs with VVPAT","Hand Count and DRE",
"5502384750","Wisconsin","Town of Wauzeka (Crawford County)","238","1","Assigned Polling Place","No","Hand marked paper ballots and DREs with VVPAT","Hand Count and DRE",
"5502500875","Wisconsin","Town of Albion (Dane County)","1280","1","Assigned Polling Place","No","Hand marked paper ballots and BMDs","Optical Scan",
"5502506300","Wisconsin","Village of Belleville (Dane County)","1506","2","Assigned Polling Place","No","Hand marked paper ballots and BMDs","Optical Scan",
"5502507025","Wisconsin","Town of Berry (Dane County)","904","1","Assigned Polling Place","No","Hand marked paper ballots and BMDs","Optical Scan",
"5502507800","Wisconsin","Village of Black Earth (Dane County)","944","1","Assigned Polling Place","No","Hand marked paper ballots and BMDs","Optical Scan",
"5502507825","Wisconsin","Town of Black Earth (Dane County)","343","1","Assigned Polling Place","No","Hand marked paper ballots and BMDs","Optical Scan",
"5502508350","Wisconsin","Town of Blooming Grove (Dane County)","1548","1","Assigned Polling Place","No","Hand marked paper ballots and BMDs","Optical Scan",
"5502508475","Wisconsin","Village of Blue Mounds (Dane County)","501","1","Assigned Polling Place","No","Hand marked paper ballots and BMDs","Optical Scan",
"5502508500","Wisconsin","Town of Blue Mounds (Dane County)","638","1","Assigned Polling Place","No","Hand marked paper ballots and BMDs","Optical Scan",
"5502509775","Wisconsin","Town of Bristol (Dane County)","2357","1","Assigned Polling Place","No","Hand marked paper ballots and BMDs","Optical Scan",
"5502510075","Wisconsin","Village of Brooklyn (Dane County)","814","2","Assigned Polling Place","No","Hand marked paper ballots and BMDs","Optical Scan",
"5502511150","Wisconsin","Town of Burke (Dane County)","2380","1","Assigned Polling Place","No","Hand marked paper ballots and BMDs","Optical Scan",
"5502512225","Wisconsin","Village of Cambridge (Dane County)","1009","2","Assigned Polling Place","No","Hand marked paper ballots and BMDs","Optical Scan",
"5502514650","Wisconsin","Town of Christiana (Dane County)","801","1","Assigned Polling Place","No","Hand marked paper ballots and BMDs","Optical Scan",
"5502517175","Wisconsin","Village of Cottage Grove (Dane County)","4971","1","Assigned Polling Place","No","Hand marked paper ballots and BMDs","Optical Scan",
"5502517200","Wisconsin","Town of Cottage Grove (Dane County)","2609","2","Assigned Polling Place","No","Hand marked paper ballots and BMDs","Optical Scan",
"5502517775","Wisconsin","Village of Cross Plains (Dane County)","2366","1","Assigned Polling Place","No","Hand marked paper ballots and BMDs","Optical Scan",
"5502517800","Wisconsin","Town of Cross Plains (Dane County)","1114","2","Assigned Polling Place","No","Hand marked paper ballots and BMDs","Optical Scan",
"5502518700","Wisconsin","Village of Dane (Dane County)","566","1","Assigned Polling Place","No","Hand marked paper ballots and BMDs","Optical Scan",
"5502518725","Wisconsin","Town of Dane (Dane County)","586","1","Assigned Polling Place","No","Hand marked paper ballots and BMDs","Optical Scan",
"5502519250","Wisconsin","Village of Deerfield (Dane County)","1330","1","Assigned Polling Place","No","Hand marked paper ballots and BMDs","Optical Scan",
"5502519275","Wisconsin","Town of Deerfield (Dane County)","951","1","Assigned Polling Place","No","Hand marked paper ballots and BMDs","Optical Scan",
"5502519350","Wisconsin","Village of DeForest (Dane County)","5929","5","Assigned Polling Place","No","Hand marked paper ballots and BMDs","Optical Scan",
"5502521100","Wisconsin","Town of Dunkirk (Dane County)","1332","2","Assigned Polling Place","No","Hand marked paper ballots and BMDs","Optical Scan",
"5502521125","Wisconsin","Town of Dunn (Dane County)","3861","1","Assigned Polling Place","No","Hand marked paper ballots and BMDs","Optical Scan",
"5502525950","Wisconsin","City of Fitchburg (Dane County)","16370","6","Assigned Polling Place","No","Hand marked paper ballots and BMDs","Optical Scan",
"5502548000","Wisconsin","City of Madison (Dane County)","221999","117","Assigned Polling Place","No","Hand marked paper ballots and BMDs","Optical Scan",
"5502548025","Wisconsin","Town of Madison (Dane County)","4798","2","Assigned Polling Place","No","Hand marked paper ballots and BMDs","Optical Scan",
"5502548750","Wisconsin","Village of Maple Bluff (Dane County)","1135","1","Assigned Polling Place","No","Hand marked paper ballots and BMDs","Optical Scan",
"5502549575","Wisconsin","Village of Marshall (Dane County)","2172","1","Assigned Polling Place","No","Hand marked paper ballots and BMDs","Optical Scan",
"5502550225","Wisconsin","Village of Mazomanie (Dane County)","1294","1","Assigned Polling Place","No","Hand marked paper ballots and BMDs","Optical Scan",
"5502550250","Wisconsin","Town of Mazomanie (Dane County)","743","1","Assigned Polling Place","No","Hand marked paper ballots and BMDs","Optical Scan",
"5502546850","Wisconsin","Village of McFarland (Dane County)","6030","1","Assigned Polling Place","No","Hand marked paper ballots and BMDs","Optical Scan",
"5502550475","Wisconsin","Town of Medina (Dane County)","824","1","Assigned Polling Place","No","Hand marked paper ballots and BMDs","Optical Scan",
"5502551575","Wisconsin","City of Middleton (Dane County)","16472","4","Assigned Polling Place","No","Hand marked paper ballots and BMDs","Optical Scan",
"5502551600","Wisconsin","Town of Middleton (Dane County)","4428","1","Assigned Polling Place","No","Hand marked paper ballots and BMDs","Optical Scan",
"5502553675","Wisconsin","City of Monona (Dane County)","6686","2","Assigned Polling Place","No","Hand marked paper ballots and BMDs","Optical Scan",
"5502554100","Wisconsin","Town of Montrose (Dane County)","791","1","Assigned Polling Place","No","Hand marked paper ballots and BMDs","Optical Scan",
"5502554725","Wisconsin","Village of Mount Horeb (Dane County)","4379","2","Assigned Polling Place","No","Hand marked paper ballots and BMDs","Optical Scan",
"5502560200","Wisconsin","Village of Oregon (Dane County)","6770","3","Assigned Polling Place","No","Hand marked paper ballots and BMDs","Optical Scan",
"5502560225","Wisconsin","Town of Oregon (Dane County)","2617","1","Assigned Polling Place","No","Hand marked paper ballots and BMDs","Optical Scan",
"5502562050","Wisconsin","Town of Perry (Dane County)","524","1","Assigned Polling Place","No","Hand marked paper ballots and BMDs","Optical Scan",
"5502563375","Wisconsin","Town of Pleasant Springs (Dane County)","2070","1","Assigned Polling Place","No","Hand marked paper ballots and BMDs","Optical Scan",
"5502565575","Wisconsin","Town of Primrose (Dane County)","468","1","Assigned Polling Place","No","Hand marked paper ballots and BMDs","Optical Scan",
"5502568725","Wisconsin","Village of Rockdale (Dane County)","135","1","Assigned Polling Place","No","Hand marked paper ballots and BMDs","Optical Scan",
"5502569850","Wisconsin","Town of Roxbury (Dane County)","1139","1","Assigned Polling Place","No","Hand marked paper ballots and BMDs","Optical Scan",
"5502570400","Wisconsin","Town of Rutland (Dane County)","1327","1","Assigned Polling Place","No","Hand marked paper ballots and BMDs","Optical Scan",
"5502573750","Wisconsin","Village of Shorewood Hills (Dane County)","1316","1","Assigned Polling Place","No","Hand marked paper ballots and BMDs","Optical Scan",
"5502575850","Wisconsin","Town of Springdale (Dane County)","1295","1","Assigned Polling Place","No","Hand marked paper ballots and BMDs","Optical Scan",
"5502575875","Wisconsin","Town of Springfield (Dane County)","1861","1","Assigned Polling Place","No","Hand marked paper ballots and BMDs","Optical Scan",
"5502577675","Wisconsin","City of Stoughton (Dane County)","8798","4","Assigned Polling Place","No","Hand marked paper ballots and BMDs","Optical Scan",
"5502578600","Wisconsin","City of Sun Prairie (Dane County)","20855","4","Assigned Polling Place","No","Hand marked paper ballots and BMDs","Optical Scan",
"5502578625","Wisconsin","Town of Sun Prairie (Dane County)","1322","1","Assigned Polling Place","No","Hand marked paper ballots and BMDs","Optical Scan",
"5502582525","Wisconsin","Town of Vermont (Dane County)","639","1","Assigned Polling Place","No","Hand marked paper ballots and BMDs","Optical Scan",
"5502582600","Wisconsin","City of Verona (Dane County)","7851","3","Assigned Polling Place","No","Hand marked paper ballots and BMDs","Optical Scan",
"5502582625","Wisconsin","Town of Verona (Dane County)","1634","2","Assigned Polling Place","No","Hand marked paper ballots and BMDs","Optical Scan",
"5502582750","Wisconsin","Town of Vienna (Dane County)","947","1","Assigned Polling Place","No","Hand marked paper ballots and BMDs","Optical Scan",
"5502584350","Wisconsin","Village of Waunakee (Dane County)","5031","2","Assigned Polling Place","No","Hand marked paper ballots and BMDs","Optical Scan",
"5502586125","Wisconsin","Town of Westport (Dane County)","3644","1","Assigned Polling Place","No","Hand marked paper ballots and BMDs","Optical Scan",
"5502587750","Wisconsin","Town of Windsor (Dane County)","4902","3","Assigned Polling Place","No","Hand marked paper ballots and BMDs","Optical Scan",
"5502589450","Wisconsin","Town of York (Dane County)","418","1","Assigned Polling Place","No","Hand marked paper ballots and BMDs","Optical Scan",
"5502703200","Wisconsin","Town of Ashippun (Dodge County)","1849","1","Assigned Polling Place","No","Hand marked paper ballots and DREs with VVPAT","Optical Scan and DRE",
"5502705900","Wisconsin","City of Beaver Dam (Dodge County)","9806","6","Assigned Polling Place","No","Hand marked paper ballots and DREs with VVPAT","Optical Scan and DRE",
"5502705925","Wisconsin","Town of Beaver Dam (Dodge County)","2237","2","Assigned Polling Place","No","Hand marked paper ballots and DREs with VVPAT","Optical Scan and DRE",
"5502710450","Wisconsin","Village of Brownsville (Dodge County)","367","1","Assigned Polling Place","No","Hand marked paper ballots and DREs with VVPAT","Optical Scan and DRE",
"5502711275","Wisconsin","Town of Burnett (Dodge County)","601","1","Assigned Polling Place","No","Hand marked paper ballots and DREs with VVPAT","Optical Scan and DRE",
"5502711850","Wisconsin","Town of Calamus (Dodge County)","555","1","Assigned Polling Place","No","Hand marked paper ballots and DREs with VVPAT","Optical Scan and DRE",
"5502714300","Wisconsin","Town of Chester (Dodge County)","443","1","Assigned Polling Place","No","Hand marked paper ballots and DREs with VVPAT","Optical Scan and DRE",
"5502715900","Wisconsin","Village of Clyman (Dodge County)","245","1","Assigned Polling Place","No","Hand marked paper ballots and DREs with VVPAT","Optical Scan and DRE",
"5502715925","Wisconsin","Town of Clyman (Dodge County)","510","1","Assigned Polling Place","No","Hand marked paper ballots and DREs with VVPAT","Optical Scan and DRE",
"5502723000","Wisconsin","Town of Elba (Dodge County)","702","1","Assigned Polling Place","No","Hand marked paper ballots and DREs with VVPAT","Optical Scan and DRE",
"5502724000","Wisconsin","Town of Emmet (Dodge County)","816","1","Assigned Polling Place","No","Hand marked paper ballots and DREs with VVPAT","Optical Scan and DRE",
"5502727000","Wisconsin","City of Fox Lake (Dodge County)","879","1","Assigned Polling Place","No","Hand marked paper ballots and DREs with VVPAT","Optical Scan and DRE",
"5502727025","Wisconsin","Town of Fox Lake (Dodge County)","792","1","Assigned Polling Place","No","Hand marked paper ballots and DREs with VVPAT","Optical Scan and DRE",
"5502734000","Wisconsin","Town of Herman (Dodge County)","780","1","Assigned Polling Place","No","Hand marked paper ballots and DREs with VVPAT","Optical Scan and DRE",
"5502735750","Wisconsin","City of Horicon (Dodge County)","2139","1","Assigned Polling Place","No","Hand marked paper ballots and DREs with VVPAT","Optical Scan and DRE",
"5502736100","Wisconsin","Town of Hubbard (Dodge County)","1157","2","Assigned Polling Place","No","Hand marked paper ballots and DREs with VVPAT","Optical Scan and DRE",
"5502736625","Wisconsin","Village of Hustisford (Dodge County)","663","1","Assigned Polling Place","No","Hand marked paper ballots and DREs with VVPAT","Optical Scan and DRE",
"5502736650","Wisconsin","Town of Hustisford (Dodge County)","927","1","Assigned Polling Place","No","Hand marked paper ballots and DREs with VVPAT","Optical Scan and DRE",
"5502737150","Wisconsin","Village of Iron Ridge (Dodge County)","560","1","Assigned Polling Place","No","Hand marked paper ballots and DREs with VVPAT","Optical Scan and DRE",
"5502738675","Wisconsin","City of Juneau (Dodge County)","1157","1","Assigned Polling Place","No","Hand marked paper ballots and DREs with VVPAT","Optical Scan and DRE",
"5502738900","Wisconsin","Village of Kekoskee (Dodge County)","119","1","Assigned Polling Place","No","Hand marked paper ballots and DREs with VVPAT","Optical Scan and DRE",
"5502743050","Wisconsin","Town of Lebanon (Dodge County)","1026","1","Assigned Polling Place","No","Hand marked paper ballots and DREs with VVPAT","Optical Scan and DRE",
"5502743650","Wisconsin","Town of Leroy (Dodge County)","594","1","Assigned Polling Place","No","Hand marked paper ballots and DREs with VVPAT","Optical Scan and DRE",
"5502745475","Wisconsin","Village of Lomira (Dodge County)","1287","1","Assigned Polling Place","No","Hand marked paper ballots and DREs with VVPAT","Optical Scan and DRE",
"5502745500","Wisconsin","Town of Lomira (Dodge County)","662","2","Assigned Polling Place","No","Hand marked paper ballots and DREs with VVPAT","Optical Scan and DRE",
"5502745950","Wisconsin","Village of Lowell (Dodge County)","190","1","Assigned Polling Place","No","Hand marked paper ballots and DREs with VVPAT","Optical Scan and DRE",
"5502745975","Wisconsin","Town of Lowell (Dodge County)","639","2","Assigned Polling Place","No","Hand marked paper ballots and DREs with VVPAT","Optical Scan and DRE",
"5502750200","Wisconsin","City of Mayville (Dodge County)","3504","1","Assigned Polling Place","No","Hand marked paper ballots and DREs with VVPAT","Optical Scan and DRE",
"5502756075","Wisconsin","Village of Neosho (Dodge County)","382","1","Assigned Polling Place","No","Hand marked paper ballots and DREs with VVPAT","Optical Scan and DRE",
"5502759000","Wisconsin","Town of Oak Grove (Dodge County)","640","2","Assigned Polling Place","No","Hand marked paper ballots and DREs with VVPAT","Optical Scan and DRE",
"5502764375","Wisconsin","Town of Portland (Dodge County)","645","1","Assigned Polling Place","No","Hand marked paper ballots and DREs with VVPAT","Optical Scan and DRE",
"5502766150","Wisconsin","Village of Randolph (Dodge County)","1038","2","Assigned Polling Place","No","Hand marked paper ballots and DREs with VVPAT","Optical Scan and DRE",
"5502766900","Wisconsin","Village of Reeseville (Dodge County)","343","1","Assigned Polling Place","No","Hand marked paper ballots and DREs with VVPAT","Optical Scan and DRE",
"5502769962","Wisconsin","Town of Rubicon (Dodge County)","1390","1","Assigned Polling Place","No","Hand marked paper ballots and DREs with VVPAT","Optical Scan and DRE",
"5502773575","Wisconsin","Town of Shields (Dodge County)","331","1","Assigned Polling Place","No","Hand marked paper ballots and DREs with VVPAT","Optical Scan and DRE",
"5502779375","Wisconsin","Village of Theresa (Dodge County)","810","1","Assigned Polling Place","No","Hand marked paper ballots and DREs with VVPAT","Optical Scan and DRE",
"5502779425","Wisconsin","Town of Theresa (Dodge County)","649","2","Assigned Polling Place","No","Hand marked paper ballots and DREs with VVPAT","Optical Scan and DRE",
"5502780525","Wisconsin","Town of Trenton (Dodge County)","785","1","Assigned Polling Place","No","Hand marked paper ballots and DREs with VVPAT","Optical Scan and DRE",
"5502784425","Wisconsin","City of Waupun (Dodge County)","5578","5","Assigned Polling Place","No","Hand marked paper ballots and DREs with VVPAT","Optical Scan and DRE",
"5502785650","Wisconsin","Town of Westford (Dodge County)","795","3","Assigned Polling Place","No","Hand marked paper ballots and DREs with VVPAT","Optical Scan and DRE",
"5502787225","Wisconsin","Town of Williamstown (Dodge County)","482","1","Assigned Polling Place","No","Hand marked paper ballots and DREs with VVPAT","Optical Scan and DRE",
"5502904325","Wisconsin","Town of Baileys Harbor (Door County)","934","1","Assigned Polling Place","No","Hand marked paper ballots and DREs with VVPAT","Optical Scan and DRE",
"5502910700","Wisconsin","Town of Brussels (Door County)","879","1","Assigned Polling Place","No","Hand marked paper ballots and DREs with VVPAT","Optical Scan and DRE",
"5502915025","Wisconsin","Town of Clay Banks (Door County)","328","1","Assigned Polling Place","No","Hand marked paper ballots and DREs with VVPAT","Optical Scan and DRE",
"5502922850","Wisconsin","Village of Egg Harbor (Door County)","247","1","Assigned Polling Place","No","Hand marked paper ballots and DREs with VVPAT","Optical Scan and DRE",
"5502922875","Wisconsin","Town of Egg Harbor (Door County)","1316","2","Assigned Polling Place","No","Hand marked paper ballots and DREs with VVPAT","Optical Scan and DRE",
"5502924150","Wisconsin","Village of Ephraim (Door County)","302","1","Assigned Polling Place","No","Hand marked paper ballots and DREs with VVPAT","Optical Scan and DRE",
"5502926625","Wisconsin","Village of Forestville (Door County)","253","1","Assigned Polling Place","No","Hand marked paper ballots and DREs with VVPAT","Optical Scan and DRE",
"5502926650","Wisconsin","Town of Forestville (Door County)","846","1","Assigned Polling Place","No","Hand marked paper ballots and DREs with VVPAT","Optical Scan and DRE",
"5502928300","Wisconsin","Town of Gardner (Door County)","1317","1","Assigned Polling Place","No","Hand marked paper ballots and DREs with VVPAT","Optical Scan and DRE",
"5502928950","Wisconsin","Town of Gibraltar (Door County)","1145","1","Assigned Polling Place","No","Hand marked paper ballots and DREs with VVPAT","Optical Scan and DRE",
"5502937750","Wisconsin","Town of Jacksonport (Door County)","706","1","Assigned Polling Place","No","Hand marked paper ballots and DREs with VVPAT","Optical Scan and DRE",
"5502943925","Wisconsin","Town of Liberty Grove (Door County)","1765","1","Assigned Polling Place","No","Hand marked paper ballots and DREs with VVPAT","Optical Scan and DRE",
"5502955500","Wisconsin","Town of Nasewaupee (Door County)","2157","1","Assigned Polling Place","No","Hand marked paper ballots and DREs with VVPAT","Optical Scan and DRE",
"5502972600","Wisconsin","Town of Sevastopol (Door County)","2757","1","Assigned Polling Place","No","Hand marked paper ballots and DREs with VVPAT","Optical Scan and DRE",
"5502974225","Wisconsin","Village of Sister Bay (Door County)","908","1","Assigned Polling Place","No","Hand marked paper ballots and DREs with VVPAT","Optical Scan and DRE",
"5502977875","Wisconsin","City of Sturgeon Bay (Door County)","7263","3","Assigned Polling Place","No","Hand marked paper ballots and DREs with VVPAT","Optical Scan and DRE",
"5502977900","Wisconsin","Town of Sturgeon Bay (Door County)","790","1","Assigned Polling Place","No","Hand marked paper ballots and DREs with VVPAT","Optical Scan and DRE",
"5502981525","Wisconsin","Town of Union (Door County)","807","1","Assigned Polling Place","No","Hand marked paper ballots and DREs with VVPAT","Optical Scan and DRE",
"5502983600","Wisconsin","Town of Washington (Door County)","716","1","Assigned Polling Place","No","Hand marked paper ballots and DREs with VVPAT","Optical Scan and DRE",
"5503101825","Wisconsin","Town of Amnicon (Douglas County)","686","1","Assigned Polling Place","No","Hand marked paper ballots and BMDs","Optical Scan",
"5503106775","Wisconsin","Town of Bennett (Douglas County)","400","1","Assigned Polling Place","No","Hand marked paper ballots and BMDs","Optical Scan",
"5503110575","Wisconsin","Town of Brule (Douglas County)","452","1","Assigned Polling Place","No","Hand marked paper ballots and BMDs","Optical Scan",
"5503115825","Wisconsin","Town of Cloverland (Douglas County)","167","1","Assigned Polling Place","No","Hand marked paper ballots and BMDs","Optical Scan",
"5503118425","Wisconsin","Town of Dairyland (Douglas County)","127","1","Assigned Polling Place","No","Hand marked paper ballots and BMDs","Optical Scan",
"5503129925","Wisconsin","Town of Gordon (Douglas County)","545","1","Assigned Polling Place","No","Hand marked paper ballots and BMDs","Optical Scan",
"5503133350","Wisconsin","Town of Hawthorne (Douglas County)","703","1","Assigned Polling Place","No","Hand marked paper ballots and BMDs","Optical Scan",
"5503134425","Wisconsin","Town of Highland (Douglas County)","232","1","Assigned Polling Place","No","Hand marked paper ballots and BMDs","Optical Scan",
"5503141725","Wisconsin","Village of Lake Nebagamon (Douglas County)","873","1","Assigned Polling Place","No","Hand marked paper ballots and BMDs","Optical Scan",
"5503141800","Wisconsin","Town of Lakeside (Douglas County)","475","1","Assigned Polling Place","No","Hand marked paper ballots and BMDs","Optical Scan",
"5503148725","Wisconsin","Town of Maple (Douglas County)","349","1","Assigned Polling Place","No","Hand marked paper ballots and BMDs","Optical Scan",
"5503159100","Wisconsin","Town of Oakland (Douglas County)","805","1","Assigned Polling Place","No","Hand marked paper ballots and BMDs","Optical Scan",
"5503159800","Wisconsin","Village of Oliver (Douglas County)","289","1","Assigned Polling Place","No","Hand marked paper ballots and BMDs","Optical Scan",
"5503161250","Wisconsin","Town of Parkland (Douglas County)","824","1","Assigned Polling Place","No","Hand marked paper ballots and BMDs","Optical Scan",
"5503163975","Wisconsin","Village of Poplar (Douglas County)","410","1","Assigned Polling Place","No","Hand marked paper ballots and BMDs","Optical Scan",
"5503174575","Wisconsin","Village of Solon Springs (Douglas County)","445","1","Assigned Polling Place","No","Hand marked paper ballots and BMDs","Optical Scan",
"5503174600","Wisconsin","Town of Solon Springs (Douglas County)","690","1","Assigned Polling Place","No","Hand marked paper ballots and BMDs","Optical Scan",
"5503178275","Wisconsin","Town of Summit (Douglas County)","731","1","Assigned Polling Place","No","Hand marked paper ballots and BMDs","Optical Scan",
"5503178650","Wisconsin","City of Superior (Douglas County)","20497","5","Assigned Polling Place","No","Hand marked paper ballots and BMDs","Optical Scan",
"5503178660","Wisconsin","Village of Superior (Douglas County)","451","1","Assigned Polling Place","No","Hand marked paper ballots and BMDs","Optical Scan",
"5503178675","Wisconsin","Town of Superior (Douglas County)","1528","1","Assigned Polling Place","No","Hand marked paper ballots and BMDs","Optical Scan",
"5503183512","Wisconsin","Town of Wascott (Douglas County)","586","1","Assigned Polling Place","No","Hand marked paper ballots and BMDs","Optical Scan",
"5503309050","Wisconsin","Village of Boyceville (Dunn County)","595","1","Assigned Polling Place","No","Hand marked paper ballots and DREs with VVPAT","Hand Count, Optical Scan, and DRE",
"5503316275","Wisconsin","Village of Colfax (Dunn County)","687","1","Assigned Polling Place","No","Hand marked paper ballots and DREs with VVPAT","Hand Count, Optical Scan, and DRE",
"5503316300","Wisconsin","Town of Colfax (Dunn County)","167","1","Assigned Polling Place","No","Hand marked paper ballots and DREs with VVPAT","Hand Count, Optical Scan, and DRE",
"5503320675","Wisconsin","Village of Downing (Dunn County)","115","1","Assigned Polling Place","No","Hand marked paper ballots and DREs with VVPAT","Hand Count, Optical Scan, and DRE",
"5503321150","Wisconsin","Town of Dunn (Dunn County)","897","1","Assigned Polling Place","No","Hand marked paper ballots and DREs with VVPAT","Hand Count, Optical Scan, and DRE",
"5503322375","Wisconsin","Town of Eau Galle (Dunn County)","514","1","Assigned Polling Place","No","Hand marked paper ballots and DREs with VVPAT","Hand Count, Optical Scan, and DRE",
"5503323325","Wisconsin","Village of Elk Mound (Dunn County)","447","1","Assigned Polling Place","No","Hand marked paper ballots and DREs with VVPAT","Hand Count, Optical Scan, and DRE",
"5503323350","Wisconsin","Town of Elk Mound (Dunn County)","1004","1","Assigned Polling Place","No","Hand marked paper ballots and DREs with VVPAT","Hand Count, Optical Scan, and DRE",
"5503330300","Wisconsin","Town of Grant (Dunn County)","309","1","Assigned Polling Place","No","Hand marked paper ballots and DREs with VVPAT","Hand Count, Optical Scan, and DRE",
"5503333400","Wisconsin","Town of Hay River (Dunn County)","349","1","Assigned Polling Place","No","Hand marked paper ballots and DREs with VVPAT","Hand Count, Optical Scan, and DRE",
"5503339975","Wisconsin","Village of Knapp (Dunn County)","288","1","Assigned Polling Place","No","Hand marked paper ballots and DREs with VVPAT","Hand Count, Optical Scan, and DRE",
"5503346175","Wisconsin","Town of Lucas (Dunn County)","690","1","Assigned Polling Place","No","Hand marked paper ballots and DREs with VVPAT","Hand Count, Optical Scan, and DRE",
"5503351025","Wisconsin","City of Menomonie (Dunn County)","14632","6","Assigned Polling Place","No","Hand marked paper ballots and DREs with VVPAT","Hand Count, Optical Scan, and DRE",
"5503351050","Wisconsin","Town of Menomonie (Dunn County)","2113","1","Assigned Polling Place","No","Hand marked paper ballots and DREs with VVPAT","Hand Count, Optical Scan, and DRE",
"5503356775","Wisconsin","Town of New Haven (Dunn County)","367","1","Assigned Polling Place","No","Hand marked paper ballots and DREs with VVPAT","Hand Count, Optical Scan, and DRE",
"5503360725","Wisconsin","Town of Otter Creek (Dunn County)","357","1","Assigned Polling Place","No","Hand marked paper ballots and DREs with VVPAT","Hand Count, Optical Scan, and DRE",
"5503362125","Wisconsin","Town of Peru (Dunn County)","168","1","Assigned Polling Place","No","Hand marked paper ballots and DREs with VVPAT","Hand Count, Optical Scan, and DRE",
"5503366550","Wisconsin","Town of Red Cedar (Dunn County)","1442","1","Assigned Polling Place","No","Hand marked paper ballots and DREs with VVPAT","Hand Count, Optical Scan, and DRE",
"5503367800","Wisconsin","Village of Ridgeland (Dunn County)","139","1","Assigned Polling Place","No","Hand marked paper ballots and DREs with VVPAT","Hand Count, Optical Scan, and DRE",
"5503368700","Wisconsin","Town of Rock Creek (Dunn County)","676","1","Assigned Polling Place","No","Hand marked paper ballots and DREs with VVPAT","Hand Count, Optical Scan, and DRE",
"5503371425","Wisconsin","Town of Sand Creek (Dunn County)","349","1","Assigned Polling Place","No","Hand marked paper ballots and DREs with VVPAT","Hand Count, Optical Scan, and DRE",
"5503373300","Wisconsin","Town of Sheridan (Dunn County)","277","1","Assigned Polling Place","No","Hand marked paper ballots and DREs with VVPAT","Hand Count, Optical Scan, and DRE",
"5503373375","Wisconsin","Town of Sherman (Dunn County)","618","1","Assigned Polling Place","No","Hand marked paper ballots and DREs with VVPAT","Hand Count, Optical Scan, and DRE",
"5503375750","Wisconsin","Town of Spring Brook (Dunn County)","1027","1","Assigned Polling Place","No","Hand marked paper ballots and DREs with VVPAT","Hand Count, Optical Scan, and DRE",
"5503376650","Wisconsin","Town of Stanton (Dunn County)","475","1","Assigned Polling Place","No","Hand marked paper ballots and DREs with VVPAT","Hand Count, Optical Scan, and DRE",
"5503378975","Wisconsin","Town of Tainter (Dunn County)","1708","1","Assigned Polling Place","No","Hand marked paper ballots and DREs with VVPAT","Hand Count, Optical Scan, and DRE",
"5503379775","Wisconsin","Town of Tiffany (Dunn County)","409","1","Assigned Polling Place","No","Hand marked paper ballots and DREs with VVPAT","Hand Count, Optical Scan, and DRE",
"5503385975","Wisconsin","Town of Weston (Dunn County)","378","1","Assigned Polling Place","No","Hand marked paper ballots and DREs with VVPAT","Hand Count, Optical Scan, and DRE",
"5503386575","Wisconsin","Village of Wheeler (Dunn County)","170","1","Assigned Polling Place","No","Hand marked paper ballots and DREs with VVPAT","Hand Count, Optical Scan, and DRE",
"5503387375","Wisconsin","Town of Wilson (Dunn County)","300","1","Assigned Polling Place","No","Hand marked paper ballots and DREs with VVPAT","Hand Count, Optical Scan, and DRE",
"5503501550","Wisconsin","City of Altoona (Eau Claire County)","5360","1","Assigned Polling Place","No","Hand marked paper ballots and DREs with VVPAT","Optical Scan and DRE",
"5503503825","Wisconsin","City of Augusta (Eau Claire County)","930","1","Assigned Polling Place","No","Hand marked paper ballots and DREs with VVPAT","Optical Scan and DRE",
"5503509500","Wisconsin","Town of Bridge Creek (Eau Claire County)","669","1","Assigned Polling Place","No","Hand marked paper ballots and DREs with VVPAT","Optical Scan and DRE",
"5503510625","Wisconsin","Town of Brunswick (Eau Claire County)","1153","1","Assigned Polling Place","No","Hand marked paper ballots and DREs with VVPAT","Optical Scan and DRE",
"5503515200","Wisconsin","Town of Clear Creek (Eau Claire County)","463","1","Assigned Polling Place","No","Hand marked paper ballots and DREs with VVPAT","Optical Scan and DRE",
"5503520800","Wisconsin","Town of Drammen (Eau Claire County)","474","1","Assigned Polling Place","No","Hand marked paper ballots and DREs with VVPAT","Optical Scan and DRE",
"5503522300","Wisconsin","City of Eau Claire (Eau Claire County)","54217","55","Assigned Polling Place","No","Hand marked paper ballots and DREs with VVPAT","Optical Scan and DRE",
"5503524825","Wisconsin","Village of Fairchild (Eau Claire County)","274","1","Assigned Polling Place","No","Hand marked paper ballots and DREs with VVPAT","Optical Scan and DRE",
"5503524850","Wisconsin","Town of Fairchild (Eau Claire County)","165","1","Assigned Polling Place","No","Hand marked paper ballots and DREs with VVPAT","Optical Scan and DRE",
"5503525125","Wisconsin","Village of Fall Creek (Eau Claire County)","803","1","Assigned Polling Place","No","Hand marked paper ballots and DREs with VVPAT","Optical Scan and DRE",
"5503544350","Wisconsin","Town of Lincoln (Eau Claire County)","688","1","Assigned Polling Place","No","Hand marked paper ballots and DREs with VVPAT","Optical Scan and DRE",
"5503546275","Wisconsin","Town of Ludington (Eau Claire County)","603","1","Assigned Polling Place","No","Hand marked paper ballots and DREs with VVPAT","Optical Scan and DRE",
"5503560750","Wisconsin","Town of Otter Creek (Eau Claire County)","280","1","Assigned Polling Place","No","Hand marked paper ballots and DREs with VVPAT","Optical Scan and DRE",
"5503563400","Wisconsin","Town of Pleasant Valley (Eau Claire County)","2093","1","Assigned Polling Place","No","Hand marked paper ballots and DREs with VVPAT","Optical Scan and DRE",
"5503572675","Wisconsin","Town of Seymour (Eau Claire County)","2039","1","Assigned Polling Place","No","Hand marked paper ballots and DREs with VVPAT","Optical Scan and DRE",
"5503581550","Wisconsin","Town of Union (Eau Claire County)","1752","1","Assigned Polling Place","No","Hand marked paper ballots and DREs with VVPAT","Optical Scan and DRE",
"5503583612","Wisconsin","Town of Washington (Eau Claire County)","6283","1","Assigned Polling Place","No","Hand marked paper ballots and DREs with VVPAT","Optical Scan and DRE",
"5503587400","Wisconsin","Town of Wilson (Eau Claire County)","228","1","Assigned Polling Place","No","Hand marked paper ballots and DREs with VVPAT","Optical Scan and DRE",
"5503703875","Wisconsin","Town of Aurora (Florence County)","659","1","Assigned Polling Place","No","Hand marked paper ballots and DREs with VVPAT","Hand Count and DRE",
"5503716550","Wisconsin","Town of Commonwealth (Florence County)","350","1","Assigned Polling Place","No","Hand marked paper ballots and DREs with VVPAT","Hand Count and DRE",
"5503725575","Wisconsin","Town of Fence (Florence County)","164","1","Assigned Polling Place","No","Hand marked paper ballots and DREs with VVPAT","Hand Count and DRE",
"5503725675","Wisconsin","Town of Fern (Florence County)","140","1","Assigned Polling Place","No","Hand marked paper ballots and BMDs","Hand Count and DRE",
"5503726200","Wisconsin","Town of Florence (Florence County)","1759","1","Assigned Polling Place","No","Hand marked paper ballots and DREs with VVPAT","Hand Count and DRE",
"5503735600","Wisconsin","Town of Homestead (Florence County)","290","1","Assigned Polling Place","No","Hand marked paper ballots and DREs with VVPAT","Hand Count and DRE",
"5503745625","Wisconsin","Town of Long Lake (Florence County)","149","1","Assigned Polling Place","No","Hand marked paper ballots and DREs with VVPAT","Hand Count and DRE",
"5503779975","Wisconsin","Town of Tipler (Florence County)","122","1","Assigned Polling Place","No","Hand marked paper ballots and DREs with VVPAT","Hand Count and DRE",
"5503901525","Wisconsin","Town of Alto (Fond du Lac County)","696","1","Assigned Polling Place","No","Hand marked paper ballots and DREs with VVPAT","Optical Scan and DRE",
"5503903150","Wisconsin","Town of Ashford (Fond du Lac County)","1217","1","Assigned Polling Place","No","Hand marked paper ballots and DREs with VVPAT","Optical Scan and DRE",
"5503903750","Wisconsin","Town of Auburn (Fond du Lac County)","1669","1","Assigned Polling Place","No","Hand marked paper ballots and DREs with VVPAT","Optical Scan and DRE",
"5503909300","Wisconsin","Village of Brandon (Fond du Lac County)","555","1","Assigned Polling Place","No","Hand marked paper ballots and DREs with VVPAT","Optical Scan and DRE",
"5503911600","Wisconsin","Town of Byron (Fond du Lac County)","1076","1","Assigned Polling Place","No","Hand marked paper ballots and DREs with VVPAT","Optical Scan and DRE",
"5503912075","Wisconsin","Town of Calumet (Fond du Lac County)","1036","2","Assigned Polling Place","No","Hand marked paper ballots and DREs with VVPAT","Optical Scan and DRE",
"5503912325","Wisconsin","Village of Campbellsport (Fond du Lac County)","1282","1","Assigned Polling Place","No","Hand marked paper ballots and DREs with VVPAT","Optical Scan and DRE",
"5503922475","Wisconsin","Village of Eden (Fond du Lac County)","471","1","Assigned Polling Place","No","Hand marked paper ballots and DREs with VVPAT","Optical Scan and DRE",
"5503922500","Wisconsin","Town of Eden (Fond du Lac County)","672","1","Assigned Polling Place","No","Hand marked paper ballots and DREs with VVPAT","Optical Scan and DRE",
"5503923150","Wisconsin","Town of Eldorado (Fond du Lac County)","929","1","Assigned Polling Place","No","Hand marked paper ballots and DREs with VVPAT","Optical Scan and DRE",
"5503924050","Wisconsin","Town of Empire (Fond du Lac County)","1911","1","Assigned Polling Place","No","Hand marked paper ballots and DREs with VVPAT","Optical Scan and DRE",
"5503925075","Wisconsin","Village of Fairwater (Fond du Lac County)","235","1","Assigned Polling Place","No","Hand marked paper ballots and DREs with VVPAT","Optical Scan and DRE",
"5503926275","Wisconsin","City of Fond du Lac (Fond du Lac County)","27657","27","Assigned Polling Place","No","Hand marked paper ballots and DREs with VVPAT","Optical Scan and DRE",
"5503926300","Wisconsin","Town of Fond du Lac (Fond du Lac County)","1889","2","Assigned Polling Place","No","Hand marked paper ballots and DREs with VVPAT","Optical Scan and DRE",
"5503926450","Wisconsin","Town of Forest (Fond du Lac County)","713","1","Assigned Polling Place","No","Hand marked paper ballots and DREs with VVPAT","Optical Scan and DRE",
"5503927975","Wisconsin","Town of Friendship (Fond du Lac County)","1663","1","Assigned Polling Place","No","Hand marked paper ballots and DREs with VVPAT","Optical Scan and DRE",
"5503942125","Wisconsin","Town of Lamartine (Fond du Lac County)","1120","1","Assigned Polling Place","No","Hand marked paper ballots and DREs with VVPAT","Optical Scan and DRE",
"5503949650","Wisconsin","Town of Marshfield (Fond du Lac County)","735","1","Assigned Polling Place","No","Hand marked paper ballots and DREs with VVPAT","Optical Scan and DRE",
"5503951450","Wisconsin","Town of Metomen (Fond du Lac County)","449","1","Assigned Polling Place","No","Hand marked paper ballots and DREs with VVPAT","Optical Scan and DRE",
"5503954650","Wisconsin","Village of Mount Calvary (Fond du Lac County)","398","1","Assigned Polling Place","No","Hand marked paper ballots and DREs with VVPAT","Optical Scan and DRE",
"5503958000","Wisconsin","Village of North Fond du Lac (Fond du Lac County)","2788","1","Assigned Polling Place","No","Hand marked paper ballots and DREs with VVPAT","Optical Scan and DRE",
"5503958900","Wisconsin","Village of Oakfield (Fond du Lac County)","718","1","Assigned Polling Place","No","Hand marked paper ballots and DREs with VVPAT","Optical Scan and DRE",
"5503958925","Wisconsin","Town of Oakfield (Fond du Lac County)","456","1","Assigned Polling Place","No","Hand marked paper ballots and DREs with VVPAT","Optical Scan and DRE",
"5503960425","Wisconsin","Town of Osceola (Fond du Lac County)","1354","1","Assigned Polling Place","No","Hand marked paper ballots and DREs with VVPAT","Optical Scan and DRE",
"5503968175","Wisconsin","City of Ripon (Fond du Lac County)","5400","4","Assigned Polling Place","No","Hand marked paper ballots and DREs with VVPAT","Optical Scan and DRE",
"5503968200","Wisconsin","Town of Ripon (Fond du Lac County)","829","1","Assigned Polling Place","No","Hand marked paper ballots and DREs with VVPAT","Optical Scan and DRE",
"5503969525","Wisconsin","Village of Rosendale (Fond du Lac County)","571","1","Assigned Polling Place","No","Hand marked paper ballots and DREs with VVPAT","Optical Scan and DRE",
"5503969550","Wisconsin","Town of Rosendale (Fond du Lac County)","480","1","Assigned Polling Place","No","Hand marked paper ballots and DREs with VVPAT","Optical Scan and DRE",
"5503976250","Wisconsin","Town of Springvale (Fond du Lac County)","430","1","Assigned Polling Place","No","Hand marked paper ballots and DREs with VVPAT","Optical Scan and DRE",
"5503970500","Wisconsin","Village of St. Cloud (Fond du Lac County)","338","1","Assigned Polling Place","No","Hand marked paper ballots and DREs with VVPAT","Optical Scan and DRE",
"5503979125","Wisconsin","Town of Taycheedah (Fond du Lac County)","2918","1","Assigned Polling Place","No","Hand marked paper ballots and DREs with VVPAT","Optical Scan and DRE",
"5503984450","Wisconsin","Town of Waupun (Fond du Lac County)","920","1","Assigned Polling Place","No","Hand marked paper ballots and DREs with VVPAT","Optical Scan and DRE",
"5504101625","Wisconsin","Town of Alvin (Forest County)","148","1","Assigned Polling Place","No","Hand marked paper ballots and DREs with VVPAT","Hand Count and DRE",
"5504102625","Wisconsin","Town of Argonne (Forest County)","368","1","Assigned Polling Place","No","Hand marked paper ballots and DREs with VVPAT","Hand Count and DRE",
"5504102950","Wisconsin","Town of Armstrong Creek (Forest County)","295","1","Assigned Polling Place","No","Hand marked paper ballots and DREs with VVPAT","Hand Count and DRE",
"5504107950","Wisconsin","Town of Blackwell (Forest County)","179","1","Assigned Polling Place","No","Hand marked paper ballots and DREs with VVPAT","Hand Count and DRE",
"5504113125","Wisconsin","Town of Caswell (Forest County)","61","1","Assigned Polling Place","No","Hand marked paper ballots and DREs with VVPAT","Hand Count and DRE",
"5504117425","Wisconsin","City of Crandon (Forest County)","1368","1","Assigned Polling Place","No","Hand marked paper ballots and DREs with VVPAT","Hand Count and DRE",
"5504117450","Wisconsin","Town of Crandon (Forest County)","405","1","Assigned Polling Place","No","Hand marked paper ballots and DREs with VVPAT","Hand Count and DRE",
"5504127600","Wisconsin","Town of Freedom (Forest County)","248","1","Assigned Polling Place","No","Hand marked paper ballots and DREs with VVPAT","Hand Count and DRE",
"5504134650","Wisconsin","Town of Hiles (Forest County)","289","1","Assigned Polling Place","No","Hand marked paper ballots and DREs with VVPAT","Hand Count and DRE",
"5504142500","Wisconsin","Town of Laona (Forest County)","828","1","Assigned Polling Place","No","Hand marked paper ballots and DREs with VVPAT","Hand Count and DRE",
"5504144375","Wisconsin","Town of Lincoln (Forest County)","727","1","Assigned Polling Place","No","Hand marked paper ballots and DREs with VVPAT","Hand Count and DRE",
"5504155575","Wisconsin","Town of Nashville (Forest County)","954","3","Assigned Polling Place","No","Hand marked paper ballots and DREs with VVPAT","Hand Count and DRE",
"5504164050","Wisconsin","Town of Popple River (Forest County)","39","1","Assigned Polling Place","No","Hand marked paper ballots and DREs with VVPAT","Hand Count and DRE",
"5504169625","Wisconsin","Town of Ross (Forest County)","112","1","Assigned Polling Place","No","Hand marked paper ballots and DREs with VVPAT","Hand Count and DRE",
"5504183025","Wisconsin","Town of Wabeno (Forest County)","642","1","Assigned Polling Place","No","Hand marked paper ballots and DREs with VVPAT","Hand Count and DRE",
"5504304250","Wisconsin","Village of Bagley (Grant County)","236","1","Assigned Polling Place","No","Hand marked paper ballots and DREs with VVPAT","Hand Count, Optical Scan, and DRE",
"5504306100","Wisconsin","Town of Beetown (Grant County)","353","1","Assigned Polling Place","No","Hand marked paper ballots and DREs with VVPAT","Hand Count, Optical Scan, and DRE",
"5504308375","Wisconsin","Village of Bloomington (Grant County)","383","1","Assigned Polling Place","No","Hand marked paper ballots and DREs with VVPAT","Hand Count, Optical Scan, and DRE",
"5504308400","Wisconsin","Town of Bloomington (Grant County)","209","1","Assigned Polling Place","No","Hand marked paper ballots and DREs with VVPAT","Hand Count, Optical Scan, and DRE",
"5504308525","Wisconsin","Village of Blue River (Grant County)","251","1","Assigned Polling Place","No","Hand marked paper ballots and DREs with VVPAT","Hand Count, Optical Scan, and DRE",
"5504308850","Wisconsin","City of Boscobel (Grant County)","1231","1","Assigned Polling Place","No","Hand marked paper ballots and DREs with VVPAT","Hand Count, Optical Scan, and DRE",
"5504308875","Wisconsin","Town of Boscobel (Grant County)","256","1","Assigned Polling Place","No","Hand marked paper ballots and DREs with VVPAT","Hand Count, Optical Scan, and DRE",
"5504313050","Wisconsin","Village of Cassville (Grant County)","537","1","Assigned Polling Place","No","Hand marked paper ballots and DREs with VVPAT","Hand Count, Optical Scan, and DRE",
"5504313075","Wisconsin","Town of Cassville (Grant County)","263","1","Assigned Polling Place","No","Hand marked paper ballots and DREs with VVPAT","Hand Count, Optical Scan, and DRE",
"5504313100","Wisconsin","Town of Castle Rock (Grant County)","152","1","Assigned Polling Place","No","Hand marked paper ballots and DREs with VVPAT","Hand Count, Optical Scan, and DRE",
"5504315500","Wisconsin","Town of Clifton (Grant County)","175","1","Assigned Polling Place","No","Hand marked paper ballots and DREs with VVPAT","Hand Count, Optical Scan, and DRE",
"5504317950","Wisconsin","City of Cuba City (Grant County)","1311","2","Assigned Polling Place","No","Hand marked paper ballots and DREs with VVPAT","Hand Count, Optical Scan, and DRE",
"5504320175","Wisconsin","Village of Dickeyville (Grant County)","644","1","Assigned Polling Place","No","Hand marked paper ballots and DREs with VVPAT","Hand Count, Optical Scan, and DRE",
"5504323400","Wisconsin","Town of Ellenboro (Grant County)","304","1","Assigned Polling Place","No","Hand marked paper ballots and DREs with VVPAT","Hand Count, Optical Scan, and DRE",
"5504325600","Wisconsin","City of Fennimore (Grant County)","1270","1","Assigned Polling Place","No","Hand marked paper ballots and DREs with VVPAT","Hand Count, Optical Scan, and DRE",
"5504325625","Wisconsin","Town of Fennimore (Grant County)","262","1","Assigned Polling Place","No","Hand marked paper ballots and DREs with VVPAT","Hand Count, Optical Scan, and DRE",
"5504329525","Wisconsin","Town of Glen Haven (Grant County)","235","1","Assigned Polling Place","No","Hand marked paper ballots and DREs with VVPAT","Hand Count, Optical Scan, and DRE",
"5504332825","Wisconsin","Town of Harrison (Grant County)","328","1","Assigned Polling Place","No","Hand marked paper ballots and DREs with VVPAT","Hand Count, Optical Scan, and DRE",
"5504333500","Wisconsin","Village of Hazel Green (Grant County)","673","2","Assigned Polling Place","No","Hand marked paper ballots and DREs with VVPAT","Hand Count, Optical Scan, and DRE",
"5504333525","Wisconsin","Town of Hazel Green (Grant County)","766","1","Assigned Polling Place","No","Hand marked paper ballots and DREs with VVPAT","Hand Count, Optical Scan, and DRE",
"5504334300","Wisconsin","Town of Hickory Grove (Grant County)","196","1","Assigned Polling Place","No","Hand marked paper ballots and DREs with VVPAT","Hand Count, Optical Scan, and DRE",
"5504337800","Wisconsin","Town of Jamestown (Grant County)","1180","1","Assigned Polling Place","No","Hand marked paper ballots and DREs with VVPAT","Hand Count, Optical Scan, and DRE",
"5504342250","Wisconsin","City of Lancaster (Grant County)","2194","1","Assigned Polling Place","No","Hand marked paper ballots and DREs with VVPAT","Hand Count, Optical Scan, and DRE",
"5504343825","Wisconsin","Town of Liberty (Grant County)","284","1","Assigned Polling Place","No","Hand marked paper ballots and DREs with VVPAT","Hand Count, Optical Scan, and DRE",
"5504344050","Wisconsin","Town of Lima (Grant County)","446","1","Assigned Polling Place","No","Hand marked paper ballots and DREs with VVPAT","Hand Count, Optical Scan, and DRE",
"5504345025","Wisconsin","Town of Little Grant (Grant County)","136","1","Assigned Polling Place","No","Hand marked paper ballots and DREs with VVPAT","Hand Count, Optical Scan, and DRE",
"5504345325","Wisconsin","Village of Livingston (Grant County)","376","2","Assigned Polling Place","No","Hand marked paper ballots and DREs with VVPAT","Hand Count, Optical Scan, and DRE",
"5504349350","Wisconsin","Town of Marion (Grant County)","279","1","Assigned Polling Place","No","Hand marked paper ballots and DREs with VVPAT","Hand Count, Optical Scan, and DRE",
"5504352150","Wisconsin","Town of Millville (Grant County)","102","1","Assigned Polling Place","No","Hand marked paper ballots and DREs with VVPAT","Hand Count, Optical Scan, and DRE",
"5504353950","Wisconsin","Village of Montfort (Grant County)","402","2","Assigned Polling Place","No","Hand marked paper ballots and DREs with VVPAT","Hand Count, Optical Scan, and DRE",
"5504354675","Wisconsin","Village of Mount Hope (Grant County)","75","1","Assigned Polling Place","No","Hand marked paper ballots and DREs with VVPAT","Hand Count, Optical Scan, and DRE",
"5504354700","Wisconsin","Town of Mount Hope (Grant County)","116","1","Assigned Polling Place","No","Hand marked paper ballots and DREs with VVPAT","Hand Count, Optical Scan, and DRE",
"5504354775","Wisconsin","Town of Mount Ida (Grant County)","494","1","Assigned Polling Place","No","Hand marked paper ballots and DREs with VVPAT","Hand Count, Optical Scan, and DRE",
"5504355200","Wisconsin","Village of Muscoda (Grant County)","702","2","Assigned Polling Place","No","Hand marked paper ballots and DREs with VVPAT","Hand Count, Optical Scan, and DRE",
"5504355225","Wisconsin","Town of Muscoda (Grant County)","372","1","Assigned Polling Place","No","Hand marked paper ballots and DREs with VVPAT","Hand Count, Optical Scan, and DRE",
"5504358125","Wisconsin","Town of North Lancaster (Grant County)","332","1","Assigned Polling Place","No","Hand marked paper ballots and DREs with VVPAT","Hand Count, Optical Scan, and DRE",
"5504361150","Wisconsin","Town of Paris (Grant County)","457","1","Assigned Polling Place","No","Hand marked paper ballots and DREs with VVPAT","Hand Count, Optical Scan, and DRE",
"5504361425","Wisconsin","Village of Patch Grove (Grant County)","92","1","Assigned Polling Place","No","Hand marked paper ballots and DREs with VVPAT","Hand Count, Optical Scan, and DRE",
"5504361450","Wisconsin","Town of Patch Grove (Grant County)","181","1","Assigned Polling Place","No","Hand marked paper ballots and DREs with VVPAT","Hand Count, Optical Scan, and DRE",
"5504363250","Wisconsin","City of Platteville (Grant County)","10165","4","Assigned Polling Place","No","Hand marked paper ballots and BMDs","Hand Count, Optical Scan, and DRE",
"5504363275","Wisconsin","Town of Platteville (Grant County)","908","1","Assigned Polling Place","No","Hand marked paper ballots and DREs with VVPAT","Hand Count, Optical Scan, and DRE",
"5504364625","Wisconsin","Village of Potosi (Grant County)","446","1","Assigned Polling Place","No","Hand marked paper ballots and DREs with VVPAT","Hand Count, Optical Scan, and DRE",
"5504364650","Wisconsin","Town of Potosi (Grant County)","471","1","Assigned Polling Place","No","Hand marked paper ballots and DREs with VVPAT","Hand Count, Optical Scan, and DRE",
"5504374450","Wisconsin","Town of Smelser (Grant County)","473","1","Assigned Polling Place","No","Hand marked paper ballots and DREs with VVPAT","Hand Count, Optical Scan, and DRE",
"5504375075","Wisconsin","Town of South Lancaster (Grant County)","390","1","Assigned Polling Place","No","Hand marked paper ballots and DREs with VVPAT","Hand Count, Optical Scan, and DRE",
"5504379250","Wisconsin","Village of Tennyson (Grant County)","217","1","Assigned Polling Place","No","Hand marked paper ballots and DREs with VVPAT","Hand Count, Optical Scan, and DRE",
"5504383900","Wisconsin","Town of Waterloo (Grant County)","340","1","Assigned Polling Place","No","Hand marked paper ballots and DREs with VVPAT","Hand Count, Optical Scan, and DRE",
"5504384075","Wisconsin","Town of Watterstown (Grant County)","210","1","Assigned Polling Place","No","Hand marked paper ballots and DREs with VVPAT","Hand Count, Optical Scan, and DRE",
"5504387800","Wisconsin","Town of Wingville (Grant County)","167","1","Assigned Polling Place","No","Hand marked paper ballots and DREs with VVPAT","Hand Count, Optical Scan, and DRE",
"5504388825","Wisconsin","Village of Woodman (Grant County)","55","1","Assigned Polling Place","No","Hand marked paper ballots and DREs with VVPAT","Hand Count, Optical Scan, and DRE",
"5504388850","Wisconsin","Town of Woodman (Grant County)","107","1","Assigned Polling Place","No","Hand marked paper ballots and DREs with VVPAT","Hand Count, Optical Scan, and DRE",
"5504389250","Wisconsin","Town of Wyalusing (Grant County)","210","1","Assigned Polling Place","No","Hand marked paper ballots and DREs with VVPAT","Hand Count, Optical Scan, and DRE",
"5504500325","Wisconsin","Town of Adams (Green County)","282","1","Assigned Polling Place","No","Hand marked paper ballots and DREs with VVPAT","Optical Scan and DRE",
"5504500750","Wisconsin","Village of Albany (Green County)","530","1","Assigned Polling Place","No","Hand marked paper ballots and DREs with VVPAT","Optical Scan and DRE",
"5504500775","Wisconsin","Town of Albany (Green County)","661","1","Assigned Polling Place","No","Hand marked paper ballots and DREs with VVPAT","Optical Scan and DRE",
"5504509925","Wisconsin","City of Brodhead (Green County)","1825","2","Assigned Polling Place","No","Hand marked paper ballots and DREs with VVPAT","Optical Scan and DRE",
"5504510100","Wisconsin","Town of Brooklyn (Green County)","689","1","Assigned Polling Place","No","Hand marked paper ballots and DREs with VVPAT","Optical Scan and DRE",
"5504510475","Wisconsin","Village of Browntown (Green County)","162","1","Assigned Polling Place","No","Hand marked paper ballots and DREs with VVPAT","Optical Scan and DRE",
"5504511725","Wisconsin","Town of Cadiz (Green County)","528","1","Assigned Polling Place","No","Hand marked paper ballots and DREs with VVPAT","Optical Scan and DRE",
"5504515000","Wisconsin","Town of Clarno (Green County)","677","1","Assigned Polling Place","No","Hand marked paper ballots and DREs with VVPAT","Optical Scan and DRE",
"5504519075","Wisconsin","Town of Decatur (Green County)","1031","1","Assigned Polling Place","No","Hand marked paper ballots and DREs with VVPAT","Optical Scan and DRE",
"5504524725","Wisconsin","Town of Exeter (Green County)","1227","1","Assigned Polling Place","No","Hand marked paper ballots and DREs with VVPAT","Optical Scan and DRE",
"5504537875","Wisconsin","Town of Jefferson (Green County)","748","1","Assigned Polling Place","No","Hand marked paper ballots and DREs with VVPAT","Optical Scan and DRE",
"5504538550","Wisconsin","Town of Jordan (Green County)","370","1","Assigned Polling Place","No","Hand marked paper ballots and DREs with VVPAT","Optical Scan and DRE",
"5504553750","Wisconsin","City of Monroe (Green County)","6734","1","Assigned Polling Place","No","Hand marked paper ballots and DREs with VVPAT","Optical Scan and DRE",
"5504553775","Wisconsin","Town of Monroe (Green County)","742","1","Assigned Polling Place","No","Hand marked paper ballots and DREs with VVPAT","Optical Scan and DRE",
"5504554000","Wisconsin","Village of Monticello (Green County)","713","1","Assigned Polling Place","No","Hand marked paper ballots and DREs with VVPAT","Optical Scan and DRE",
"5504554850","Wisconsin","Town of Mount Pleasant (Green County)","367","1","Assigned Polling Place","No","Hand marked paper ballots and DREs with VVPAT","Optical Scan and DRE",
"5504556700","Wisconsin","Village of New Glarus (Green County)","1397","1","Assigned Polling Place","No","Hand marked paper ballots and DREs with VVPAT","Optical Scan and DRE",
"5504556725","Wisconsin","Town of New Glarus (Green County)","866","1","Assigned Polling Place","No","Hand marked paper ballots and DREs with VVPAT","Optical Scan and DRE",
"5504576075","Wisconsin","Town of Spring Grove (Green County)","498","1","Assigned Polling Place","No","Hand marked paper ballots and DREs with VVPAT","Optical Scan and DRE",
"5504578875","Wisconsin","Town of Sylvester (Green County)","595","1","Assigned Polling Place","No","Hand marked paper ballots and DREs with VVPAT","Optical Scan and DRE",
"5504583625","Wisconsin","Town of Washington (Green County)","493","1","Assigned Polling Place","No","Hand marked paper ballots and DREs with VVPAT","Optical Scan and DRE",
"5504589475","Wisconsin","Town of York (Green County)","619","1","Assigned Polling Place","No","Hand marked paper ballots and DREs with VVPAT","Optical Scan and DRE",
"5504706925","Wisconsin","City of Berlin (Green Lake County)","3673","2","Assigned Polling Place","No","Hand marked paper ballots and DREs with VVPAT","Hand Count, Optical Scan, and DRE",
"5504706950","Wisconsin","Town of Berlin (Green Lake County)","745","1","Assigned Polling Place","No","Hand marked paper ballots and DREs with VVPAT","Hand Count, Optical Scan, and DRE",
"5504710125","Wisconsin","Town of Brooklyn (Green Lake County)","1299","1","Assigned Polling Place","No","Hand marked paper ballots and DREs with VVPAT","Hand Count, Optical Scan, and DRE",
"5504731300","Wisconsin","City of Green Lake (Green Lake County)","700","1","Assigned Polling Place","No","Hand marked paper ballots and DREs with VVPAT","Hand Count, Optical Scan, and DRE",
"5504731350","Wisconsin","Town of Green Lake (Green Lake County)","868","1","Assigned Polling Place","No","Hand marked paper ballots and DREs with VVPAT","Hand Count, Optical Scan, and DRE",
"5504739750","Wisconsin","Village of Kingston (Green Lake County)","218","1","Assigned Polling Place","No","Hand marked paper ballots and DREs with VVPAT","Hand Count, Optical Scan, and DRE",
"5504739775","Wisconsin","Town of Kingston (Green Lake County)","379","1","Assigned Polling Place","No","Hand marked paper ballots and DREs with VVPAT","Hand Count, Optical Scan, and DRE",
"5504746875","Wisconsin","Town of Mackford (Green Lake County)","340","1","Assigned Polling Place","No","Hand marked paper ballots and DREs with VVPAT","Hand Count, Optical Scan, and DRE",
"5504748400","Wisconsin","Town of Manchester (Green Lake County)","463","1","Assigned Polling Place","No","Hand marked paper ballots and DREs with VVPAT","Hand Count, Optical Scan, and DRE",
"5504749450","Wisconsin","City of Markesan (Green Lake County)","899","1","Assigned Polling Place","No","Hand marked paper ballots and DREs with VVPAT","Hand Count, Optical Scan, and DRE",
"5504749500","Wisconsin","Village of Marquette (Green Lake County)","93","1","Assigned Polling Place","No","Hand marked paper ballots and DREs with VVPAT","Hand Count, Optical Scan, and DRE",
"5504749525","Wisconsin","Town of Marquette (Green Lake County)","321","1","Assigned Polling Place","No","Hand marked paper ballots and DREs with VVPAT","Hand Count, Optical Scan, and DRE",
"5504765600","Wisconsin","City of Princeton (Green Lake County)","867","1","Assigned Polling Place","No","Hand marked paper ballots and DREs with VVPAT","Hand Count, Optical Scan, and DRE",
"5504765625","Wisconsin","Town of Princeton (Green Lake County)","935","1","Assigned Polling Place","No","Hand marked paper ballots and DREs with VVPAT","Hand Count, Optical Scan, and DRE",
"5504772525","Wisconsin","Town of Seneca (Green Lake County)","268","1","Assigned Polling Place","No","Hand marked paper ballots and DREs with VVPAT","Hand Count, Optical Scan, and DRE",
"5504770925","Wisconsin","Town of St. Marie (Green Lake County)","265","1","Assigned Polling Place","No","Hand marked paper ballots and DREs with VVPAT","Hand Count, Optical Scan, and DRE",
"5504902550","Wisconsin","Village of Arena (Iowa County)","604","1","Assigned Polling Place","No","Hand marked paper ballots and DREs with VVPAT","Hand Count, Optical Scan, and DRE",
"5504902575","Wisconsin","Town of Arena (Iowa County)","934","1","Assigned Polling Place","No","Hand marked paper ballots and DREs with VVPAT","Hand Count, Optical Scan, and DRE",
"5504904025","Wisconsin","Village of Avoca (Iowa County)","288","1","Assigned Polling Place","No","Hand marked paper ballots and DREs with VVPAT","Hand Count, Optical Scan, and DRE",
"5504904775","Wisconsin","Village of Barneveld (Iowa County)","638","1","Assigned Polling Place","No","Hand marked paper ballots and BMDs","Hand Count, Optical Scan, and DRE",
"5504909600","Wisconsin","Town of Brigham (Iowa County)","693","1","Assigned Polling Place","No","Hand marked paper ballots and BMDs","Hand Count, Optical Scan, and DRE",
"5504915875","Wisconsin","Town of Clyde (Iowa County)","213","1","Assigned Polling Place","No","Hand marked paper ballots and DREs with VVPAT","Hand Count, Optical Scan, and DRE",
"5504915975","Wisconsin","Village of Cobb (Iowa County)","288","1","Assigned Polling Place","No","Hand marked paper ballots and DREs with VVPAT","Hand Count, Optical Scan, and DRE",
"5504920350","Wisconsin","City of Dodgeville (Iowa County)","2591","4","Assigned Polling Place","No","Hand marked paper ballots and DREs with VVPAT","Hand Count, Optical Scan, and DRE",
"5504920375","Wisconsin","Town of Dodgeville (Iowa County)","1031","1","Assigned Polling Place","No","Hand marked paper ballots and DREs with VVPAT","Hand Count, Optical Scan, and DRE",
"5504922525","Wisconsin","Town of Eden (Iowa County)","229","1","Assigned Polling Place","No","Hand marked paper ballots and DREs with VVPAT","Hand Count, Optical Scan, and DRE",
"5504934450","Wisconsin","Village of Highland (Iowa County)","487","1","Assigned Polling Place","No","Hand marked paper ballots and DREs with VVPAT","Hand Count, Optical Scan, and DRE",
"5504934475","Wisconsin","Town of Highland (Iowa County)","458","1","Assigned Polling Place","No","Hand marked paper ballots and DREs with VVPAT","Hand Count, Optical Scan, and DRE",
"5504935400","Wisconsin","Village of Hollandale (Iowa County)","192","1","Assigned Polling Place","No","Hand marked paper ballots and DREs with VVPAT","Hand Count, Optical Scan, and DRE",
"5504944625","Wisconsin","Village of Linden (Iowa County)","295","1","Assigned Polling Place","No","Hand marked paper ballots and DREs with VVPAT","Hand Count, Optical Scan, and DRE",
"5504944650","Wisconsin","Town of Linden (Iowa County)","460","1","Assigned Polling Place","No","Hand marked paper ballots and DREs with VVPAT","Hand Count, Optical Scan, and DRE",
"5504951725","Wisconsin","Town of Mifflin (Iowa County)","367","1","Assigned Polling Place","No","Hand marked paper ballots and DREs with VVPAT","Hand Count, Optical Scan, and DRE",
"5504953100","Wisconsin","City of Mineral Point (Iowa County)","1583","1","Assigned Polling Place","No","Hand marked paper ballots and DREs with VVPAT","Hand Count, Optical Scan, and DRE",
"5504953125","Wisconsin","Town of Mineral Point (Iowa County)","534","1","Assigned Polling Place","No","Hand marked paper ballots and DREs with VVPAT","Hand Count, Optical Scan, and DRE",
"5504954425","Wisconsin","Town of Moscow (Iowa County)","433","1","Assigned Polling Place","No","Hand marked paper ballots and DREs with VVPAT","Hand Count, Optical Scan, and DRE",
"5504965700","Wisconsin","Town of Pulaski (Iowa County)","220","1","Assigned Polling Place","No","Hand marked paper ballots and DREs with VVPAT","Hand Count, Optical Scan, and DRE",
"5504967100","Wisconsin","Village of Rewey (Iowa County)","135","1","Assigned Polling Place","No","Hand marked paper ballots and DREs with VVPAT","Hand Count, Optical Scan, and DRE",
"5504967875","Wisconsin","Village of Ridgeway (Iowa County)","370","1","Assigned Polling Place","No","Hand marked paper ballots and DREs with VVPAT","Hand Count, Optical Scan, and DRE",
"5504967900","Wisconsin","Town of Ridgeway (Iowa County)","402","1","Assigned Polling Place","No","Hand marked paper ballots and DREs with VVPAT","Hand Count, Optical Scan, and DRE",
"5504983150","Wisconsin","Town of Waldwick (Iowa County)","304","1","Assigned Polling Place","No","Hand marked paper ballots and DREs with VVPAT","Hand Count, Optical Scan, and DRE",
"5504989350","Wisconsin","Town of Wyoming (Iowa County)","230","1","Assigned Polling Place","No","Hand marked paper ballots and DREs with VVPAT","Hand Count, Optical Scan, and DRE",
"5505101925","Wisconsin","Town of Anderson (Iron County)","47","1","Assigned Polling Place","No","Hand marked paper ballots and DREs with VVPAT","Hand Count and DRE",
"5505112525","Wisconsin","Town of Carey (Iron County)","123","1","Assigned Polling Place","No","Hand marked paper ballots and DREs with VVPAT","Hand Count and DRE",
"5505131875","Wisconsin","Town of Gurney (Iron County)","100","1","Assigned Polling Place","No","Hand marked paper ballots and DREs with VVPAT","Hand Count and DRE",
"5505136525","Wisconsin","City of Hurley (Iron County)","1075","4","Assigned Polling Place","No","Hand marked paper ballots and DREs with VVPAT","Hand Count and DRE",
"5505139625","Wisconsin","Town of Kimball (Iron County)","371","1","Assigned Polling Place","No","Hand marked paper ballots and DREs with VVPAT","Hand Count and DRE",
"5505140075","Wisconsin","Town of Knight (Iron County)","179","1","Assigned Polling Place","No","Hand marked paper ballots and DREs with VVPAT","Hand Count and DRE",
"5505151200","Wisconsin","Town of Mercer (Iron County)","1294","1","Assigned Polling Place","No","Hand marked paper ballots and BMDs","Hand Count and DRE",
"5505154075","Wisconsin","City of Montreal (Iron County)","575","1","Assigned Polling Place","No","Hand marked paper ballots and DREs with VVPAT","Hand Count and DRE",
"5505159850","Wisconsin","Town of Oma (Iron County)","249","1","Assigned Polling Place","No","Hand marked paper ballots and DREs with VVPAT","Hand Count and DRE",
"5505161825","Wisconsin","Town of Pence (Iron County)","143","1","Assigned Polling Place","No","Hand marked paper ballots and DREs with VVPAT","Hand Count and DRE",
"5505171875","Wisconsin","Town of Saxon (Iron County)","236","1","Assigned Polling Place","No","Hand marked paper ballots and DREs with VVPAT","Hand Count and DRE",
"5505173400","Wisconsin","Town of Sherman (Iron County)","271","1","Assigned Polling Place","No","Hand marked paper ballots and DREs with VVPAT","Hand Count and DRE",
"5505300350","Wisconsin","Town of Adams (Jackson County)","906","1","Assigned Polling Place","No","Hand marked paper ballots and DREs with VVPAT","Hand Count, Optical Scan, and DRE",
"5505300900","Wisconsin","Town of Albion (Jackson County)","750","1","Assigned Polling Place","No","Hand marked paper ballots and DREs with VVPAT","Hand Count, Optical Scan, and DRE",
"5505301275","Wisconsin","Town of Alma (Jackson County)","589","2","Assigned Polling Place","No","Hand marked paper ballots and DREs with VVPAT","Hand Count, Optical Scan, and DRE",
"5505301300","Wisconsin","Village of Alma Center (Jackson County)","553","1","Assigned Polling Place","No","Hand marked paper ballots and DREs with VVPAT","Hand Count, Optical Scan, and DRE",
"5505305550","Wisconsin","Town of Bear Bluff (Jackson County)","80","1","Assigned Polling Place","No","Hand marked paper ballots and DREs with VVPAT","Hand Count, Optical Scan, and DRE",
"5505307900","Wisconsin","City of Black River Falls (Jackson County)","1976","1","Assigned Polling Place","No","Hand marked paper ballots and DREs with VVPAT","Hand Count, Optical Scan, and DRE",
"5505309900","Wisconsin","Town of Brockway (Jackson County)","965","1","Assigned Polling Place","No","Hand marked paper ballots and DREs with VVPAT","Hand Count, Optical Scan, and DRE",
"5505314800","Wisconsin","Town of City Point (Jackson County)","132","1","Assigned Polling Place","No","Hand marked paper ballots and DREs with VVPAT","Hand Count, Optical Scan, and DRE",
"5505315375","Wisconsin","Town of Cleveland (Jackson County)","284","1","Assigned Polling Place","No","Hand marked paper ballots and DREs with VVPAT","Hand Count, Optical Scan, and DRE",
"5505318075","Wisconsin","Town of Curran (Jackson County)","236","1","Assigned Polling Place","No","Hand marked paper ballots and DREs with VVPAT","Hand Count, Optical Scan, and DRE",
"5505327225","Wisconsin","Town of Franklin (Jackson County)","226","1","Assigned Polling Place","No","Hand marked paper ballots and DREs with VVPAT","Hand Count, Optical Scan, and DRE",
"5505328250","Wisconsin","Town of Garden Valley (Jackson County)","262","1","Assigned Polling Place","No","Hand marked paper ballots and DREs with VVPAT","Hand Count, Optical Scan, and DRE",
"5505328325","Wisconsin","Town of Garfield (Jackson County)","354","1","Assigned Polling Place","No","Hand marked paper ballots and DREs with VVPAT","Hand Count, Optical Scan, and DRE",
"5505335075","Wisconsin","Village of Hixton (Jackson County)","310","1","Assigned Polling Place","No","Hand marked paper ballots and DREs with VVPAT","Hand Count, Optical Scan, and DRE",
"5505335100","Wisconsin","Town of Hixton (Jackson County)","364","1","Assigned Polling Place","No","Hand marked paper ballots and DREs with VVPAT","Hand Count, Optical Scan, and DRE",
"5505337275","Wisconsin","Town of Irving (Jackson County)","451","1","Assigned Polling Place","No","Hand marked paper ballots and DREs with VVPAT","Hand Count, Optical Scan, and DRE",
"5505340000","Wisconsin","Town of Knapp (Jackson County)","196","1","Assigned Polling Place","No","Hand marked paper ballots and DREs with VVPAT","Hand Count, Optical Scan, and DRE",
"5505340325","Wisconsin","Town of Komensky (Jackson County)","185","1","Assigned Polling Place","No","Hand marked paper ballots and DREs with VVPAT","Hand Count, Optical Scan, and DRE",
"5505348425","Wisconsin","Town of Manchester (Jackson County)","461","1","Assigned Polling Place","No","Hand marked paper ballots and DREs with VVPAT","Hand Count, Optical Scan, and DRE",
"5505350750","Wisconsin","Village of Melrose (Jackson County)","328","1","Assigned Polling Place","No","Hand marked paper ballots and DREs with VVPAT","Hand Count, Optical Scan, and DRE",
"5505350775","Wisconsin","Town of Melrose (Jackson County)","257","1","Assigned Polling Place","No","Hand marked paper ballots and DREs with VVPAT","Hand Count, Optical Scan, and DRE",
"5505351300","Wisconsin","Village of Merrillan (Jackson County)","316","1","Assigned Polling Place","No","Hand marked paper ballots and DREs with VVPAT","Hand Count, Optical Scan, and DRE",
"5505352050","Wisconsin","Town of Millston (Jackson County)","130","1","Assigned Polling Place","No","Hand marked paper ballots and DREs with VVPAT","Hand Count, Optical Scan, and DRE",
"5505357775","Wisconsin","Town of North Bend (Jackson County)","296","1","Assigned Polling Place","No","Hand marked paper ballots and DREs with VVPAT","Hand Count, Optical Scan, and DRE",
"5505357975","Wisconsin","Town of Northfield (Jackson County)","365","1","Assigned Polling Place","No","Hand marked paper ballots and DREs with VVPAT","Hand Count, Optical Scan, and DRE",
"5505375900","Wisconsin","Town of Springfield (Jackson County)","304","1","Assigned Polling Place","No","Hand marked paper ballots and DREs with VVPAT","Hand Count, Optical Scan, and DRE",
"5505379150","Wisconsin","Village of Taylor (Jackson County)","257","1","Assigned Polling Place","No","Hand marked paper ballots and DREs with VVPAT","Hand Count, Optical Scan, and DRE",
"5505504125","Wisconsin","Town of Aztalan (Jefferson County)","917","1","Assigned Polling Place","No","Hand marked paper ballots and BMDs","Optical Scan",
"5505516225","Wisconsin","Town of Cold Spring (Jefferson County)","508","1","Assigned Polling Place","No","Hand marked paper ballots and BMDs","Optical Scan",
"5505516650","Wisconsin","Town of Concord (Jefferson County)","1748","1","Assigned Polling Place","No","Hand marked paper ballots and BMDs","Optical Scan",
"5505525300","Wisconsin","Town of Farmington (Jefferson County)","1247","1","Assigned Polling Place","No","Hand marked paper ballots and BMDs","Optical Scan",
"5505526675","Wisconsin","City of Fort Atkinson (Jefferson County)","7759","3","Assigned Polling Place","No","Hand marked paper ballots and BMDs","Optical Scan",
"5505533700","Wisconsin","Town of Hebron (Jefferson County)","720","1","Assigned Polling Place","No","Hand marked paper ballots and BMDs","Optical Scan",
"5505537600","Wisconsin","Town of Ixonia (Jefferson County)","3052","1","Assigned Polling Place","No","Hand marked paper ballots and BMDs","Optical Scan",
"5505537900","Wisconsin","City of Jefferson (Jefferson County)","5221","1","Assigned Polling Place","No","Hand marked paper ballots and BMDs","Optical Scan",
"5505537925","Wisconsin","Town of Jefferson (Jefferson County)","1279","1","Assigned Polling Place","No","Hand marked paper ballots and BMDs","Optical Scan",
"5505538350","Wisconsin","Village of Johnson Creek (Jefferson County)","1753","1","Assigned Polling Place","No","Hand marked paper ballots and BMDs","Optical Scan",
"5505540375","Wisconsin","Town of Koshkonong (Jefferson County)","2957","2","Assigned Polling Place","No","Hand marked paper ballots and BMDs","Optical Scan",
"5505541675","Wisconsin","City of Lake Mills (Jefferson County)","4026","1","Assigned Polling Place","No","Hand marked paper ballots and BMDs","Optical Scan",
"5505541700","Wisconsin","Town of Lake Mills (Jefferson County)","1391","1","Assigned Polling Place","No","Hand marked paper ballots and BMDs","Optical Scan",
"5505551850","Wisconsin","Town of Milford (Jefferson County)","690","1","Assigned Polling Place","No","Hand marked paper ballots and BMDs","Optical Scan",
"5505559125","Wisconsin","Town of Oakland (Jefferson County)","2023","1","Assigned Polling Place","No","Hand marked paper ballots and BMDs","Optical Scan",
"5505561025","Wisconsin","Village of Palmyra (Jefferson County)","1252","1","Assigned Polling Place","No","Hand marked paper ballots and BMDs","Optical Scan",
"5505561050","Wisconsin","Town of Palmyra (Jefferson County)","1130","1","Assigned Polling Place","No","Hand marked paper ballots and BMDs","Optical Scan",
"5505578175","Wisconsin","Village of Sullivan (Jefferson County)","462","1","Assigned Polling Place","No","Hand marked paper ballots and BMDs","Optical Scan",
"5505578200","Wisconsin","Town of Sullivan (Jefferson County)","1409","1","Assigned Polling Place","No","Hand marked paper ballots and BMDs","Optical Scan",
"5505578475","Wisconsin","Town of Sumner (Jefferson County)","569","1","Assigned Polling Place","No","Hand marked paper ballots and BMDs","Optical Scan",
"5505583925","Wisconsin","City of Waterloo (Jefferson County)","2230","1","Assigned Polling Place","No","Hand marked paper ballots and BMDs","Optical Scan",
"5505583950","Wisconsin","Town of Waterloo (Jefferson County)","568","1","Assigned Polling Place","No","Hand marked paper ballots and BMDs","Optical Scan",
"5505583975","Wisconsin","City of Watertown (Jefferson County)","15117","10","Assigned Polling Place","No","Hand marked paper ballots and BMDs","Optical Scan",
"5505584000","Wisconsin","Town of Watertown (Jefferson County)","1729","1","Assigned Polling Place","No","Hand marked paper ballots and BMDs","Optical Scan",
"5505702850","Wisconsin","Town of Armenia (Juneau County)","438","1","Assigned Polling Place","No","Hand marked paper ballots and DREs with VVPAT","Hand Count, Optical Scan, and DRE",
"5505712350","Wisconsin","Village of Camp Douglas (Juneau County)","360","1","Assigned Polling Place","No","Hand marked paper ballots and DREs with VVPAT","Hand Count, Optical Scan, and DRE",
"5505715225","Wisconsin","Town of Clearfield (Juneau County)","481","2","Assigned Polling Place","No","Hand marked paper ballots and DREs with VVPAT","Hand Count, Optical Scan, and DRE",
"5505718225","Wisconsin","Town of Cutler (Juneau County)","236","1","Assigned Polling Place","No","Hand marked paper ballots and DREs with VVPAT","Hand Count, Optical Scan, and DRE",
"5505723800","Wisconsin","City of Elroy (Juneau County)","855","1","Assigned Polling Place","No","Hand marked paper ballots and DREs with VVPAT","Hand Count, Optical Scan, and DRE",
"5505725850","Wisconsin","Town of Finley (Juneau County)","57","1","Assigned Polling Place","No","Hand marked paper ballots and DREs with VVPAT","Hand Count, Optical Scan, and DRE",
"5505726825","Wisconsin","Town of Fountain (Juneau County)","374","1","Assigned Polling Place","No","Hand marked paper ballots and DREs with VVPAT","Hand Count, Optical Scan, and DRE",
"5505728850","Wisconsin","Town of Germantown (Juneau County)","1384","2","Assigned Polling Place","No","Hand marked paper ballots and DREs with VVPAT","Hand Count, Optical Scan, and DRE",
"5505736675","Wisconsin","Village of Hustler (Juneau County)","134","1","Assigned Polling Place","No","Hand marked paper ballots and DREs with VVPAT","Hand Count, Optical Scan, and DRE",
"5505739575","Wisconsin","Town of Kildare (Juneau County)","381","1","Assigned Polling Place","No","Hand marked paper ballots and DREs with VVPAT","Hand Count, Optical Scan, and DRE",
"5505739800","Wisconsin","Town of Kingston (Juneau County)","27","1","Assigned Polling Place","No","Hand marked paper ballots and DREs with VVPAT","Hand Count, Optical Scan, and DRE",
"5505743300","Wisconsin","Town of Lemonweir (Juneau County)","887","1","Assigned Polling Place","No","Hand marked paper ballots and DREs with VVPAT","Hand Count, Optical Scan, and DRE",
"5505744675","Wisconsin","Town of Lindina (Juneau County)","469","1","Assigned Polling Place","No","Hand marked paper ballots and DREs with VVPAT","Hand Count, Optical Scan, and DRE",
"5505744825","Wisconsin","Town of Lisbon (Juneau County)","518","2","Assigned Polling Place","No","Hand marked paper ballots and DREs with VVPAT","Hand Count, Optical Scan, and DRE",
"5505746525","Wisconsin","Town of Lyndon (Juneau County)","773","1","Assigned Polling Place","No","Hand marked paper ballots and DREs with VVPAT","Hand Count, Optical Scan, and DRE",
"5505746600","Wisconsin","Village of Lyndon Station (Juneau County)","316","1","Assigned Polling Place","No","Hand marked paper ballots and DREs with VVPAT","Hand Count, Optical Scan, and DRE",
"5505749375","Wisconsin","Town of Marion (Juneau County)","258","1","Assigned Polling Place","No","Hand marked paper ballots and DREs with VVPAT","Hand Count, Optical Scan, and DRE",
"5505750025","Wisconsin","City of Mauston (Juneau County)","2056","1","Assigned Polling Place","No","Hand marked paper ballots and DREs with VVPAT","Hand Count, Optical Scan, and DRE",
"5505755700","Wisconsin","Village of Necedah (Juneau County)","492","1","Assigned Polling Place","No","Hand marked paper ballots and DREs with VVPAT","Hand Count, Optical Scan, and DRE",
"5505755725","Wisconsin","Town of Necedah (Juneau County)","1798","1","Assigned Polling Place","No","DREs with VVPAT for all voters","Hand Count, Optical Scan, and DRE",
"5505756900","Wisconsin","City of New Lisbon (Juneau County)","826","1","Assigned Polling Place","No","Hand marked paper ballots and DREs with VVPAT","Hand Count, Optical Scan, and DRE",
"5505760150","Wisconsin","Town of Orange (Juneau County)","349","1","Assigned Polling Place","No","Hand marked paper ballots and DREs with VVPAT","Hand Count, Optical Scan, and DRE",
"5505763650","Wisconsin","Town of Plymouth (Juneau County)","423","1","Assigned Polling Place","No","Hand marked paper ballots and DREs with VVPAT","Hand Count, Optical Scan, and DRE",
"5505772625","Wisconsin","Town of Seven Mile Creek (Juneau County)","227","1","Assigned Polling Place","No","Hand marked paper ballots and DREs with VVPAT","Hand Count, Optical Scan, and DRE",
"5505778300","Wisconsin","Town of Summit (Juneau County)","370","1","Assigned Polling Place","No","Hand marked paper ballots and DREs with VVPAT","Hand Count, Optical Scan, and DRE",
"5505781725","Wisconsin","Village of Union Center (Juneau County)","150","1","Assigned Polling Place","No","Hand marked paper ballots and DREs with VVPAT","Hand Count, Optical Scan, and DRE",
"5505788500","Wisconsin","Village of Wonewoc (Juneau County)","408","1","Assigned Polling Place","No","Hand marked paper ballots and DREs with VVPAT","Hand Count, Optical Scan, and DRE",
"5505788525","Wisconsin","Town of Wonewoc (Juneau County)","397","1","Assigned Polling Place","No","Hand marked paper ballots and DREs with VVPAT","Hand Count, Optical Scan, and DRE",
"5505909635","Wisconsin","Town of Brighton (Kenosha County)","1125","1","Assigned Polling Place","No","Hand marked paper ballots and DREs with VVPAT","Optical Scan and DRE",
"5505909800","Wisconsin","Town of Bristol (Kenosha County)","3341","2","Assigned Polling Place","No","Hand marked paper ballots and DREs with VVPAT","Optical Scan and DRE",
"5505939225","Wisconsin","City of Kenosha (Kenosha County)","62308","88","Assigned Polling Place","No","Hand marked paper ballots and DREs with VVPAT","Optical Scan and DRE",
"5505960975","Wisconsin","Village of Paddock Lake (Kenosha County)","2169","1","Assigned Polling Place","No","Hand marked paper ballots and DREs with VVPAT","Optical Scan and DRE",
"5505961175","Wisconsin","Town of Paris (Kenosha County)","1208","1","Assigned Polling Place","No","Hand marked paper ballots and DREs with VVPAT","Optical Scan and DRE",
"5505963300","Wisconsin","Village of Pleasant Prairie (Kenosha County)","12771","5","Assigned Polling Place","No","Hand marked paper ballots and DREs with VVPAT","Optical Scan and DRE",
"5505966125","Wisconsin","Town of Randall (Kenosha County)","2364","1","Assigned Polling Place","No","Hand marked paper ballots and DREs with VVPAT","Optical Scan and DRE",
"5505971125","Wisconsin","Town of Salem (Kenosha County)","8761","2","Assigned Polling Place","No","Hand marked paper ballots and DREs with VVPAT","Optical Scan and DRE",
"5505974025","Wisconsin","Village of Silver Lake (Kenosha County)","1410","1","Assigned Polling Place","No","Hand marked paper ballots and DREs with VVPAT","Optical Scan and DRE",
"5505974650","Wisconsin","Town of Somers (Kenosha County)","8198","5","Assigned Polling Place","No","Hand marked paper ballots and DREs with VVPAT","Optical Scan and DRE",
"5505981250","Wisconsin","Village of Twin Lakes (Kenosha County)","3526","1","Assigned Polling Place","No","Hand marked paper ballots and DREs with VVPAT","Optical Scan and DRE",
"5505986500","Wisconsin","Town of Wheatland (Kenosha County)","2228","1","Assigned Polling Place","No","Hand marked paper ballots and DREs with VVPAT","Optical Scan and DRE",
"5506100600","Wisconsin","Town of Ahnapee (Kewaunee County)","651","1","Assigned Polling Place","No","Hand marked paper ballots and BMDs","Optical Scan",
"5506101000","Wisconsin","City of Algoma (Kewaunee County)","2017","1","Assigned Polling Place","No","Hand marked paper ballots and BMDs","Optical Scan",
"5506112575","Wisconsin","Town of Carlton (Kewaunee County)","735","1","Assigned Polling Place","No","Hand marked paper ballots and BMDs","Optical Scan",
"5506112850","Wisconsin","Village of Casco (Kewaunee County)","353","1","Assigned Polling Place","No","Hand marked paper ballots and BMDs","Optical Scan",
"5506112875","Wisconsin","Town of Casco (Kewaunee County)","772","1","Assigned Polling Place","No","Hand marked paper ballots and BMDs","Optical Scan",
"5506127250","Wisconsin","Town of Franklin (Kewaunee County)","648","1","Assigned Polling Place","No","Hand marked paper ballots and BMDs","Optical Scan",
"5506139350","Wisconsin","City of Kewaunee (Kewaunee County)","1882","1","Assigned Polling Place","No","Hand marked paper ballots and BMDs","Optical Scan",
"5506144425","Wisconsin","Town of Lincoln (Kewaunee County)","575","1","Assigned Polling Place","No","Hand marked paper ballots and BMDs","Optical Scan",
"5506146400","Wisconsin","Village of Luxemburg (Kewaunee County)","1485","1","Assigned Polling Place","No","Hand marked paper ballots and BMDs","Optical Scan",
"5506146425","Wisconsin","Town of Luxemburg (Kewaunee County)","981","1","Assigned Polling Place","No","Hand marked paper ballots and BMDs","Optical Scan",
"5506154050","Wisconsin","Town of Montpelier (Kewaunee County)","913","1","Assigned Polling Place","No","Hand marked paper ballots and BMDs","Optical Scan",
"5506162625","Wisconsin","Town of Pierce (Kewaunee County)","529","1","Assigned Polling Place","No","Hand marked paper ballots and BMDs","Optical Scan",
"5506166700","Wisconsin","Town of Red River (Kewaunee County)","949","1","Assigned Polling Place","No","Hand marked paper ballots and BMDs","Optical Scan",
"5506185775","Wisconsin","Town of West Kewaunee (Kewaunee County)","814","1","Assigned Polling Place","No","Hand marked paper ballots and BMDs","Optical Scan",
"5506304550","Wisconsin","Village of Bangor (La Crosse County)","772","1","Assigned Polling Place","No","Hand marked paper ballots and BMDs","Optical Scan",
"5506304575","Wisconsin","Town of Bangor (La Crosse County)","363","1","Assigned Polling Place","No","Hand marked paper ballots and BMDs","Optical Scan",
"5506304825","Wisconsin","Town of Barre (La Crosse County)","750","1","Assigned Polling Place","No","Hand marked paper ballots and BMDs","Optical Scan",
"5506311300","Wisconsin","Town of Burns (La Crosse County)","619","1","Assigned Polling Place","No","Hand marked paper ballots and BMDs","Optical Scan",
"5506312300","Wisconsin","Town of Campbell (La Crosse County)","3398","1","Assigned Polling Place","No","Hand marked paper ballots and BMDs","Optical Scan",
"5506325325","Wisconsin","Town of Farmington (La Crosse County)","1154","1","Assigned Polling Place","No","Hand marked paper ballots and BMDs","Optical Scan",
"5506331150","Wisconsin","Town of Greenfield (La Crosse County)","1237","1","Assigned Polling Place","No","Hand marked paper ballots and BMDs","Optical Scan",
"5506332275","Wisconsin","Town of Hamilton (La Crosse County)","1654","1","Assigned Polling Place","No","Hand marked paper ballots and BMDs","Optical Scan",
"5506335350","Wisconsin","Town of Holland (La Crosse County)","2733","1","Assigned Polling Place","No","Hand marked paper ballots and BMDs","Optical Scan",
"5506335450","Wisconsin","Village of Holmen (La Crosse County)","5962","1","Assigned Polling Place","No","Hand marked paper ballots and BMDs","Optical Scan",
"5506340775","Wisconsin","City of La Crosse (La Crosse County)","42163","29","Assigned Polling Place","No","Hand marked paper ballots and BMDs","Optical Scan",
"5506350400","Wisconsin","Town of Medary (La Crosse County)","1259","1","Assigned Polling Place","No","Hand marked paper ballots and BMDs","Optical Scan",
"5506359925","Wisconsin","City of Onalaska (La Crosse County)","13728","3","Assigned Polling Place","No","Hand marked paper ballots and BMDs","Optical Scan",
"5506359950","Wisconsin","Town of Onalaska (La Crosse County)","4995","1","Assigned Polling Place","No","Hand marked paper ballots and BMDs","Optical Scan",
"5506368900","Wisconsin","Village of Rockland (La Crosse County)","337","1","Assigned Polling Place","No","Hand marked paper ballots and BMDs","Optical Scan",
"5506373125","Wisconsin","Town of Shelby (La Crosse County)","3954","2","Assigned Polling Place","No","Hand marked paper ballots and BMDs","Optical Scan",
"5506383650","Wisconsin","Town of Washington (La Crosse County)","370","1","Assigned Polling Place","No","Hand marked paper ballots and BMDs","Optical Scan",
"5506386275","Wisconsin","Village of West Salem (La Crosse County)","2776","1","Assigned Polling Place","No","Hand marked paper ballots and BMDs","Optical Scan",
"5506502650","Wisconsin","Village of Argyle (Lafayette County)","455","1","Assigned Polling Place","No","Hand marked paper ballots and DREs with VVPAT","Hand Count, Optical Scan, and DRE",
"5506502675","Wisconsin","Town of Argyle (Lafayette County)","281","1","Assigned Polling Place","No","Hand marked paper ballots and DREs with VVPAT","Hand Count, Optical Scan, and DRE",
"5506506425","Wisconsin","Village of Belmont (Lafayette County)","569","1","Assigned Polling Place","No","Hand marked paper ballots and DREs with VVPAT","Hand Count, Optical Scan, and DRE",
"5506506450","Wisconsin","Town of Belmont (Lafayette County)","342","1","Assigned Polling Place","No","Hand marked paper ballots and DREs with VVPAT","Hand Count, Optical Scan, and DRE",
"5506506825","Wisconsin","Village of Benton (Lafayette County)","588","1","Assigned Polling Place","No","Hand marked paper ballots and DREs with VVPAT","Hand Count, Optical Scan, and DRE",
"5506506850","Wisconsin","Town of Benton (Lafayette County)","299","1","Assigned Polling Place","No","Hand marked paper ballots and DREs with VVPAT","Hand Count, Optical Scan, and DRE",
"5506508100","Wisconsin","Town of Blanchard (Lafayette County)","198","1","Assigned Polling Place","No","Hand marked paper ballots and DREs with VVPAT","Hand Count, Optical Scan, and DRE",
"5506508125","Wisconsin","Village of Blanchardville (Lafayette County)","528","2","Assigned Polling Place","No","Hand marked paper ballots and DREs with VVPAT","Hand Count, Optical Scan, and DRE",
"5506518875","Wisconsin","City of Darlington (Lafayette County)","1221","1","Assigned Polling Place","No","Hand marked paper ballots and BMDs","Hand Count, Optical Scan, and DRE",
"5506518900","Wisconsin","Town of Darlington (Lafayette County)","487","1","Assigned Polling Place","No","Hand marked paper ballots and DREs with VVPAT","Hand Count, Optical Scan, and DRE",
"5506523262","Wisconsin","Town of Elk Grove (Lafayette County)","278","1","Assigned Polling Place","No","Hand marked paper ballots and DREs with VVPAT","Hand Count, Optical Scan, and DRE",
"5506525475","Wisconsin","Town of Fayette (Lafayette County)","217","1","Assigned Polling Place","No","Hand marked paper ballots and DREs with VVPAT","Hand Count, Optical Scan, and DRE",
"5506530575","Wisconsin","Village of Gratiot (Lafayette County)","145","1","Assigned Polling Place","No","Hand marked paper ballots and DREs with VVPAT","Hand Count, Optical Scan, and DRE",
"5506530600","Wisconsin","Town of Gratiot (Lafayette County)","366","1","Assigned Polling Place","No","Hand marked paper ballots and DREs with VVPAT","Hand Count, Optical Scan, and DRE",
"5506539125","Wisconsin","Town of Kendall (Lafayette County)","198","1","Assigned Polling Place","No","Hand marked paper ballots and DREs with VVPAT","Hand Count, Optical Scan, and DRE",
"5506542175","Wisconsin","Town of Lamont (Lafayette County)","170","1","Assigned Polling Place","No","Hand marked paper ballots and DREs with VVPAT","Hand Count, Optical Scan, and DRE",
"5506554025","Wisconsin","Town of Monticello (Lafayette County)","71","1","Assigned Polling Place","No","Hand marked paper ballots and DREs with VVPAT","Hand Count, Optical Scan, and DRE",
"5506556625","Wisconsin","Town of New Diggings (Lafayette County)","313","1","Assigned Polling Place","No","Hand marked paper ballots and DREs with VVPAT","Hand Count, Optical Scan, and DRE",
"5506572700","Wisconsin","Town of Seymour (Lafayette County)","194","1","Assigned Polling Place","No","Hand marked paper ballots and DREs with VVPAT","Hand Count, Optical Scan, and DRE",
"5506573825","Wisconsin","City of Shullsburg (Lafayette County)","700","1","Assigned Polling Place","No","Hand marked paper ballots and DREs with VVPAT","Hand Count, Optical Scan, and DRE",
"5506573850","Wisconsin","Town of Shullsburg (Lafayette County)","184","1","Assigned Polling Place","No","Hand marked paper ballots and DREs with VVPAT","Hand Count, Optical Scan, and DRE",
"5506575275","Wisconsin","Village of South Wayne (Lafayette County)","273","1","Assigned Polling Place","No","Hand marked paper ballots and DREs with VVPAT","Hand Count, Optical Scan, and DRE",
"5506584850","Wisconsin","Town of Wayne (Lafayette County)","310","1","Assigned Polling Place","No","Hand marked paper ballots and DREs with VVPAT","Hand Count, Optical Scan, and DRE",
"5506586800","Wisconsin","Town of White Oak Springs (Lafayette County)","59","1","Assigned Polling Place","No","Hand marked paper ballots and DREs with VVPAT","Hand Count, Optical Scan, and DRE",
"5506587275","Wisconsin","Town of Willow Springs (Lafayette County)","428","1","Assigned Polling Place","No","Hand marked paper ballots and DREs with VVPAT","Hand Count, Optical Scan, and DRE",
"5506588050","Wisconsin","Town of Wiota (Lafayette County)","544","1","Assigned Polling Place","No","Hand marked paper ballots and DREs with VVPAT","Hand Count, Optical Scan, and DRE",
"5506700225","Wisconsin","Town of Ackley (Langlade County)","315","1","Assigned Polling Place","No","Hand marked paper ballots and DREs with VVPAT","Hand Count, Optical Scan, and DRE",
"5506700625","Wisconsin","Town of Ainsworth (Langlade County)","372","1","Assigned Polling Place","No","Hand marked paper ballots and DREs with VVPAT","Hand Count, Optical Scan, and DRE",
"5506702250","Wisconsin","City of Antigo (Langlade County)","5329","9","Assigned Polling Place","No","Hand marked paper ballots and DREs with VVPAT","Hand Count, Optical Scan, and DRE",
"5506702275","Wisconsin","Town of Antigo (Langlade County)","987","1","Assigned Polling Place","No","Hand marked paper ballots and DREs with VVPAT","Hand Count, Optical Scan, and DRE",
"5506723050","Wisconsin","Town of Elcho (Langlade County)","883","1","Assigned Polling Place","No","Hand marked paper ballots and DREs with VVPAT","Hand Count, Optical Scan, and DRE",
"5506724575","Wisconsin","Town of Evergreen (Langlade County)","350","1","Assigned Polling Place","No","Hand marked paper ballots and DREs with VVPAT","Hand Count, Optical Scan, and DRE",
"5506742425","Wisconsin","Town of Langlade (Langlade County)","356","1","Assigned Polling Place","No","Hand marked paper ballots and DREs with VVPAT","Hand Count, Optical Scan, and DRE",
"5506756200","Wisconsin","Town of Neva (Langlade County)","651","1","Assigned Polling Place","No","Hand marked paper ballots and DREs with VVPAT","Hand Count, Optical Scan, and DRE",
"5506758700","Wisconsin","Town of Norwood (Langlade County)","578","1","Assigned Polling Place","No","Hand marked paper ballots and DREs with VVPAT","Hand Count, Optical Scan, and DRE",
"5506761375","Wisconsin","Town of Parrish (Langlade County)","61","1","Assigned Polling Place","No","Hand marked paper ballots and DREs with VVPAT","Hand Count, Optical Scan, and DRE",
"5506761525","Wisconsin","Town of Peck (Langlade County)","223","1","Assigned Polling Place","No","Hand marked paper ballots and DREs with VVPAT","Hand Count, Optical Scan, and DRE",
"5506763825","Wisconsin","Town of Polar (Langlade County)","675","1","Assigned Polling Place","No","Hand marked paper ballots and DREs with VVPAT","Hand Count, Optical Scan, and DRE",
"5506765550","Wisconsin","Town of Price (Langlade County)","155","1","Assigned Polling Place","No","Hand marked paper ballots and DREs with VVPAT","Hand Count, Optical Scan, and DRE",
"5506769175","Wisconsin","Town of Rolling (Langlade County)","916","1","Assigned Polling Place","No","Hand marked paper ballots and DREs with VVPAT","Hand Count, Optical Scan, and DRE",
"5506778325","Wisconsin","Town of Summit (Langlade County)","127","1","Assigned Polling Place","No","Hand marked paper ballots and DREs with VVPAT","Hand Count, Optical Scan, and DRE",
"5506781950","Wisconsin","Town of Upham (Langlade County)","566","1","Assigned Polling Place","No","Hand marked paper ballots and DREs with VVPAT","Hand Count, Optical Scan, and DRE",
"5506782825","Wisconsin","Town of Vilas (Langlade County)","157","1","Assigned Polling Place","No","Hand marked paper ballots and DREs with VVPAT","Hand Count, Optical Scan, and DRE",
"5506786750","Wisconsin","Village of White Lake (Langlade County)","199","1","Assigned Polling Place","No","Hand marked paper ballots and DREs with VVPAT","Hand Count, Optical Scan, and DRE",
"5506788450","Wisconsin","Town of Wolf River (Langlade County)","584","1","Assigned Polling Place","No","Hand marked paper ballots and DREs with VVPAT","Hand Count, Optical Scan, and DRE",
"5506907500","Wisconsin","Town of Birch (Lincoln County)","291","1","Assigned Polling Place","No","Hand marked paper ballots and BMDs","Optical Scan",
"5506909225","Wisconsin","Town of Bradley (Lincoln County)","1690","1","Assigned Polling Place","No","Hand marked paper ballots and BMDs","Optical Scan",
"5506917125","Wisconsin","Town of Corning (Lincoln County)","541","1","Assigned Polling Place","No","Hand marked paper ballots and BMDs","Optical Scan",
"5506932650","Wisconsin","Town of Harding (Lincoln County)","262","1","Assigned Polling Place","No","Hand marked paper ballots and BMDs","Optical Scan",
"5506932875","Wisconsin","Town of Harrison (Lincoln County)","658","1","Assigned Polling Place","No","Hand marked paper ballots and BMDs","Optical Scan",
"5506939675","Wisconsin","Town of King (Lincoln County)","766","1","Assigned Polling Place","No","Hand marked paper ballots and BMDs","Optical Scan",
"5506951250","Wisconsin","City of Merrill (Lincoln County)","7218","8","Assigned Polling Place","No","Hand marked paper ballots and BMDs","Optical Scan",
"5506951275","Wisconsin","Town of Merrill (Lincoln County)","2207","1","Assigned Polling Place","No","Hand marked paper ballots and BMDs","Optical Scan",
"5506962950","Wisconsin","Town of Pine River (Lincoln County)","1270","1","Assigned Polling Place","No","Hand marked paper ballots and BMDs","Optical Scan",
"5506968825","Wisconsin","Town of Rock Falls (Lincoln County)","405","1","Assigned Polling Place","No","Hand marked paper ballots and BMDs","Optical Scan",
"5506970325","Wisconsin","Town of Russell (Lincoln County)","435","1","Assigned Polling Place","No","Hand marked paper ballots and BMDs","Optical Scan",
"5506972100","Wisconsin","Town of Schley (Lincoln County)","577","1","Assigned Polling Place","No","Hand marked paper ballots and BMDs","Optical Scan",
"5506972300","Wisconsin","Town of Scott (Lincoln County)","889","1","Assigned Polling Place","No","Hand marked paper ballots and BMDs","Optical Scan",
"5506974250","Wisconsin","Town of Skanawan (Lincoln County)","294","1","Assigned Polling Place","No","Hand marked paper ballots and BMDs","Optical Scan",
"5506974725","Wisconsin","Town of Somo (Lincoln County)","87","1","Assigned Polling Place","No","Hand marked paper ballots and BMDs","Optical Scan",
"5506980125","Wisconsin","City of Tomahawk (Lincoln County)","1929","3","Assigned Polling Place","No","Hand marked paper ballots and BMDs","Optical Scan",
"5506980150","Wisconsin","Town of Tomahawk (Lincoln County)","285","1","Assigned Polling Place","No","Hand marked paper ballots and BMDs","Optical Scan",
"5506987425","Wisconsin","Town of Wilson (Lincoln County)","249","1","Assigned Polling Place","No","Hand marked paper ballots and BMDs","Optical Scan",
"5507113237","Wisconsin","Town of Cato (Manitowoc County)","1073","1","Assigned Polling Place","No","Hand marked paper ballots and BMDs","Hand Count, Optical Scan, and DRE",
"5507113750","Wisconsin","Town of Centerville (Manitowoc County)","468","1","Assigned Polling Place","No","Hand marked paper ballots and BMDs","Hand Count, Optical Scan, and DRE",
"5507115400","Wisconsin","Village of Cleveland (Manitowoc County)","880","1","Assigned Polling Place","No","Hand marked paper ballots and BMDs","Hand Count, Optical Scan, and DRE",
"5507116950","Wisconsin","Town of Cooperstown (Manitowoc County)","866","1","Assigned Polling Place","No","Hand marked paper ballots and BMDs","Hand Count, Optical Scan, and DRE",
"5507122275","Wisconsin","Town of Eaton (Manitowoc County)","586","1","Assigned Polling Place","No","Hand marked paper ballots and BMDs","Hand Count, Optical Scan, and DRE",
"5507127125","Wisconsin","Village of Francis Creek (Manitowoc County)","428","1","Assigned Polling Place","No","Hand marked paper ballots and BMDs","Hand Count, Optical Scan, and DRE",
"5507127275","Wisconsin","Town of Franklin (Manitowoc County)","781","1","Assigned Polling Place","No","Hand marked paper ballots and BMDs","Hand Count, Optical Scan, and DRE",
"5507128975","Wisconsin","Town of Gibson (Manitowoc County)","910","1","Assigned Polling Place","No","Hand marked paper ballots and BMDs","Hand Count, Optical Scan, and DRE",
"5507139000","Wisconsin","Village of Kellnersville (Manitowoc County)","224","1","Assigned Polling Place","No","Hand marked paper ballots and BMDs","Hand Count, Optical Scan, and DRE",
"5507139525","Wisconsin","City of Kiel (Manitowoc County)","2239","2","Assigned Polling Place","No","Hand marked paper ballots and DREs with VVPAT","Hand Count, Optical Scan, and DRE",
"5507140425","Wisconsin","Town of Kossuth (Manitowoc County)","1391","1","Assigned Polling Place","No","Hand marked paper ballots and BMDs","Hand Count, Optical Scan, and DRE",
"5507143850","Wisconsin","Town of Liberty (Manitowoc County)","905","1","Assigned Polling Place","No","Hand marked paper ballots and BMDs","Hand Count, Optical Scan, and DRE",
"5507148500","Wisconsin","City of Manitowoc (Manitowoc County)","22952","10","Assigned Polling Place","No","Hand marked paper ballots and DREs with VVPAT","Hand Count, Optical Scan, and DRE",
"5507148525","Wisconsin","Town of Manitowoc (Manitowoc County)","746","1","Assigned Polling Place","No","Hand marked paper ballots and BMDs","Hand Count, Optical Scan, and DRE",
"5507148575","Wisconsin","Town of Manitowoc Rapids (Manitowoc County)","1776","1","Assigned Polling Place","No","Hand marked paper ballots and BMDs","Hand Count, Optical Scan, and DRE",
"5507148875","Wisconsin","Town of Maple Grove (Manitowoc County)","501","1","Assigned Polling Place","No","Hand marked paper ballots and BMDs","Hand Count, Optical Scan, and DRE",
"5507149250","Wisconsin","Village of Maribel (Manitowoc County)","243","1","Assigned Polling Place","No","Hand marked paper ballots and BMDs","Hand Count, Optical Scan, and DRE",
"5507150625","Wisconsin","Town of Meeme (Manitowoc County)","915","2","Assigned Polling Place","No","Hand marked paper ballots and BMDs","Hand Count, Optical Scan, and DRE",
"5507153325","Wisconsin","Village of Mishicot (Manitowoc County)","892","1","Assigned Polling Place","No","Hand marked paper ballots and BMDs","Hand Count, Optical Scan, and DRE",
"5507153350","Wisconsin","Town of Mishicot (Manitowoc County)","797","1","Assigned Polling Place","No","Hand marked paper ballots and BMDs","Hand Count, Optical Scan, and DRE",
"5507157200","Wisconsin","Town of Newton (Manitowoc County)","1514","1","Assigned Polling Place","No","Hand marked paper ballots and BMDs","Hand Count, Optical Scan, and DRE",
"5507166875","Wisconsin","Village of Reedsville (Manitowoc County)","671","1","Assigned Polling Place","No","Hand marked paper ballots and BMDs","Hand Count, Optical Scan, and DRE",
"5507168925","Wisconsin","Town of Rockland (Manitowoc County)","629","1","Assigned Polling Place","No","Hand marked paper ballots and BMDs","Hand Count, Optical Scan, and DRE",
"5507172075","Wisconsin","Town of Schleswig (Manitowoc County)","1409","1","Assigned Polling Place","No","Hand marked paper ballots and BMDs","Hand Count, Optical Scan, and DRE",
"5507171025","Wisconsin","Village of St. Nazianz (Manitowoc County)","425","1","Assigned Polling Place","No","Hand marked paper ballots and BMDs","Hand Count, Optical Scan, and DRE",
"5507181300","Wisconsin","Town of Two Creeks (Manitowoc County)","296","1","Assigned Polling Place","No","Hand marked paper ballots and BMDs","Hand Count, Optical Scan, and DRE",
"5507181325","Wisconsin","City of Two Rivers (Manitowoc County)","7982","4","Assigned Polling Place","No","Hand marked paper ballots and BMDs","Hand Count, Optical Scan, and DRE",
"5507181350","Wisconsin","Town of Two Rivers (Manitowoc County)","1232","1","Assigned Polling Place","No","Hand marked paper ballots and BMDs","Hand Count, Optical Scan, and DRE",
"5507182200","Wisconsin","Village of Valders (Manitowoc County)","568","1","Assigned Polling Place","No","Hand marked paper ballots and BMDs","Hand Count, Optical Scan, and DRE",
"5507186775","Wisconsin","Village of Whitelaw (Manitowoc County)","454","1","Assigned Polling Place","No","Hand marked paper ballots and BMDs","Hand Count, Optical Scan, and DRE",
"5507303550","Wisconsin","Village of Athens (Marathon County)","656","1","Assigned Polling Place","No","Hand marked paper ballots and BMDs","Optical Scan",
"5507306875","Wisconsin","Town of Bergen (Marathon County)","427","1","Assigned Polling Place","No","Hand marked paper ballots and BMDs","Optical Scan",
"5507306975","Wisconsin","Town of Berlin (Marathon County)","623","1","Assigned Polling Place","No","Hand marked paper ballots and BMDs","Optical Scan",
"5507307000","Wisconsin","Town of Bern (Marathon County)","226","1","Assigned Polling Place","No","Hand marked paper ballots and BMDs","Optical Scan",
"5507307125","Wisconsin","Town of Bevent (Marathon County)","731","1","Assigned Polling Place","No","Hand marked paper ballots and BMDs","Optical Scan",
"5507309650","Wisconsin","Town of Brighton (Marathon County)","323","1","Assigned Polling Place","No","Hand marked paper ballots and BMDs","Optical Scan",
"5507309975","Wisconsin","Village of Brokaw (Marathon County)","185","1","Assigned Polling Place","No","Hand marked paper ballots and BMDs","Optical Scan",
"5507312975","Wisconsin","Town of Cassel (Marathon County)","574","1","Assigned Polling Place","No","Hand marked paper ballots and BMDs","Optical Scan",
"5507315425","Wisconsin","Town of Cleveland (Marathon County)","820","1","Assigned Polling Place","No","Hand marked paper ballots and BMDs","Optical Scan",
"5507318950","Wisconsin","Town of Day (Marathon County)","666","1","Assigned Polling Place","No","Hand marked paper ballots and BMDs","Optical Scan",
"5507322025","Wisconsin","Town of Easton (Marathon County)","701","1","Assigned Polling Place","No","Hand marked paper ballots and BMDs","Optical Scan",
"5507322425","Wisconsin","Town of Eau Pleine (Marathon County)","463","1","Assigned Polling Place","No","Hand marked paper ballots and BMDs","Optical Scan",
"5507322550","Wisconsin","Village of Edgar (Marathon County)","898","1","Assigned Polling Place","No","Hand marked paper ballots and BMDs","Optical Scan",
"5507323075","Wisconsin","Village of Elderon (Marathon County)","101","1","Assigned Polling Place","No","Hand marked paper ballots and BMDs","Optical Scan",
"5507323100","Wisconsin","Town of Elderon (Marathon County)","101","1","Assigned Polling Place","No","Hand marked paper ballots and BMDs","Optical Scan",
"5507324025","Wisconsin","Town of Emmet (Marathon County)","575","1","Assigned Polling Place","No","Hand marked paper ballots and BMDs","Optical Scan",
"5507325650","Wisconsin","Village of Fenwood (Marathon County)","93","1","Assigned Polling Place","No","Hand marked paper ballots and BMDs","Optical Scan",
"5507327150","Wisconsin","Town of Frankfort (Marathon County)","383","1","Assigned Polling Place","No","Hand marked paper ballots and BMDs","Optical Scan",
"5507327450","Wisconsin","Town of Franzen (Marathon County)","361","1","Assigned Polling Place","No","Hand marked paper ballots and BMDs","Optical Scan",
"5507331450","Wisconsin","Town of Green Valley (Marathon County)","379","1","Assigned Polling Place","No","Hand marked paper ballots and BMDs","Optical Scan",
"5507331800","Wisconsin","Town of Guenther (Marathon County)","226","1","Assigned Polling Place","No","Hand marked paper ballots and BMDs","Optical Scan",
"5507332150","Wisconsin","Town of Halsey (Marathon County)","343","1","Assigned Polling Place","No","Hand marked paper ballots and BMDs","Optical Scan",
"5507332200","Wisconsin","Town of Hamburg (Marathon County)","519","1","Assigned Polling Place","No","Hand marked paper ballots and BMDs","Optical Scan",
"5507332900","Wisconsin","Town of Harrison (Marathon County)","223","1","Assigned Polling Place","No","Hand marked paper ballots and BMDs","Optical Scan",
"5507333175","Wisconsin","Village of Hatley (Marathon County)","298","1","Assigned Polling Place","No","Hand marked paper ballots and BMDs","Optical Scan",
"5507334225","Wisconsin","Town of Hewitt (Marathon County)","391","1","Assigned Polling Place","No","Hand marked paper ballots and BMDs","Optical Scan",
"5507335500","Wisconsin","Town of Holton (Marathon County)","493","1","Assigned Polling Place","No","Hand marked paper ballots and BMDs","Optical Scan",
"5507336325","Wisconsin","Town of Hull (Marathon County)","405","1","Assigned Polling Place","No","Hand marked paper ballots and BMDs","Optical Scan",
"5507338300","Wisconsin","Town of Johnson (Marathon County)","507","1","Assigned Polling Place","No","Hand marked paper ballots and BMDs","Optical Scan",
"5507340150","Wisconsin","Town of Knowlton (Marathon County)","1339","1","Assigned Polling Place","No","Hand marked paper ballots and BMDs","Optical Scan",
"5507340550","Wisconsin","Village of Kronenwetter (Marathon County)","5346","2","Assigned Polling Place","No","Hand marked paper ballots and BMDs","Optical Scan",
"5507348225","Wisconsin","Town of Maine (Marathon County)","1506","1","Assigned Polling Place","No","Hand marked paper ballots and BMDs","Optical Scan",
"5507349075","Wisconsin","Town of Marathon (Marathon County)","772","1","Assigned Polling Place","No","Hand marked paper ballots and BMDs","Optical Scan",
"5507349100","Wisconsin","Village of Marathon City (Marathon County)","990","1","Assigned Polling Place","No","Hand marked paper ballots and BMDs","Optical Scan",
"5507346975","Wisconsin","Town of McMillan (Marathon County)","1347","1","Assigned Polling Place","No","Hand marked paper ballots and BMDs","Optical Scan",
"5507354500","Wisconsin","City of Mosinee (Marathon County)","3367","2","Assigned Polling Place","No","Hand marked paper ballots and BMDs","Optical Scan",
"5507354525","Wisconsin","Town of Mosinee (Marathon County)","1484","1","Assigned Polling Place","No","Hand marked paper ballots and BMDs","Optical Scan",
"5507357600","Wisconsin","Town of Norrie (Marathon County)","547","1","Assigned Polling Place","No","Hand marked paper ballots and BMDs","Optical Scan",
"5507363500","Wisconsin","Town of Plover (Marathon County)","406","1","Assigned Polling Place","No","Hand marked paper ballots and BMDs","Optical Scan",
"5507366950","Wisconsin","Town of Reid (Marathon County)","768","1","Assigned Polling Place","No","Hand marked paper ballots and BMDs","Optical Scan",
"5507367250","Wisconsin","Town of Rib Falls (Marathon County)","630","1","Assigned Polling Place","No","Hand marked paper ballots and BMDs","Optical Scan",
"5507367325","Wisconsin","Town of Rib Mountain (Marathon County)","5519","1","Assigned Polling Place","No","Hand marked paper ballots and BMDs","Optical Scan",
"5507367950","Wisconsin","Town of Rietbrock (Marathon County)","588","1","Assigned Polling Place","No","Hand marked paper ballots and BMDs","Optical Scan",
"5507368075","Wisconsin","Town of Ringle (Marathon County)","1077","1","Assigned Polling Place","No","Hand marked paper ballots and BMDs","Optical Scan",
"5507369725","Wisconsin","Village of Rothschild (Marathon County)","4360","3","Assigned Polling Place","No","Hand marked paper ballots and BMDs","Optical Scan",
"5507372150","Wisconsin","City of Schofield (Marathon County)","1658","1","Assigned Polling Place","No","Hand marked paper ballots and BMDs","Optical Scan",
"5507375400","Wisconsin","Village of Spencer (Marathon County)","1052","1","Assigned Polling Place","No","Hand marked paper ballots and BMDs","Optical Scan",
"5507375425","Wisconsin","Town of Spencer (Marathon County)","845","1","Assigned Polling Place","No","Hand marked paper ballots and BMDs","Optical Scan",
"5507377150","Wisconsin","Town of Stettin (Marathon County)","1988","2","Assigned Polling Place","No","Hand marked paper ballots and BMDs","Optical Scan",
"5507377750","Wisconsin","Village of Stratford (Marathon County)","853","1","Assigned Polling Place","No","Hand marked paper ballots and BMDs","Optical Scan",
"5507379350","Wisconsin","Town of Texas (Marathon County)","1213","1","Assigned Polling Place","No","Hand marked paper ballots and BMDs","Optical Scan",
"5507381850","Wisconsin","Village of Unity (Marathon County)","196","2","Assigned Polling Place","No","Hand marked paper ballots and BMDs","Optical Scan",
"5507384475","Wisconsin","City of Wausau (Marathon County)","25577","31","Assigned Polling Place","No","Hand marked paper ballots and BMDs","Optical Scan",
"5507384500","Wisconsin","Town of Wausau (Marathon County)","1631","1","Assigned Polling Place","No","Hand marked paper ballots and BMDs","Optical Scan",
"5507386025","Wisconsin","Village of Weston (Marathon County)","9639","4","Assigned Polling Place","No","Hand marked paper ballots and BMDs","Optical Scan",
"5507386050","Wisconsin","Town of Weston (Marathon County)","351","1","Assigned Polling Place","No","Hand marked paper ballots and BMDs","Optical Scan",
"5507387025","Wisconsin","Town of Wien (Marathon County)","468","1","Assigned Polling Place","No","Hand marked paper ballots and BMDs","Optical Scan",
"5507501675","Wisconsin","Town of Amberg (Marinette County)","580","1","Assigned Polling Place","No","Hand marked paper ballots and DREs with VVPAT","Hand Count, Optical Scan, and DRE",
"5507503525","Wisconsin","Town of Athelstane (Marinette County)","407","1","Assigned Polling Place","No","Hand marked paper ballots and DREs with VVPAT","Hand Count, Optical Scan, and DRE",
"5507505800","Wisconsin","Town of Beaver (Marinette County)","727","1","Assigned Polling Place","No","Hand marked paper ballots and DREs with VVPAT","Hand Count, Optical Scan, and DRE",
"5507506000","Wisconsin","Town of Beecher (Marinette County)","434","1","Assigned Polling Place","No","Hand marked paper ballots and DREs with VVPAT","Hand Count, Optical Scan, and DRE",
"5507516250","Wisconsin","Village of Coleman (Marinette County)","435","1","Assigned Polling Place","No","Hand marked paper ballots and DREs with VVPAT","Hand Count, Optical Scan, and DRE",
"5507517725","Wisconsin","Village of Crivitz (Marinette County)","601","1","Assigned Polling Place","No","Hand marked paper ballots and DREs with VVPAT","Hand Count, Optical Scan, and DRE",
"5507521000","Wisconsin","Town of Dunbar (Marinette County)","914","1","Assigned Polling Place","No","Hand marked paper ballots and DREs with VVPAT","Hand Count, Optical Scan, and DRE",
"5507529775","Wisconsin","Town of Goodman (Marinette County)","428","1","Assigned Polling Place","No","Hand marked paper ballots and DREs with VVPAT","Hand Count, Optical Scan, and DRE",
"5507531725","Wisconsin","Town of Grover (Marinette County)","1128","1","Assigned Polling Place","No","Hand marked paper ballots and DREs with VVPAT","Hand Count, Optical Scan, and DRE",
"5507541075","Wisconsin","Town of Lake (Marinette County)","766","1","Assigned Polling Place","No","Hand marked paper ballots and DREs with VVPAT","Hand Count, Optical Scan, and DRE",
"5507549300","Wisconsin","City of Marinette (Marinette County)","7127","3","Assigned Polling Place","No","Hand marked paper ballots and DREs with VVPAT","Hand Count, Optical Scan, and DRE",
"5507551537","Wisconsin","Town of Middle Inlet (Marinette County)","505","1","Assigned Polling Place","No","Hand marked paper ballots and DREs with VVPAT","Hand Count, Optical Scan, and DRE",
"5507557325","Wisconsin","City of Niagara (Marinette County)","958","1","Assigned Polling Place","No","Hand marked paper ballots and DREs with VVPAT","Hand Count, Optical Scan, and DRE",
"5507557350","Wisconsin","Town of Niagara (Marinette County)","568","1","Assigned Polling Place","No","Hand marked paper ballots and DREs with VVPAT","Hand Count, Optical Scan, and DRE",
"5507561775","Wisconsin","Town of Pembine (Marinette County)","638","1","Assigned Polling Place","No","Hand marked paper ballots and DREs with VVPAT","Hand Count, Optical Scan, and DRE",
"5507562175","Wisconsin","City of Peshtigo (Marinette County)","1807","1","Assigned Polling Place","No","DREs without VVPAT for all voters","Hand Count, Optical Scan, and DRE",
"5507562200","Wisconsin","Town of Peshtigo (Marinette County)","2618","1","Assigned Polling Place","No","Hand marked paper ballots and DREs with VVPAT","Hand Count, Optical Scan, and DRE",
"5507564275","Wisconsin","Town of Porterfield (Marinette County)","1234","1","Assigned Polling Place","No","Hand marked paper ballots and DREs with VVPAT","Hand Count, Optical Scan, and DRE",
"5507564750","Wisconsin","Village of Pound (Marinette County)","198","1","Assigned Polling Place","No","Hand marked paper ballots and DREs with VVPAT","Hand Count, Optical Scan, and DRE",
"5507564775","Wisconsin","Town of Pound (Marinette County)","838","1","Assigned Polling Place","No","Hand marked paper ballots and DREs with VVPAT","Hand Count, Optical Scan, and DRE",
"5507573975","Wisconsin","Town of Silver Cliff (Marinette County)","363","1","Assigned Polling Place","No","Hand marked paper ballots and DREs with VVPAT","Hand Count, Optical Scan, and DRE",
"5507577000","Wisconsin","Town of Stephenson (Marinette County)","2017","2","Assigned Polling Place","No","Hand marked paper ballots and DREs with VVPAT","Hand Count, Optical Scan, and DRE",
"5507583050","Wisconsin","Town of Wagner (Marinette County)","482","1","Assigned Polling Place","No","Hand marked paper ballots and DREs with VVPAT","Hand Count, Optical Scan, and DRE",
"5507584525","Wisconsin","Village of Wausaukee (Marinette County)","343","1","Assigned Polling Place","No","Hand marked paper ballots and DREs with VVPAT","Hand Count, Optical Scan, and DRE",
"5507584550","Wisconsin","Town of Wausaukee (Marinette County)","808","1","Assigned Polling Place","No","Hand marked paper ballots and DREs with VVPAT","Hand Count, Optical Scan, and DRE",
"5507711050","Wisconsin","Town of Buffalo (Marquette County)","634","1","Assigned Polling Place","No","Hand marked paper ballots and DREs with VVPAT","Hand Count and DRE",
"5507717900","Wisconsin","Town of Crystal Lake (Marquette County)","369","1","Assigned Polling Place","No","Hand marked paper ballots and DREs with VVPAT","Hand Count and DRE",
"5507720525","Wisconsin","Town of Douglas (Marquette County)","523","1","Assigned Polling Place","No","Hand marked paper ballots and DREs with VVPAT","Hand Count and DRE",
"5507724075","Wisconsin","Village of Endeavor (Marquette County)","329","1","Assigned Polling Place","No","Hand marked paper ballots and DREs with VVPAT","Hand Count and DRE",
"5507732775","Wisconsin","Town of Harris (Marquette County)","590","1","Assigned Polling Place","No","Hand marked paper ballots and DREs with VVPAT","Hand Count and DRE",
"5507750350","Wisconsin","Town of Mecan (Marquette County)","468","1","Assigned Polling Place","No","Hand marked paper ballots and DREs with VVPAT","Hand Count and DRE",
"5507753875","Wisconsin","City of Montello (Marquette County)","849","1","Assigned Polling Place","No","Hand marked paper ballots and DREs with VVPAT","Hand Count and DRE",
"5507753900","Wisconsin","Town of Montello (Marquette County)","714","1","Assigned Polling Place","No","Hand marked paper ballots and DREs with VVPAT","Hand Count and DRE",
"5507754600","Wisconsin","Town of Moundville (Marquette County)","304","1","Assigned Polling Place","No","Hand marked paper ballots and DREs with VVPAT","Hand Count and DRE",
"5507756125","Wisconsin","Village of Neshkoro (Marquette County)","277","1","Assigned Polling Place","No","Hand marked paper ballots and DREs with VVPAT","Hand Count and DRE",
"5507756150","Wisconsin","Town of Neshkoro (Marquette County)","424","1","Assigned Polling Place","No","Hand marked paper ballots and DREs with VVPAT","Hand Count and DRE",
"5507757225","Wisconsin","Town of Newton (Marquette County)","285","1","Assigned Polling Place","No","Hand marked paper ballots and DREs with VVPAT","Hand Count and DRE",
"5507760875","Wisconsin","Village of Oxford (Marquette County)","355","1","Assigned Polling Place","No","Hand marked paper ballots and DREs with VVPAT","Hand Count and DRE",
"5507760900","Wisconsin","Town of Oxford (Marquette County)","566","1","Assigned Polling Place","No","Hand marked paper ballots and DREs with VVPAT","Hand Count and DRE",
"5507760962","Wisconsin","Town of Packwaukee (Marquette County)","903","1","Assigned Polling Place","No","Hand marked paper ballots and DREs with VVPAT","Hand Count and DRE",
"5507773600","Wisconsin","Town of Shields (Marquette County)","404","1","Assigned Polling Place","No","Hand marked paper ballots and DREs with VVPAT","Hand Count and DRE",
"5507775925","Wisconsin","Town of Springfield (Marquette County)","519","1","Assigned Polling Place","No","Hand marked paper ballots and DREs with VVPAT","Hand Count and DRE",
"5507785575","Wisconsin","Village of Westfield (Marquette County)","634","1","Assigned Polling Place","No","Hand marked paper ballots and DREs with VVPAT","Hand Count and DRE",
"5507785600","Wisconsin","Town of Westfield (Marquette County)","608","1","Assigned Polling Place","No","Hand marked paper ballots and DREs with VVPAT","Hand Count and DRE",
"5507850975","Wisconsin","Town of Menominee (Menominee County)","2087","2","Assigned Polling Place","No","Hand marked paper ballots and BMDs","Optical Scan",
"5507905450","Wisconsin","Village of Bayside (Milwaukee County)","3862","5","Assigned Polling Place","No","Hand marked paper ballots and DREs with VVPAT","Optical Scan and DRE",
"5507910375","Wisconsin","Village of Brown Deer (Milwaukee County)","8845","3","Assigned Polling Place","No","Hand marked paper ballots and BMDs","Optical Scan and DRE",
"5507917975","Wisconsin","City of Cudahy (Milwaukee County)","14158","7","Assigned Polling Place","No","Hand marked paper ballots and BMDs","Optical Scan and DRE",
"5507927075","Wisconsin","Village of Fox Point (Milwaukee County)","5669","2","Assigned Polling Place","No","Hand marked paper ballots and DREs with VVPAT","Optical Scan and DRE",
"5507927300","Wisconsin","City of Franklin (Milwaukee County)","26776","25","Assigned Polling Place","No","Hand marked paper ballots and DREs with VVPAT","Optical Scan and DRE",
"5507929400","Wisconsin","City of Glendale (Milwaukee County)","11317","8","Assigned Polling Place","No","Hand marked paper ballots and DREs with VVPAT","Optical Scan and DRE",
"5507931125","Wisconsin","Village of Greendale (Milwaukee County)","11707","5","Assigned Polling Place","No","Hand marked paper ballots and DREs with VVPAT","Optical Scan and DRE",
"5507931175","Wisconsin","City of Greenfield (Milwaukee County)","26935","21","Assigned Polling Place","No","Hand marked paper ballots and BMDs","Optical Scan and DRE",
"5507932075","Wisconsin","Village of Hales Corners (Milwaukee County)","5959","3","Assigned Polling Place","No","Hand marked paper ballots and BMDs","Optical Scan and DRE",
"5507953000","Wisconsin","City of Milwaukee (Milwaukee County)","411604","327","Assigned Polling Place","No","Hand marked paper ballots and BMDs","Optical Scan and DRE",
"5507958800","Wisconsin","City of Oak Creek (Milwaukee County)","22820","6","Assigned Polling Place","No","Hand marked paper ballots and DREs with VVPAT","Optical Scan and DRE",
"5507968325","Wisconsin","Village of River Hills (Milwaukee County)","1510","1","Assigned Polling Place","No","Hand marked paper ballots and DREs with VVPAT","Optical Scan and DRE",
"5507973725","Wisconsin","Village of Shorewood (Milwaukee County)","11873","3","Assigned Polling Place","No","Hand marked paper ballots and DREs with VVPAT","Optical Scan and DRE",
"5507975125","Wisconsin","City of South Milwaukee (Milwaukee County)","15088","4","Assigned Polling Place","No","Hand marked paper ballots and DREs with VVPAT","Optical Scan and DRE",
"5507970650","Wisconsin","City of St. Francis (Milwaukee County)","6179","3","Assigned Polling Place","No","Hand marked paper ballots and DREs with VVPAT","Optical Scan and DRE",
"5507984675","Wisconsin","City of Wauwatosa (Milwaukee County)","37019","24","Assigned Polling Place","No","Hand marked paper ballots and DREs with VVPAT","Optical Scan and DRE",
"5507985300","Wisconsin","City of West Allis (Milwaukee County)","43857","25","Assigned Polling Place","No","Hand marked paper ballots and BMDs","Optical Scan and DRE",
"5507985875","Wisconsin","Village of West Milwaukee (Milwaukee County)","2391","2","Assigned Polling Place","No","Hand marked paper ballots and BMDs","Optical Scan and DRE",
"5507986700","Wisconsin","Village of Whitefish Bay (Milwaukee County)","11033","7","Assigned Polling Place","No","Hand marked paper ballots and BMDs","Optical Scan and DRE",
"5508100475","Wisconsin","Town of Adrian (Monroe County)","481","1","Assigned Polling Place","No","Hand marked paper ballots and DREs with VVPAT","Hand Count, Optical Scan, and DRE",
"5508102025","Wisconsin","Town of Angelo (Monroe County)","680","1","Assigned Polling Place","No","Hand marked paper ballots and DREs with VVPAT","Hand Count, Optical Scan, and DRE",
"5508111625","Wisconsin","Town of Byron (Monroe County)","664","1","Assigned Polling Place","No","Hand marked paper ballots and DREs with VVPAT","Hand Count, Optical Scan, and DRE",
"5508112950","Wisconsin","Village of Cashton (Monroe County)","526","1","Assigned Polling Place","No","Hand marked paper ballots and DREs with VVPAT","Hand Count, Optical Scan, and DRE",
"5508115550","Wisconsin","Town of Clifton (Monroe County)","265","1","Assigned Polling Place","No","Hand marked paper ballots and DREs with VVPAT","Hand Count, Optical Scan, and DRE",
"5508129450","Wisconsin","Town of Glendale (Monroe County)","374","1","Assigned Polling Place","No","Hand marked paper ballots and DREs with VVPAT","Hand Count, Optical Scan, and DRE",
"5508130325","Wisconsin","Town of Grant (Monroe County)","232","1","Assigned Polling Place","No","Hand marked paper ballots and DREs with VVPAT","Hand Count, Optical Scan, and DRE",
"5508131225","Wisconsin","Town of Greenfield (Monroe County)","450","1","Assigned Polling Place","No","Hand marked paper ballots and DREs with VVPAT","Hand Count, Optical Scan, and DRE",
"5508137950","Wisconsin","Town of Jefferson (Monroe County)","297","1","Assigned Polling Place","No","Hand marked paper ballots and DREs with VVPAT","Hand Count, Optical Scan, and DRE",
"5508139150","Wisconsin","Village of Kendall (Monroe County)","222","1","Assigned Polling Place","No","Hand marked paper ballots and DREs with VVPAT","Hand Count, Optical Scan, and DRE",
"5508141000","Wisconsin","Town of La Grange (Monroe County)","1194","2","Assigned Polling Place","No","Hand marked paper ballots and DREs with VVPAT","Hand Count, Optical Scan, and DRE",
"5508140925","Wisconsin","Town of Lafayette (Monroe County)","212","1","Assigned Polling Place","No","Hand marked paper ballots and DREs with VVPAT","Hand Count, Optical Scan, and DRE",
"5508143475","Wisconsin","Town of Leon (Monroe County)","608","1","Assigned Polling Place","No","Hand marked paper ballots and DREs with VVPAT","Hand Count, Optical Scan, and DRE",
"5508144450","Wisconsin","Town of Lincoln (Monroe County)","449","1","Assigned Polling Place","No","Hand marked paper ballots and DREs with VVPAT","Hand Count, Optical Scan, and DRE",
"5508144975","Wisconsin","Town of Little Falls (Monroe County)","833","1","Assigned Polling Place","No","Hand marked paper ballots and DREs with VVPAT","Hand Count, Optical Scan, and DRE",
"5508150800","Wisconsin","Village of Melvina (Monroe County)","40","1","Assigned Polling Place","No","Hand marked paper ballots and DREs with VVPAT","Hand Count, Optical Scan, and DRE",
"5508156950","Wisconsin","Town of New Lyme (Monroe County)","88","1","Assigned Polling Place","No","Hand marked paper ballots and DREs with VVPAT","Hand Count, Optical Scan, and DRE",
"5508158575","Wisconsin","Village of Norwalk (Monroe County)","295","1","Assigned Polling Place","No","Hand marked paper ballots and DREs with VVPAT","Hand Count, Optical Scan, and DRE",
"5508158850","Wisconsin","Village of Oakdale (Monroe County)","156","1","Assigned Polling Place","No","Hand marked paper ballots and DREs with VVPAT","Hand Count, Optical Scan, and DRE",
"5508158875","Wisconsin","Town of Oakdale (Monroe County)","417","1","Assigned Polling Place","No","Hand marked paper ballots and DREs with VVPAT","Hand Count, Optical Scan, and DRE",
"5508164425","Wisconsin","Town of Portland (Monroe County)","387","1","Assigned Polling Place","No","Hand marked paper ballots and DREs with VVPAT","Hand Count, Optical Scan, and DRE",
"5508167850","Wisconsin","Town of Ridgeville (Monroe County)","330","1","Assigned Polling Place","No","Hand marked paper ballots and DREs with VVPAT","Hand Count, Optical Scan, and DRE",
"5508172325","Wisconsin","Town of Scott (Monroe County)","48","1","Assigned Polling Place","No","Hand marked paper ballots and DREs with VVPAT","Hand Count, Optical Scan, and DRE",
"5508173150","Wisconsin","Town of Sheldon (Monroe County)","224","1","Assigned Polling Place","No","Hand marked paper ballots and DREs with VVPAT","Hand Count, Optical Scan, and DRE",
"5508175325","Wisconsin","City of Sparta (Monroe County)","6695","3","Assigned Polling Place","No","Hand marked paper ballots and DREs with VVPAT","Hand Count, Optical Scan, and DRE",
"5508175350","Wisconsin","Town of Sparta (Monroe County)","1742","1","Assigned Polling Place","No","Hand marked paper ballots and DREs with VVPAT","Hand Count, Optical Scan, and DRE",
"5508180075","Wisconsin","City of Tomah (Monroe County)","5848","5","Assigned Polling Place","No","Hand marked paper ballots and DREs with VVPAT","Hand Count, Optical Scan, and DRE",
"5508180100","Wisconsin","Town of Tomah (Monroe County)","823","1","Assigned Polling Place","No","Hand marked paper ballots and DREs with VVPAT","Hand Count, Optical Scan, and DRE",
"5508183450","Wisconsin","Village of Warrens (Monroe County)","186","1","Assigned Polling Place","No","Hand marked paper ballots and DREs with VVPAT","Hand Count, Optical Scan, and DRE",
"5508185125","Wisconsin","Town of Wellington (Monroe County)","330","1","Assigned Polling Place","No","Hand marked paper ballots and DREs with VVPAT","Hand Count, Optical Scan, and DRE",
"5508185150","Wisconsin","Town of Wells (Monroe County)","326","1","Assigned Polling Place","No","Hand marked paper ballots and DREs with VVPAT","Hand Count, Optical Scan, and DRE",
"5508187525","Wisconsin","Village of Wilton (Monroe County)","294","1","Assigned Polling Place","No","Hand marked paper ballots and DREs with VVPAT","Hand Count, Optical Scan, and DRE",
"5508187550","Wisconsin","Town of Wilton (Monroe County)","322","1","Assigned Polling Place","No","Hand marked paper ballots and DREs with VVPAT","Hand Count, Optical Scan, and DRE",
"5508189275","Wisconsin","Village of Wyeville (Monroe County)","78","1","Assigned Polling Place","No","Hand marked paper ballots and DREs with VVPAT","Hand Count, Optical Scan, and DRE",
"5508300175","Wisconsin","Town of Abrams (Oconto County)","1137","1","Assigned Polling Place","No","Hand marked paper ballots and DREs with VVPAT","Hand Count, Optical Scan, and DRE",
"5508304275","Wisconsin","Town of Bagley (Oconto County)","205","1","Assigned Polling Place","No","Hand marked paper ballots and DREs with VVPAT","Hand Count, Optical Scan, and DRE",
"5508309375","Wisconsin","Town of Brazeau (Oconto County)","852","1","Assigned Polling Place","No","Hand marked paper ballots and DREs with VVPAT","Hand Count, Optical Scan, and DRE",
"5508309425","Wisconsin","Town of Breed (Oconto County)","423","1","Assigned Polling Place","No","Hand marked paper ballots and DREs with VVPAT","Hand Count, Optical Scan, and DRE",
"5508314125","Wisconsin","Town of Chase (Oconto County)","1712","1","Assigned Polling Place","No","Hand marked paper ballots and DREs with VVPAT","Hand Count, Optical Scan, and DRE",
"5508320475","Wisconsin","Town of Doty (Oconto County)","237","1","Assigned Polling Place","No","Hand marked paper ballots and DREs with VVPAT","Hand Count, Optical Scan, and DRE",
"5508329050","Wisconsin","City of Gillett (Oconto County)","677","1","Assigned Polling Place","No","Hand marked paper ballots and DREs with VVPAT","Hand Count, Optical Scan, and DRE",
"5508329075","Wisconsin","Town of Gillett (Oconto County)","570","1","Assigned Polling Place","No","Hand marked paper ballots and DREs with VVPAT","Hand Count, Optical Scan, and DRE",
"5508335925","Wisconsin","Town of How (Oconto County)","382","1","Assigned Polling Place","No","Hand marked paper ballots and DREs with VVPAT","Hand Count, Optical Scan, and DRE",
"5508342075","Wisconsin","Town of Lakewood (Oconto County)","655","1","Assigned Polling Place","No","Hand marked paper ballots and DREs with VVPAT","Hand Count, Optical Scan, and DRE",
"5508343325","Wisconsin","Village of Lena (Oconto County)","305","1","Assigned Polling Place","No","Hand marked paper ballots and DREs with VVPAT","Hand Count, Optical Scan, and DRE",
"5508343350","Wisconsin","Town of Lena (Oconto County)","305","1","Assigned Polling Place","No","Hand marked paper ballots and DREs with VVPAT","Hand Count, Optical Scan, and DRE",
"5508345175","Wisconsin","Town of Little River (Oconto County)","621","1","Assigned Polling Place","No","Hand marked paper ballots and DREs with VVPAT","Hand Count, Optical Scan, and DRE",
"5508345275","Wisconsin","Town of Little Suamico (Oconto County)","2770","1","Assigned Polling Place","No","Hand marked paper ballots and DREs with VVPAT","Hand Count, Optical Scan, and DRE",
"5508349000","Wisconsin","Town of Maple Valley (Oconto County)","483","1","Assigned Polling Place","No","Hand marked paper ballots and DREs with VVPAT","Hand Count, Optical Scan, and DRE",
"5508354200","Wisconsin","Town of Morgan (Oconto County)","682","1","Assigned Polling Place","No","Hand marked paper ballots and DREs with VVPAT","Hand Count, Optical Scan, and DRE",
"5508354630","Wisconsin","Town of Mountain (Oconto County)","583","1","Assigned Polling Place","No","Hand marked paper ballots and DREs with VVPAT","Hand Count, Optical Scan, and DRE",
"5508359350","Wisconsin","City of Oconto (Oconto County)","2453","1","Assigned Polling Place","No","Hand marked paper ballots and DREs with VVPAT","Hand Count, Optical Scan, and DRE",
"5508359375","Wisconsin","Town of Oconto (Oconto County)","820","1","Assigned Polling Place","No","Hand marked paper ballots and DREs with VVPAT","Hand Count, Optical Scan, and DRE",
"5508359400","Wisconsin","City of Oconto Falls (Oconto County)","1717","1","Assigned Polling Place","No","Hand marked paper ballots and DREs with VVPAT","Hand Count, Optical Scan, and DRE",
"5508359425","Wisconsin","Town of Oconto Falls (Oconto County)","823","1","Assigned Polling Place","No","Hand marked paper ballots and DREs with VVPAT","Hand Count, Optical Scan, and DRE",
"5508361900","Wisconsin","Town of Pensaukee (Oconto County)","840","1","Assigned Polling Place","No","Hand marked paper ballots and DREs with VVPAT","Hand Count, Optical Scan, and DRE",
"5508368400","Wisconsin","Town of Riverview (Oconto County)","759","1","Assigned Polling Place","No","Hand marked paper ballots and DREs with VVPAT","Hand Count, Optical Scan, and DRE",
"5508376450","Wisconsin","Town of Spruce (Oconto County)","507","1","Assigned Polling Place","No","Hand marked paper ballots and DREs with VVPAT","Hand Count, Optical Scan, and DRE",
"5508377300","Wisconsin","Town of Stiles (Oconto County)","905","1","Assigned Polling Place","No","Hand marked paper ballots and DREs with VVPAT","Hand Count, Optical Scan, and DRE",
"5508378725","Wisconsin","Village of Suring (Oconto County)","346","1","Assigned Polling Place","No","Hand marked paper ballots and DREs with VVPAT","Hand Count, Optical Scan, and DRE",
"5508380325","Wisconsin","Town of Townsend (Oconto County)","722","1","Assigned Polling Place","No","Hand marked paper ballots and DREs with VVPAT","Hand Count, Optical Scan, and DRE",
"5508381475","Wisconsin","Town of Underhill (Oconto County)","499","1","Assigned Polling Place","No","Hand marked paper ballots and DREs with VVPAT","Hand Count, Optical Scan, and DRE",
"5508513025","Wisconsin","Town of Cassian (Oneida County)","770","1","Assigned Polling Place","No","Hand marked paper ballots and DREs with VVPAT","Hand Count, Optical Scan, and DRE",
"5508517625","Wisconsin","Town of Crescent (Oneida County)","1564","1","Assigned Polling Place","No","Hand marked paper ballots and BMDs","Hand Count, Optical Scan, and DRE",
"5508524125","Wisconsin","Town of Enterprise (Oneida County)","258","1","Assigned Polling Place","No","Hand marked paper ballots and DREs with VVPAT","Hand Count, Optical Scan, and DRE",
"5508533575","Wisconsin","Town of Hazelhurst (Oneida County)","1078","1","Assigned Polling Place","No","Hand marked paper ballots and BMDs","Hand Count, Optical Scan, and DRE",
"5508541887","Wisconsin","Town of Lake Tomahawk (Oneida County)","783","1","Assigned Polling Place","No","Hand marked paper ballots and BMDs","Hand Count, Optical Scan, and DRE",
"5508545150","Wisconsin","Town of Little Rice (Oneida County)","252","1","Assigned Polling Place","No","Hand marked paper ballots and DREs with VVPAT","Hand Count, Optical Scan, and DRE",
"5508546650","Wisconsin","Town of Lynne (Oneida County)","123","1","Assigned Polling Place","No","Hand marked paper ballots and DREs with VVPAT","Hand Count, Optical Scan, and DRE",
"5508553225","Wisconsin","Town of Minocqua (Oneida County)","4817","1","Assigned Polling Place","No","Hand marked paper ballots and BMDs","Hand Count, Optical Scan, and DRE",
"5508553662","Wisconsin","Town of Monico (Oneida County)","223","1","Assigned Polling Place","No","Hand marked paper ballots and DREs with VVPAT","Hand Count, Optical Scan, and DRE",
"5508556425","Wisconsin","Town of Newbold (Oneida County)","1973","2","Assigned Polling Place","No","Hand marked paper ballots and BMDs","Hand Count, Optical Scan, and DRE",
"5508557450","Wisconsin","Town of Nokomis (Oneida County)","1086","1","Assigned Polling Place","No","Hand marked paper ballots and DREs with VVPAT","Hand Count, Optical Scan, and DRE",
"5508561625","Wisconsin","Town of Pelican (Oneida County)","1941","1","Assigned Polling Place","No","Hand marked paper ballots and BMDs","Hand Count, Optical Scan, and DRE",
"5508562600","Wisconsin","Town of Piehl (Oneida County)","73","1","Assigned Polling Place","No","Hand marked paper ballots and DREs with VVPAT","Hand Count, Optical Scan, and DRE",
"5508562925","Wisconsin","Town of Pine Lake (Oneida County)","2102","1","Assigned Polling Place","No","Hand marked paper ballots and BMDs","Hand Count, Optical Scan, and DRE",
"5508567200","Wisconsin","City of Rhinelander (Oneida County)","4337","8","Assigned Polling Place","No","Hand marked paper ballots and DREs with VVPAT","Hand Count, Optical Scan, and DRE",
"5508572125","Wisconsin","Town of Schoepke (Oneida County)","277","1","Assigned Polling Place","No","Hand marked paper ballots and BMDs","Hand Count, Optical Scan, and DRE",
"5508576975","Wisconsin","Town of Stella (Oneida County)","433","1","Assigned Polling Place","No","Hand marked paper ballots and DREs with VVPAT","Hand Count, Optical Scan, and DRE",
"5508578075","Wisconsin","Town of Sugar Camp (Oneida County)","1288","1","Assigned Polling Place","No","Hand marked paper ballots and BMDs","Hand Count, Optical Scan, and DRE",
"5508579700","Wisconsin","Town of Three Lakes (Oneida County)","2362","1","Assigned Polling Place","No","Hand marked paper ballots and DREs with VVPAT","Hand Count, Optical Scan, and DRE",
"5508588625","Wisconsin","Town of Woodboro (Oneida County)","628","1","Assigned Polling Place","No","Hand marked paper ballots and DREs with VVPAT","Hand Count, Optical Scan, and DRE",
"5508588950","Wisconsin","Town of Woodruff (Oneida County)","1651","1","Assigned Polling Place","No","Hand marked paper ballots and BMDs","Hand Count, Optical Scan, and DRE",
"5508702375","Wisconsin","City of Appleton (Outagamie County)","48092","59","Assigned Polling Place","No","Hand marked paper ballots and BMDs","Hand Count, Optical Scan, and DRE",
"5508705575","Wisconsin","Village of Bear Creek (Outagamie County)","184","1","Assigned Polling Place","No","Hand marked paper ballots and DREs with VVPAT","Hand Count, Optical Scan, and DRE",
"5508707725","Wisconsin","Village of Black Creek (Outagamie County)","717","1","Assigned Polling Place","No","Hand marked paper ballots and DREs with VVPAT","Hand Count, Optical Scan, and DRE",
"5508707750","Wisconsin","Town of Black Creek (Outagamie County)","796","1","Assigned Polling Place","No","Hand marked paper ballots and DREs with VVPAT","Hand Count, Optical Scan, and DRE",
"5508708975","Wisconsin","Town of Bovina (Outagamie County)","738","1","Assigned Polling Place","No","Hand marked paper ballots and DREs with VVPAT","Hand Count, Optical Scan, and DRE",
"5508710750","Wisconsin","Town of Buchanan (Outagamie County)","8240","1","Assigned Polling Place","No","Hand marked paper ballots and DREs with VVPAT","Hand Count, Optical Scan, and DRE",
"5508713600","Wisconsin","Town of Center (Outagamie County)","2941","1","Assigned Polling Place","No","Hand marked paper ballots and DREs with VVPAT","Hand Count, Optical Scan, and DRE",
"5508714750","Wisconsin","Town of Cicero (Outagamie County)","607","1","Assigned Polling Place","No","Hand marked paper ballots and DREs with VVPAT","Hand Count, Optical Scan, and DRE",
"5508716500","Wisconsin","Village of Combined Locks (Outagamie County)","1955","1","Assigned Polling Place","No","Hand marked paper ballots and DREs with VVPAT","Hand Count, Optical Scan, and DRE",
"5508718525","Wisconsin","Town of Dale (Outagamie County)","1755","1","Assigned Polling Place","No","Hand marked paper ballots and DREs with VVPAT","Hand Count, Optical Scan, and DRE",
"5508719200","Wisconsin","Town of Deer Creek (Outagamie County)","358","1","Assigned Polling Place","No","Hand marked paper ballots and DREs with VVPAT","Hand Count, Optical Scan, and DRE",
"5508723425","Wisconsin","Town of Ellington (Outagamie County)","1775","1","Assigned Polling Place","No","Hand marked paper ballots and DREs with VVPAT","Hand Count, Optical Scan, and DRE",
"5508727650","Wisconsin","Town of Freedom (Outagamie County)","3924","1","Assigned Polling Place","No","Hand marked paper ballots and DREs with VVPAT","Hand Count, Optical Scan, and DRE",
"5508730075","Wisconsin","Town of Grand Chute (Outagamie County)","14887","8","Assigned Polling Place","No","Hand marked paper ballots and DREs with VVPAT","Hand Count, Optical Scan, and DRE",
"5508731550","Wisconsin","Town of Greenville (Outagamie County)","6543","2","Assigned Polling Place","No","Hand marked paper ballots and DREs with VVPAT","Hand Count, Optical Scan, and DRE",
"5508735825","Wisconsin","Town of Hortonia (Outagamie County)","773","1","Assigned Polling Place","No","Hand marked paper ballots and DREs with VVPAT","Hand Count, Optical Scan, and DRE",
"5508735850","Wisconsin","Village of Hortonville (Outagamie County)","1689","1","Assigned Polling Place","No","Hand marked paper ballots and DREs with VVPAT","Hand Count, Optical Scan, and DRE",
"5508738800","Wisconsin","City of Kaukauna (Outagamie County)","11083","5","Assigned Polling Place","No","Hand marked paper ballots and DREs with VVPAT","Hand Count, Optical Scan, and DRE",
"5508738825","Wisconsin","Town of Kaukauna (Outagamie County)","777","1","Assigned Polling Place","No","Hand marked paper ballots and DREs with VVPAT","Hand Count, Optical Scan, and DRE",
"5508739650","Wisconsin","Village of Kimberly (Outagamie County)","5644","1","Assigned Polling Place","No","Hand marked paper ballots and DREs with VVPAT","Hand Count, Optical Scan, and DRE",
"5508743875","Wisconsin","Town of Liberty (Outagamie County)","511","1","Assigned Polling Place","No","Hand marked paper ballots and DREs with VVPAT","Hand Count, Optical Scan, and DRE",
"5508744950","Wisconsin","Village of Little Chute (Outagamie County)","7728","4","Assigned Polling Place","No","Hand marked paper ballots and DREs with VVPAT","Hand Count, Optical Scan, and DRE",
"5508748250","Wisconsin","Town of Maine (Outagamie County)","517","1","Assigned Polling Place","No","Hand marked paper ballots and DREs with VVPAT","Hand Count, Optical Scan, and DRE",
"5508748775","Wisconsin","Town of Maple Creek (Outagamie County)","377","1","Assigned Polling Place","No","Hand marked paper ballots and DREs with VVPAT","Hand Count, Optical Scan, and DRE",
"5508757375","Wisconsin","Village of Nichols (Outagamie County)","160","1","Assigned Polling Place","No","Hand marked paper ballots and DREs with VVPAT","Hand Count, Optical Scan, and DRE",
"5508760000","Wisconsin","Town of Oneida (Outagamie County)","3311","1","Assigned Polling Place","No","Hand marked paper ballots and DREs with VVPAT","Hand Count, Optical Scan, and DRE",
"5508760400","Wisconsin","Town of Osborn (Outagamie County)","742","1","Assigned Polling Place","No","Hand marked paper ballots and DREs with VVPAT","Hand Count, Optical Scan, and DRE",
"5508772725","Wisconsin","City of Seymour (Outagamie County)","1958","1","Assigned Polling Place","No","Hand marked paper ballots and DREs with VVPAT","Hand Count, Optical Scan, and DRE",
"5508772750","Wisconsin","Town of Seymour (Outagamie County)","678","1","Assigned Polling Place","No","Hand marked paper ballots and DREs with VVPAT","Hand Count, Optical Scan, and DRE",
"5508773625","Wisconsin","Village of Shiocton (Outagamie County)","523","1","Assigned Polling Place","No","Hand marked paper ballots and DREs with VVPAT","Hand Count, Optical Scan, and DRE",
"5508782400","Wisconsin","Town of Vandenbroek (Outagamie County)","1016","1","Assigned Polling Place","No","Hand marked paper ballots and DREs with VVPAT","Hand Count, Optical Scan, and DRE",
"5508906150","Wisconsin","Village of Belgium (Ozaukee County)","1323","1","Assigned Polling Place","No","Hand marked paper ballots and DREs with VVPAT","Optical Scan and DRE",
"5508906175","Wisconsin","Town of Belgium (Ozaukee County)","1174","1","Assigned Polling Place","No","Hand marked paper ballots and DREs with VVPAT","Optical Scan and DRE",
"5508913375","Wisconsin","City of Cedarburg (Ozaukee County)","9378","7","Assigned Polling Place","No","Hand marked paper ballots and DREs with VVPAT","Optical Scan and DRE",
"5508913400","Wisconsin","Town of Cedarburg (Ozaukee County)","4909","4","Assigned Polling Place","No","Hand marked paper ballots and DREs with VVPAT","Optical Scan and DRE",
"5508927550","Wisconsin","Village of Fredonia (Ozaukee County)","1497","1","Assigned Polling Place","No","Hand marked paper ballots and DREs with VVPAT","Optical Scan and DRE",
"5508927575","Wisconsin","Town of Fredonia (Ozaukee County)","1641","1","Assigned Polling Place","No","Hand marked paper ballots and DREs with VVPAT","Optical Scan and DRE",
"5508930000","Wisconsin","Village of Grafton (Ozaukee County)","9576","14","Assigned Polling Place","No","Hand marked paper ballots and DREs with VVPAT","Optical Scan and DRE",
"5508930025","Wisconsin","Town of Grafton (Ozaukee County)","3597","2","Assigned Polling Place","No","Hand marked paper ballots and DREs with VVPAT","Optical Scan and DRE",
"5508951150","Wisconsin","City of Mequon (Ozaukee County)","21190","13","Assigned Polling Place","No","Hand marked paper ballots and DREs with VVPAT","Optical Scan and DRE",
"5508964450","Wisconsin","City of Port Washington (Ozaukee County)","8737","7","Assigned Polling Place","No","Hand marked paper ballots and DREs with VVPAT","Optical Scan and DRE",
"5508964475","Wisconsin","Town of Port Washington (Ozaukee County)","1184","1","Assigned Polling Place","No","Hand marked paper ballots and DREs with VVPAT","Optical Scan and DRE",
"5508971700","Wisconsin","Village of Saukville (Ozaukee County)","2754","3","Assigned Polling Place","No","Hand marked paper ballots and DREs with VVPAT","Optical Scan and DRE",
"5508971725","Wisconsin","Town of Saukville (Ozaukee County)","1540","1","Assigned Polling Place","No","Hand marked paper ballots and DREs with VVPAT","Optical Scan and DRE",
"5508979475","Wisconsin","Village of Thiensville (Ozaukee County)","2726","2","Assigned Polling Place","No","Hand marked paper ballots and DREs with VVPAT","Optical Scan and DRE",
"5509100800","Wisconsin","Town of Albany (Pepin County)","363","1","Assigned Polling Place","No","Hand marked paper ballots and DREs with VVPAT","Hand Count and DRE",
"5509121225","Wisconsin","City of Durand (Pepin County)","2337","1","Assigned Polling Place","No","DREs with VVPAT for all voters","Hand Count and DRE",
"5509121250","Wisconsin","Town of Durand (Pepin County)","408","1","Assigned Polling Place","No","Hand marked paper ballots and DREs with VVPAT","Hand Count and DRE",
"5509127175","Wisconsin","Town of Frankfort (Pepin County)","232","1","Assigned Polling Place","No","Hand marked paper ballots and DREs with VVPAT","Hand Count and DRE",
"5509144075","Wisconsin","Town of Lima (Pepin County)","376","1","Assigned Polling Place","No","Hand marked paper ballots and DREs with VVPAT","Hand Count and DRE",
"5509161925","Wisconsin","Village of Pepin (Pepin County)","590","1","Assigned Polling Place","No","Hand marked paper ballots and DREs with VVPAT","Hand Count and DRE",
"5509161950","Wisconsin","Town of Pepin (Pepin County)","431","1","Assigned Polling Place","No","Hand marked paper ballots and DREs with VVPAT","Hand Count and DRE",
"5509177475","Wisconsin","Village of Stockholm (Pepin County)","65","1","Assigned Polling Place","No","Hand marked paper ballots and DREs with VVPAT","Hand Count and DRE",
"5509177500","Wisconsin","Town of Stockholm (Pepin County)","156","1","Assigned Polling Place","No","Hand marked paper ballots and DREs with VVPAT","Hand Count and DRE",
"5509184025","Wisconsin","Town of Waterville (Pepin County)","495","1","Assigned Polling Place","No","Hand marked paper ballots and DREs with VVPAT","Hand Count and DRE",
"5509184100","Wisconsin","Town of Waubeek (Pepin County)","270","1","Assigned Polling Place","No","Hand marked paper ballots and DREs with VVPAT","Hand Count and DRE",
"5509305325","Wisconsin","Village of Bay City (Pierce County)","295","1","Assigned Polling Place","No","Hand marked paper ballots and DREs with VVPAT","Hand Count, Optical Scan, and DRE",
"5509315575","Wisconsin","Town of Clifton (Pierce County)","1374","1","Assigned Polling Place","No","Hand marked paper ballots and DREs with VVPAT","Hand Count, Optical Scan, and DRE",
"5509320150","Wisconsin","Town of Diamond Bluff (Pierce County)","324","1","Assigned Polling Place","No","Hand marked paper ballots and DREs with VVPAT","Hand Count, Optical Scan, and DRE",
"5509323775","Wisconsin","Town of El Paso (Pierce County)","461","1","Assigned Polling Place","No","Hand marked paper ballots and DREs with VVPAT","Hand Count, Optical Scan, and DRE",
"5509323525","Wisconsin","Village of Ellsworth (Pierce County)","2013","1","Assigned Polling Place","No","Hand marked paper ballots and DREs with VVPAT","Hand Count, Optical Scan, and DRE",
"5509323550","Wisconsin","Town of Ellsworth (Pierce County)","799","1","Assigned Polling Place","No","Hand marked paper ballots and DREs with VVPAT","Hand Count, Optical Scan, and DRE",
"5509323700","Wisconsin","Village of Elmwood (Pierce County)","562","1","Assigned Polling Place","No","DREs with VVPAT for all voters","Hand Count, Optical Scan, and DRE",
"5509329150","Wisconsin","Town of Gilman (Pierce County)","646","1","Assigned Polling Place","No","DREs with VVPAT for all voters","Hand Count, Optical Scan, and DRE",
"5509333050","Wisconsin","Town of Hartland (Pierce County)","553","1","Assigned Polling Place","No","Hand marked paper ballots and DREs with VVPAT","Hand Count, Optical Scan, and DRE",
"5509337350","Wisconsin","Town of Isabelle (Pierce County)","181","1","Assigned Polling Place","No","Hand marked paper ballots and DREs with VVPAT","Hand Count, Optical Scan, and DRE",
"5509348175","Wisconsin","Village of Maiden Rock (Pierce County)","86","1","Assigned Polling Place","No","Hand marked paper ballots and DREs with VVPAT","Hand Count, Optical Scan, and DRE",
"5509348200","Wisconsin","Town of Maiden Rock (Pierce County)","411","1","Assigned Polling Place","No","Hand marked paper ballots and DREs with VVPAT","Hand Count, Optical Scan, and DRE",
"5509349775","Wisconsin","Town of Martell (Pierce County)","736","1","Assigned Polling Place","No","Hand marked paper ballots and DREs with VVPAT","Hand Count, Optical Scan, and DRE",
"5509359025","Wisconsin","Town of Oak Grove (Pierce County)","1298","1","Assigned Polling Place","No","Hand marked paper ballots and DREs with VVPAT","Hand Count, Optical Scan, and DRE",
"5509363600","Wisconsin","Village of Plum City (Pierce County)","382","1","Assigned Polling Place","No","Hand marked paper ballots and DREs with VVPAT","Hand Count, Optical Scan, and DRE",
"5509365375","Wisconsin","City of Prescott (Pierce County)","3963","1","Assigned Polling Place","No","Hand marked paper ballots and DREs with VVPAT","Hand Count, Optical Scan, and DRE",
"5509368275","Wisconsin","City of River Falls (Pierce County)","13305","5","Assigned Polling Place","No","Hand marked paper ballots and DREs with VVPAT","Hand Count, Optical Scan, and DRE",
"5509368300","Wisconsin","Town of River Falls (Pierce County)","1666","1","Assigned Polling Place","No","Hand marked paper ballots and DREs with VVPAT","Hand Count, Optical Scan, and DRE",
"5509368775","Wisconsin","Town of Rock Elm (Pierce County)","306","1","Assigned Polling Place","No","Hand marked paper ballots and DREs with VVPAT","Hand Count, Optical Scan, and DRE",
"5509371150","Wisconsin","Town of Salem (Pierce County)","352","1","Assigned Polling Place","No","Hand marked paper ballots and DREs with VVPAT","Hand Count, Optical Scan, and DRE",
"5509376100","Wisconsin","Town of Spring Lake (Pierce County)","365","1","Assigned Polling Place","No","Hand marked paper ballots and DREs with VVPAT","Hand Count, Optical Scan, and DRE",
"5509376300","Wisconsin","Village of Spring Valley (Pierce County)","896","2","Assigned Polling Place","No","Hand marked paper ballots and DREs with VVPAT","Hand Count, Optical Scan, and DRE",
"5509380550","Wisconsin","Town of Trenton (Pierce County)","1279","1","Assigned Polling Place","No","Hand marked paper ballots and DREs with VVPAT","Hand Count, Optical Scan, and DRE",
"5509380700","Wisconsin","Town of Trimbelle (Pierce County)","1162","1","Assigned Polling Place","No","Hand marked paper ballots and DREs with VVPAT","Hand Count, Optical Scan, and DRE",
"5509381600","Wisconsin","Town of Union (Pierce County)","395","1","Assigned Polling Place","No","Hand marked paper ballots and DREs with VVPAT","Hand Count, Optical Scan, and DRE",
"5509500950","Wisconsin","Town of Alden (Polk County)","1719","1","Assigned Polling Place","No","Hand marked paper ballots and DREs with VVPAT","Hand Count, Optical Scan, and DRE",
"5509501725","Wisconsin","City of Amery (Polk County)","1854","1","Assigned Polling Place","No","Hand marked paper ballots and DREs with VVPAT","Hand Count, Optical Scan, and DRE",
"5509502350","Wisconsin","Town of Apple River (Polk County)","742","1","Assigned Polling Place","No","Hand marked paper ballots and DREs with VVPAT","Hand Count, Optical Scan, and DRE",
"5509504475","Wisconsin","Village of Balsam Lake (Polk County)","632","1","Assigned Polling Place","No","Hand marked paper ballots and DREs with VVPAT","Hand Count, Optical Scan, and DRE",
"5509504500","Wisconsin","Town of Balsam Lake (Polk County)","901","1","Assigned Polling Place","No","Hand marked paper ballots and DREs with VVPAT","Hand Count, Optical Scan, and DRE",
"5509505825","Wisconsin","Town of Beaver (Polk County)","496","1","Assigned Polling Place","No","Hand marked paper ballots and DREs with VVPAT","Hand Count, Optical Scan, and DRE",
"5509507700","Wisconsin","Town of Black Brook (Polk County)","842","1","Assigned Polling Place","No","Hand marked paper ballots and DREs with VVPAT","Hand Count, Optical Scan, and DRE",
"5509508750","Wisconsin","Town of Bone Lake (Polk County)","496","1","Assigned Polling Place","No","Hand marked paper ballots and DREs with VVPAT","Hand Count, Optical Scan, and DRE",
"5509513850","Wisconsin","Village of Centuria (Polk County)","433","1","Assigned Polling Place","No","Hand marked paper ballots and DREs with VVPAT","Hand Count, Optical Scan, and DRE",
"5509514837","Wisconsin","Town of Clam Falls (Polk County)","342","1","Assigned Polling Place","No","Hand marked paper ballots and DREs with VVPAT","Hand Count, Optical Scan, and DRE",
"5509515100","Wisconsin","Village of Clayton (Polk County)","224","1","Assigned Polling Place","No","Hand marked paper ballots and DREs with VVPAT","Hand Count, Optical Scan, and DRE",
"5509515125","Wisconsin","Town of Clayton (Polk County)","634","1","Assigned Polling Place","No","Hand marked paper ballots and DREs with VVPAT","Hand Count, Optical Scan, and DRE",
"5509515250","Wisconsin","Village of Clear Lake (Polk County)","661","1","Assigned Polling Place","No","Hand marked paper ballots and DREs with VVPAT","Hand Count, Optical Scan, and DRE",
"5509515275","Wisconsin","Town of Clear Lake (Polk County)","490","1","Assigned Polling Place","No","Hand marked paper ballots and DREs with VVPAT","Hand Count, Optical Scan, and DRE",
"5509520850","Wisconsin","Village of Dresser (Polk County)","524","1","Assigned Polling Place","No","Hand marked paper ballots and DREs with VVPAT","Hand Count, Optical Scan, and DRE",
"5509524450","Wisconsin","Town of Eureka (Polk County)","1085","1","Assigned Polling Place","No","Hand marked paper ballots and DREs with VVPAT","Hand Count, Optical Scan, and DRE",
"5509525350","Wisconsin","Town of Farmington (Polk County)","1190","1","Assigned Polling Place","No","Hand marked paper ballots and DREs with VVPAT","Hand Count, Optical Scan, and DRE",
"5509527500","Wisconsin","Village of Frederic (Polk County)","711","1","Assigned Polling Place","No","Hand marked paper ballots and DREs with VVPAT","Hand Count, Optical Scan, and DRE",
"5509528350","Wisconsin","Town of Garfield (Polk County)","992","1","Assigned Polling Place","No","Hand marked paper ballots and DREs with VVPAT","Hand Count, Optical Scan, and DRE",
"5509528725","Wisconsin","Town of Georgetown (Polk County)","651","1","Assigned Polling Place","No","Hand marked paper ballots and DREs with VVPAT","Hand Count, Optical Scan, and DRE",
"5509538400","Wisconsin","Town of Johnstown (Polk County)","298","1","Assigned Polling Place","No","Hand marked paper ballots and DREs with VVPAT","Hand Count, Optical Scan, and DRE",
"5509541900","Wisconsin","Town of Laketown (Polk County)","650","1","Assigned Polling Place","No","Hand marked paper ballots and DREs with VVPAT","Hand Count, Optical Scan, and DRE",
"5509544475","Wisconsin","Town of Lincoln (Polk County)","1542","1","Assigned Polling Place","No","Hand marked paper ballots and DREs with VVPAT","Hand Count, Optical Scan, and DRE",
"5509545775","Wisconsin","Town of Lorain (Polk County)","186","1","Assigned Polling Place","No","Hand marked paper ballots and DREs with VVPAT","Hand Count, Optical Scan, and DRE",
"5509546200","Wisconsin","Village of Luck (Polk County)","731","1","Assigned Polling Place","No","Hand marked paper ballots and DREs with VVPAT","Hand Count, Optical Scan, and DRE",
"5509546225","Wisconsin","Town of Luck (Polk County)","549","1","Assigned Polling Place","No","Hand marked paper ballots and DREs with VVPAT","Hand Count, Optical Scan, and DRE",
"5509546900","Wisconsin","Town of McKinley (Polk County)","244","1","Assigned Polling Place","No","Hand marked paper ballots and DREs with VVPAT","Hand Count, Optical Scan, and DRE",
"5509552075","Wisconsin","Village of Milltown (Polk County)","467","1","Assigned Polling Place","No","Hand marked paper ballots and DREs with VVPAT","Hand Count, Optical Scan, and DRE",
"5509552100","Wisconsin","Town of Milltown (Polk County)","784","1","Assigned Polling Place","No","Hand marked paper ballots and DREs with VVPAT","Hand Count, Optical Scan, and DRE",
"5509560450","Wisconsin","Village of Osceola (Polk County)","1374","1","Assigned Polling Place","No","Hand marked paper ballots and DREs with VVPAT","Hand Count, Optical Scan, and DRE",
"5509560475","Wisconsin","Town of Osceola (Polk County)","1654","1","Assigned Polling Place","No","Hand marked paper ballots and DREs with VVPAT","Hand Count, Optical Scan, and DRE",
"5509570550","Wisconsin","City of St. Croix Falls (Polk County)","1511","1","Assigned Polling Place","No","Hand marked paper ballots and DREs with VVPAT","Hand Count, Optical Scan, and DRE",
"5509570575","Wisconsin","Town of St. Croix Falls (Polk County)","858","1","Assigned Polling Place","No","DREs with VVPAT for all voters","Hand Count, Optical Scan, and DRE",
"5509577050","Wisconsin","Town of Sterling (Polk County)","447","1","Assigned Polling Place","No","Hand marked paper ballots and DREs with VVPAT","Hand Count, Optical Scan, and DRE",
"5509586350","Wisconsin","Town of West Sweden (Polk County)","447","1","Assigned Polling Place","No","Hand marked paper ballots and DREs with VVPAT","Hand Count, Optical Scan, and DRE",
"5509700725","Wisconsin","Town of Alban (Portage County)","556","1","Assigned Polling Place","No","Hand marked paper ballots and BMDs","Hand Count and Optical Scan",
"5509701400","Wisconsin","Village of Almond (Portage County)","225","1","Assigned Polling Place","No","Hand marked paper ballots and BMDs","Hand Count and Optical Scan",
"5509701425","Wisconsin","Town of Almond (Portage County)","406","1","Assigned Polling Place","No","Hand marked paper ballots and BMDs","Hand Count and Optical Scan",
"5509701750","Wisconsin","Village of Amherst (Portage County)","692","1","Assigned Polling Place","No","Hand marked paper ballots and BMDs","Hand Count and Optical Scan",
"5509701775","Wisconsin","Town of Amherst (Portage County)","965","1","Assigned Polling Place","No","Hand marked paper ballots and BMDs","Hand Count and Optical Scan",
"5509701800","Wisconsin","Village of Amherst Junction (Portage County)","217","1","Assigned Polling Place","No","Hand marked paper ballots and BMDs","Hand Count and Optical Scan",
"5509706475","Wisconsin","Town of Belmont (Portage County)","379","1","Assigned Polling Place","No","Hand marked paper ballots and BMDs","Hand Count and Optical Scan",
"5509710925","Wisconsin","Town of Buena Vista (Portage County)","712","1","Assigned Polling Place","No","Hand marked paper ballots and BMDs","Hand Count and Optical Scan",
"5509712725","Wisconsin","Town of Carson (Portage County)","847","1","Assigned Polling Place","No","Hand marked paper ballots and BMDs","Hand Count and Optical Scan",
"5509719975","Wisconsin","Town of Dewey (Portage County)","661","1","Assigned Polling Place","No","Hand marked paper ballots and BMDs","Hand Count and Optical Scan",
"5509722450","Wisconsin","Town of Eau Pleine (Portage County)","630","1","Assigned Polling Place","No","Hand marked paper ballots and BMDs","Hand Count and Optical Scan",
"5509730350","Wisconsin","Town of Grant (Portage County)","1335","2","Assigned Polling Place","No","Hand marked paper ballots and BMDs","Hand Count and Optical Scan",
"5509736350","Wisconsin","Town of Hull (Portage County)","4113","3","Assigned Polling Place","No","Hand marked paper ballots and BMDs","Hand Count and Optical Scan",
"5509738650","Wisconsin","Village of Junction City (Portage County)","250","1","Assigned Polling Place","No","Hand marked paper ballots and BMDs","Hand Count and Optical Scan",
"5509742225","Wisconsin","Town of Lanark (Portage County)","981","1","Assigned Polling Place","No","Hand marked paper ballots and BMDs","Hand Count and Optical Scan",
"5509744800","Wisconsin","Town of Linwood (Portage County)","755","1","Assigned Polling Place","No","Hand marked paper ballots and BMDs","Hand Count and Optical Scan",
"5509756000","Wisconsin","Village of Nelsonville (Portage County)","101","1","Assigned Polling Place","No","Hand marked paper ballots and BMDs","Hand Count and Optical Scan",
"5509756850","Wisconsin","Town of New Hope (Portage County)","571","1","Assigned Polling Place","No","Hand marked paper ballots and BMDs","Hand Count and Optical Scan",
"5509761325","Wisconsin","Village of Park Ridge (Portage County)","370","1","Assigned Polling Place","No","Hand marked paper ballots and BMDs","Hand Count and Optical Scan",
"5509762825","Wisconsin","Town of Pine Grove (Portage County)","472","1","Assigned Polling Place","No","Hand marked paper ballots and BMDs","Hand Count and Optical Scan",
"5509763525","Wisconsin","Village of Plover (Portage County)","8344","3","Assigned Polling Place","No","Hand marked paper ballots and BMDs","Hand Count and Optical Scan",
"5509763550","Wisconsin","Town of Plover (Portage County)","946","1","Assigned Polling Place","No","Hand marked paper ballots and BMDs","Hand Count and Optical Scan",
"5509769575","Wisconsin","Village of Rosholt (Portage County)","323","1","Assigned Polling Place","No","Hand marked paper ballots and BMDs","Hand Count and Optical Scan",
"5509772850","Wisconsin","Town of Sharon (Portage County)","1465","1","Assigned Polling Place","No","Hand marked paper ballots and BMDs","Hand Count and Optical Scan",
"5509777200","Wisconsin","City of Stevens Point (Portage County)","24056","14","Assigned Polling Place","No","Hand marked paper ballots and BMDs","Hand Count and Optical Scan",
"5509777537","Wisconsin","Town of Stockton (Portage County)","2060","1","Assigned Polling Place","No","Hand marked paper ballots and BMDs","Hand Count and Optical Scan",
"5509786975","Wisconsin","Village of Whiting (Portage County)","1131","1","Assigned Polling Place","No","Hand marked paper ballots and BMDs","Hand Count and Optical Scan",
"5509913175","Wisconsin","Village of Catawba (Price County)","73","1","Assigned Polling Place","No","Hand marked paper ballots and BMDs","Hand Count and DRE",
"5509913200","Wisconsin","Town of Catawba (Price County)","175","1","Assigned Polling Place","No","Hand marked paper ballots and BMDs","Hand Count and DRE",
"5509922950","Wisconsin","Town of Eisenstein (Price County)","459","1","Assigned Polling Place","No","Hand marked paper ballots and BMDs","Hand Count and DRE",
"5509923200","Wisconsin","Town of Elk (Price County)","777","1","Assigned Polling Place","No","Hand marked paper ballots and BMDs","Hand Count and DRE",
"5509923975","Wisconsin","Town of Emery (Price County)","205","1","Assigned Polling Place","No","Hand marked paper ballots and BMDs","Hand Count and DRE",
"5509925775","Wisconsin","Town of Fifield (Price County)","711","2","Assigned Polling Place","No","Hand marked paper ballots and BMDs","Hand Count and DRE",
"5509926050","Wisconsin","Town of Flambeau (Price County)","329","1","Assigned Polling Place","No","Hand marked paper ballots and BMDs","Hand Count and DRE",
"5509928750","Wisconsin","Town of Georgetown (Price County)","112","1","Assigned Polling Place","No","Hand marked paper ballots and BMDs","Hand Count and DRE",
"5509931925","Wisconsin","Town of Hackett (Price County)","122","1","Assigned Polling Place","No","Hand marked paper ballots and DREs with VVPAT","Hand Count and DRE",
"5509932675","Wisconsin","Town of Harmony (Price County)","163","1","Assigned Polling Place","No","Hand marked paper ballots and BMDs","Hand Count and DRE",
"5509934725","Wisconsin","Town of Hill (Price County)","227","1","Assigned Polling Place","No","Hand marked paper ballots and DREs with VVPAT","Hand Count and DRE",
"5509939175","Wisconsin","Village of Kennan (Price County)","89","1","Assigned Polling Place","No","Hand marked paper ballots and BMDs","Hand Count and DRE",
"5509939200","Wisconsin","Town of Kennan (Price County)","234","1","Assigned Polling Place","No","Hand marked paper ballots and BMDs","Hand Count and DRE",
"5509940175","Wisconsin","Town of Knox (Price County)","234","1","Assigned Polling Place","No","Hand marked paper ballots and DREs with VVPAT","Hand Count and DRE",
"5509941150","Wisconsin","Town of Lake (Price County)","716","1","Assigned Polling Place","No","Hand marked paper ballots and BMDs","Hand Count and DRE",
"5509959525","Wisconsin","Town of Ogema (Price County)","441","1","Assigned Polling Place","No","Hand marked paper ballots and DREs with VVPAT","Hand Count and DRE",
"5509961200","Wisconsin","City of Park Falls (Price County)","1500","1","Assigned Polling Place","No","Hand marked paper ballots and DREs with VVPAT","Hand Count and DRE",
"5509962450","Wisconsin","City of Phillips (Price County)","863","1","Assigned Polling Place","No","Hand marked paper ballots and DREs with VVPAT","Hand Count and DRE",
"5509965325","Wisconsin","Village of Prentice (Price County)","358","1","Assigned Polling Place","No","Hand marked paper ballots and BMDs","Hand Count and DRE",
"5509965350","Wisconsin","Town of Prentice (Price County)","290","1","Assigned Polling Place","No","Hand marked paper ballots and BMDs","Hand Count and DRE",
"5509975525","Wisconsin","Town of Spirit (Price County)","196","1","Assigned Polling Place","No","Hand marked paper ballots and DREs with VVPAT","Hand Count and DRE",
"5509989100","Wisconsin","Town of Worcester (Price County)","1174","1","Assigned Polling Place","No","Hand marked paper ballots and BMDs","Hand Count and DRE",
"5510111200","Wisconsin","City of Burlington (Racine County)","6639","3","Assigned Polling Place","No","Hand marked paper ballots and DREs with VVPAT","Optical Scan and DRE",
"5510111225","Wisconsin","Town of Burlington (Racine County)","4643","3","Assigned Polling Place","No","Hand marked paper ballots and DREs with VVPAT","Optical Scan and DRE",
"5510111950","Wisconsin","Village of Caledonia (Racine County)","21535","8","Assigned Polling Place","No","Hand marked paper ballots and DREs with VVPAT","Optical Scan and DRE",
"5510120625","Wisconsin","Town of Dover (Racine County)","2381","1","Assigned Polling Place","No","Hand marked paper ballots and DREs with VVPAT","Optical Scan and DRE",
"5510123725","Wisconsin","Village of Elmwood Park (Racine County)","388","1","Assigned Polling Place","No","Hand marked paper ballots and DREs with VVPAT","Optical Scan and DRE",
"5510154875","Wisconsin","Village of Mount Pleasant (Racine County)","21485","9","Assigned Polling Place","No","Hand marked paper ballots and DREs with VVPAT","Optical Scan and DRE",
"5510157700","Wisconsin","Village of North Bay (Racine County)","196","1","Assigned Polling Place","No","Hand marked paper ballots and DREs with VVPAT","Optical Scan and DRE",
"5510158600","Wisconsin","Town of Norway (Racine County)","6059","1","Assigned Polling Place","No","Hand marked paper ballots and DREs with VVPAT","Optical Scan and DRE",
"5510166000","Wisconsin","City of Racine (Racine County)","53074","36","Assigned Polling Place","No","Hand marked paper ballots and DREs with VVPAT","Optical Scan and DRE",
"5510166375","Wisconsin","Town of Raymond (Racine County)","3178","1","Assigned Polling Place","No","Hand marked paper ballots and DREs with VVPAT","Optical Scan and DRE",
"5510168550","Wisconsin","Village of Rochester (Racine County)","731","1","Assigned Polling Place","No","Hand marked paper ballots and DREs with VVPAT","Optical Scan and DRE",
"5510168575","Wisconsin","Town of Rochester (Racine County)","1785","1","Assigned Polling Place","No","Hand marked paper ballots and DREs with VVPAT","Optical Scan and DRE",
"5510177925","Wisconsin","Village of Sturtevant (Racine County)","3881","1","Assigned Polling Place","No","Hand marked paper ballots and DREs with VVPAT","Optical Scan and DRE",
"5510181775","Wisconsin","Village of Union Grove (Racine County)","3562","1","Assigned Polling Place","No","Hand marked paper ballots and DREs with VVPAT","Optical Scan and DRE",
"5510183825","Wisconsin","Village of Waterford (Racine County)","3371","1","Assigned Polling Place","No","Hand marked paper ballots and DREs with VVPAT","Optical Scan and DRE",
"5510183850","Wisconsin","Town of Waterford (Racine County)","4285","1","Assigned Polling Place","No","Hand marked paper ballots and DREs with VVPAT","Optical Scan and DRE",
"5510187700","Wisconsin","Village of Wind Point (Racine County)","1560","1","Assigned Polling Place","No","Hand marked paper ballots and DREs with VVPAT","Optical Scan and DRE",
"5510189575","Wisconsin","Town of Yorkville (Racine County)","2310","1","Assigned Polling Place","No","Hand marked paper ballots and DREs with VVPAT","Optical Scan and DRE",
"5510300675","Wisconsin","Town of Akan (Richland County)","290","1","Assigned Polling Place","No","Hand marked paper ballots and DREs with VVPAT","Hand Count and DRE",
"5510308175","Wisconsin","Town of Bloom (Richland County)","292","1","Assigned Polling Place","No","Hand marked paper ballots and DREs with VVPAT","Hand Count and DRE",
"5510308600","Wisconsin","Village of Boaz (Richland County)","74","1","Assigned Polling Place","No","Hand marked paper ballots and DREs with VVPAT","Hand Count and DRE",
"5510310950","Wisconsin","Town of Buena Vista (Richland County)","865","2","Assigned Polling Place","No","Hand marked paper ballots and DREs with VVPAT","Hand Count and DRE",
"5510313300","Wisconsin","Village of Cazenovia (Richland County)","212","2","Assigned Polling Place","No","Hand marked paper ballots and DREs with VVPAT","Hand Count and DRE",
"5510319000","Wisconsin","Town of Dayton (Richland County)","373","1","Assigned Polling Place","No","Hand marked paper ballots and DREs with VVPAT","Hand Count and DRE",
"5510321400","Wisconsin","Town of Eagle (Richland County)","313","1","Assigned Polling Place","No","Hand marked paper ballots and DREs with VVPAT","Hand Count and DRE",
"5510326475","Wisconsin","Town of Forest (Richland County)","297","1","Assigned Polling Place","No","Hand marked paper ballots and DREs with VVPAT","Hand Count and DRE",
"5510333925","Wisconsin","Town of Henrietta (Richland County)","302","1","Assigned Polling Place","No","Hand marked paper ballots and DREs with VVPAT","Hand Count and DRE",
"5510337500","Wisconsin","Town of Ithaca (Richland County)","403","1","Assigned Polling Place","No","Hand marked paper ballots and DREs with VVPAT","Hand Count and DRE",
"5510345575","Wisconsin","Village of Lone Rock (Richland County)","455","1","Assigned Polling Place","No","Hand marked paper ballots and DREs with VVPAT","Hand Count and DRE",
"5510349600","Wisconsin","Town of Marshall (Richland County)","330","1","Assigned Polling Place","No","Hand marked paper ballots and DREs with VVPAT","Hand Count and DRE",
"5510360350","Wisconsin","Town of Orion (Richland County)","323","1","Assigned Polling Place","No","Hand marked paper ballots and DREs with VVPAT","Hand Count and DRE",
"5510367575","Wisconsin","Town of Richland (Richland County)","840","1","Assigned Polling Place","No","Hand marked paper ballots and DREs with VVPAT","Hand Count and DRE",
"5510367625","Wisconsin","City of Richland Center  (Richland County)","4585","12","Assigned Polling Place","No","Hand marked paper ballots and DREs with VVPAT","Hand Count and DRE",
"5510367775","Wisconsin","Town of Richwood (Richland County)","280","1","Assigned Polling Place","No","Hand marked paper ballots and DREs with VVPAT","Hand Count and DRE",
"5510368675","Wisconsin","Town of Rockbridge (Richland County)","446","1","Assigned Polling Place","No","Hand marked paper ballots and DREs with VVPAT","Hand Count and DRE",
"5510378825","Wisconsin","Town of Sylvan (Richland County)","280","1","Assigned Polling Place","No","Hand marked paper ballots and DREs with VVPAT","Hand Count and DRE",
"5510382900","Wisconsin","Village of Viola (Richland County)","405","2","Assigned Polling Place","No","Hand marked paper ballots and DREs with VVPAT","Hand Count and DRE",
"5510385675","Wisconsin","Town of Westford (Richland County)","337","1","Assigned Polling Place","No","Hand marked paper ballots and DREs with VVPAT","Hand Count and DRE",
"5510387250","Wisconsin","Town of Willow (Richland County)","310","1","Assigned Polling Place","No","Hand marked paper ballots and DREs with VVPAT","Hand Count and DRE",
"5510389625","Wisconsin","Village of Yuba (Richland County)","49","1","Assigned Polling Place","No","Hand marked paper ballots and DREs with VVPAT","Hand Count and DRE",
"5510504100","Wisconsin","Town of Avon (Rock County)","347","1","Assigned Polling Place","No","Hand marked paper ballots and BMDs","Hand Count and Optical Scan",
"5510506500","Wisconsin","City of Beloit (Rock County)","22408","25","Assigned Polling Place","No","Hand marked paper ballots and BMDs","Hand Count and Optical Scan",
"5510506525","Wisconsin","Town of Beloit (Rock County)","6105","4","Assigned Polling Place","No","Hand marked paper ballots and BMDs","Hand Count and Optical Scan",
"5510509175","Wisconsin","Town of Bradford (Rock County)","632","1","Assigned Polling Place","No","Hand marked paper ballots and BMDs","Hand Count and Optical Scan",
"5510513625","Wisconsin","Town of Center (Rock County)","760","1","Assigned Polling Place","No","Hand marked paper ballots and BMDs","Hand Count and Optical Scan",
"5510515625","Wisconsin","Village of Clinton (Rock County)","1206","1","Assigned Polling Place","No","Hand marked paper ballots and BMDs","Hand Count and Optical Scan",
"5510515650","Wisconsin","Town of Clinton (Rock County)","618","1","Assigned Polling Place","No","Hand marked paper ballots and BMDs","Hand Count and Optical Scan",
"5510522575","Wisconsin","City of Edgerton (Rock County)","2991","2","Assigned Polling Place","No","Hand marked paper ballots and BMDs","Hand Count and Optical Scan",
"5510524550","Wisconsin","City of Evansville (Rock County)","3110","1","Assigned Polling Place","No","Hand marked paper ballots and BMDs","Hand Count and Optical Scan",
"5510526400","Wisconsin","Village of Footville (Rock County)","464","1","Assigned Polling Place","No","Hand marked paper ballots and BMDs","Hand Count and Optical Scan",
"5510528075","Wisconsin","Town of Fulton (Rock County)","2772","1","Assigned Polling Place","No","Hand marked paper ballots and BMDs","Hand Count and Optical Scan",
"5510532700","Wisconsin","Town of Harmony (Rock County)","1609","3","Assigned Polling Place","No","Hand marked paper ballots and BMDs","Hand Count and Optical Scan",
"5510537825","Wisconsin","City of Janesville (Rock County)","40956","29","Assigned Polling Place","No","Hand marked paper ballots and BMDs","Hand Count and Optical Scan",
"5510537850","Wisconsin","Town of Janesville (Rock County)","2306","2","Assigned Polling Place","No","Hand marked paper ballots and BMDs","Hand Count and Optical Scan",
"5510538450","Wisconsin","Town of Johnstown (Rock County)","559","1","Assigned Polling Place","No","Hand marked paper ballots and BMDs","Hand Count and Optical Scan",
"5510542575","Wisconsin","Town of La Prairie (Rock County)","596","2","Assigned Polling Place","No","Hand marked paper ballots and BMDs","Hand Count and Optical Scan",
"5510544125","Wisconsin","Town of Lima (Rock County)","758","1","Assigned Polling Place","No","Hand marked paper ballots and BMDs","Hand Count and Optical Scan",
"5510548150","Wisconsin","Town of Magnolia (Rock County)","515","1","Assigned Polling Place","No","Hand marked paper ballots and BMDs","Hand Count and Optical Scan",
"5510552200","Wisconsin","City of Milton (Rock County)","3725","1","Assigned Polling Place","No","Hand marked paper ballots and BMDs","Hand Count and Optical Scan",
"5510552225","Wisconsin","Town of Milton (Rock County)","1980","2","Assigned Polling Place","No","Hand marked paper ballots and BMDs","Hand Count and Optical Scan",
"5510556325","Wisconsin","Town of Newark (Rock County)","1065","1","Assigned Polling Place","No","Hand marked paper ballots and BMDs","Hand Count and Optical Scan",
"5510560250","Wisconsin","Village of Orfordville (Rock County)","771","1","Assigned Polling Place","No","Hand marked paper ballots and BMDs","Hand Count and Optical Scan",
"5510563675","Wisconsin","Town of Plymouth (Rock County)","828","1","Assigned Polling Place","No","Hand marked paper ballots and BMDs","Hand Count and Optical Scan",
"5510564225","Wisconsin","Town of Porter (Rock County)","699","1","Assigned Polling Place","No","Hand marked paper ballots and BMDs","Hand Count and Optical Scan",
"5510568600","Wisconsin","Town of Rock (Rock County)","1852","2","Assigned Polling Place","No","Hand marked paper ballots and BMDs","Hand Count and Optical Scan",
"5510576325","Wisconsin","Town of Spring Valley (Rock County)","327","1","Assigned Polling Place","No","Hand marked paper ballots and BMDs","Hand Count and Optical Scan",
"5510581050","Wisconsin","Town of Turtle (Rock County)","1725","2","Assigned Polling Place","No","Hand marked paper ballots and BMDs","Hand Count and Optical Scan",
"5510581650","Wisconsin","Town of Union (Rock County)","1308","1","Assigned Polling Place","No","Hand marked paper ballots and BMDs","Hand Count and Optical Scan",
"5510703600","Wisconsin","Town of Atlanta (Rusk County)","459","1","Assigned Polling Place","No","Hand marked paper ballots and DREs with VVPAT","Hand Count, Optical Scan, and DRE",
"5510707175","Wisconsin","Town of Big Bend (Rusk County)","313","1","Assigned Polling Place","No","Hand marked paper ballots and DREs with VVPAT","Hand Count, Optical Scan, and DRE",
"5510707225","Wisconsin","Town of Big Falls (Rusk County)","103","1","Assigned Polling Place","No","Hand marked paper ballots and DREs with VVPAT","Hand Count, Optical Scan, and DRE",
"5510710500","Wisconsin","Village of Bruce (Rusk County)","459","1","Assigned Polling Place","No","Hand marked paper ballots and DREs with VVPAT","Hand Count, Optical Scan, and DRE",
"5510713550","Wisconsin","Town of Cedar Rapids (Rusk County)","31","1","Assigned Polling Place","No","Hand marked paper ballots and DREs with VVPAT","Hand Count, Optical Scan, and DRE",
"5510716775","Wisconsin","Village of Conrath (Rusk County)","60","1","Assigned Polling Place","No","Hand marked paper ballots and DREs with VVPAT","Hand Count, Optical Scan, and DRE",
"5510720000","Wisconsin","Town of Dewey (Rusk County)","374","1","Assigned Polling Place","No","Hand marked paper ballots and DREs with VVPAT","Hand Count, Optical Scan, and DRE",
"5510726100","Wisconsin","Town of Flambeau (Rusk County)","651","1","Assigned Polling Place","No","Hand marked paper ballots and DREs with VVPAT","Hand Count, Optical Scan, and DRE",
"5510729475","Wisconsin","Village of Glen Flora (Rusk County)","37","1","Assigned Polling Place","No","Hand marked paper ballots and DREs with VVPAT","Hand Count, Optical Scan, and DRE",
"5510730375","Wisconsin","Town of Grant (Rusk County)","435","1","Assigned Polling Place","No","Hand marked paper ballots and DREs with VVPAT","Hand Count, Optical Scan, and DRE",
"5510731775","Wisconsin","Town of Grow (Rusk County)","247","1","Assigned Polling Place","No","Hand marked paper ballots and DREs with VVPAT","Hand Count, Optical Scan, and DRE",
"5510733275","Wisconsin","Village of Hawkins (Rusk County)","223","1","Assigned Polling Place","No","Hand marked paper ballots and DREs with VVPAT","Hand Count, Optical Scan, and DRE",
"5510733300","Wisconsin","Town of Hawkins (Rusk County)","123","1","Assigned Polling Place","No","Hand marked paper ballots and DREs with VVPAT","Hand Count, Optical Scan, and DRE",
"5510736125","Wisconsin","Town of Hubbard (Rusk County)","131","1","Assigned Polling Place","No","Hand marked paper ballots and DREs with VVPAT","Hand Count, Optical Scan, and DRE",
"5510736925","Wisconsin","Village of Ingram (Rusk County)","59","1","Assigned Polling Place","No","Hand marked paper ballots and DREs with VVPAT","Hand Count, Optical Scan, and DRE",
"5510740850","Wisconsin","City of Ladysmith (Rusk County)","1968","1","Assigned Polling Place","No","Hand marked paper ballots and DREs with VVPAT","Hand Count, Optical Scan, and DRE",
"5510742950","Wisconsin","Town of Lawrence (Rusk County)","293","1","Assigned Polling Place","No","Hand marked paper ballots and DREs with VVPAT","Hand Count, Optical Scan, and DRE",
"5510749625","Wisconsin","Town of Marshall (Rusk County)","288","1","Assigned Polling Place","No","Hand marked paper ballots and DREs with VVPAT","Hand Count, Optical Scan, and DRE",
"5510755175","Wisconsin","Town of Murry (Rusk County)","168","1","Assigned Polling Place","No","Hand marked paper ballots and DREs with VVPAT","Hand Count, Optical Scan, and DRE",
"5510767600","Wisconsin","Town of Richland (Rusk County)","139","1","Assigned Polling Place","No","Hand marked paper ballots and DREs with VVPAT","Hand Count, Optical Scan, and DRE",
"5510770275","Wisconsin","Town of Rusk (Rusk County)","406","1","Assigned Polling Place","No","Hand marked paper ballots and DREs with VVPAT","Hand Count, Optical Scan, and DRE",
"5510773175","Wisconsin","Village of Sheldon (Rusk County)","135","1","Assigned Polling Place","No","Hand marked paper ballots and DREs with VVPAT","Hand Count, Optical Scan, and DRE",
"5510774975","Wisconsin","Town of South Fork (Rusk County)","89","1","Assigned Polling Place","No","Hand marked paper ballots and DREs with VVPAT","Hand Count, Optical Scan, and DRE",
"5510777775","Wisconsin","Town of Strickland (Rusk County)","199","1","Assigned Polling Place","No","Hand marked paper ballots and DREs with VVPAT","Hand Count, Optical Scan, and DRE",
"5510777850","Wisconsin","Town of Stubbs (Rusk County)","429","1","Assigned Polling Place","No","Hand marked paper ballots and DREs with VVPAT","Hand Count, Optical Scan, and DRE",
"5510779575","Wisconsin","Town of Thornapple (Rusk County)","504","1","Assigned Polling Place","No","Hand marked paper ballots and DREs with VVPAT","Hand Count, Optical Scan, and DRE",
"5510780225","Wisconsin","Village of Tony (Rusk County)","62","1","Assigned Polling Place","No","Hand marked paper ballots and DREs with VVPAT","Hand Count, Optical Scan, and DRE",
"5510780950","Wisconsin","Town of True (Rusk County)","182","1","Assigned Polling Place","No","Hand marked paper ballots and DREs with VVPAT","Hand Count, Optical Scan, and DRE",
"5510783675","Wisconsin","Town of Washington (Rusk County)","233","1","Assigned Polling Place","No","Hand marked paper ballots and DREs with VVPAT","Hand Count, Optical Scan, and DRE",
"5510786450","Wisconsin","Village of Weyerhaeuser (Rusk County)","162","1","Assigned Polling Place","No","Hand marked paper ballots and DREs with VVPAT","Hand Count, Optical Scan, and DRE",
"5510787125","Wisconsin","Town of Wilkinson (Rusk County)","38","1","Assigned Polling Place","No","Hand marked paper ballots and DREs with VVPAT","Hand Count, Optical Scan, and DRE",
"5510787175","Wisconsin","Town of Willard (Rusk County)","279","1","Assigned Polling Place","No","Hand marked paper ballots and DREs with VVPAT","Hand Count, Optical Scan, and DRE",
"5510787450","Wisconsin","Town of Wilson (Rusk County)","72","1","Assigned Polling Place","No","Hand marked paper ballots and DREs with VVPAT","Hand Count, Optical Scan, and DRE",
"5511104625","Wisconsin","City of Baraboo (Sauk County)","7959","3","Assigned Polling Place","No","Hand marked paper ballots and DREs with VVPAT","Optical Scan and DRE",
"5511104650","Wisconsin","Town of Baraboo (Sauk County)","1356","1","Assigned Polling Place","No","Hand marked paper ballots and DREs with VVPAT","Optical Scan and DRE",
"5511105600","Wisconsin","Town of Bear Creek (Sauk County)","388","1","Assigned Polling Place","No","Hand marked paper ballots and DREs with VVPAT","Optical Scan and DRE",
"5511119550","Wisconsin","Town of Dellona (Sauk County)","976","1","Assigned Polling Place","No","Hand marked paper ballots and DREs with VVPAT","Optical Scan and DRE",
"5511119675","Wisconsin","Town of Delton (Sauk County)","1329","1","Assigned Polling Place","No","Hand marked paper ballots and DREs with VVPAT","Optical Scan and DRE",
"5511124675","Wisconsin","Town of Excelsior (Sauk County)","1101","1","Assigned Polling Place","No","Hand marked paper ballots and DREs with VVPAT","Optical Scan and DRE",
"5511124900","Wisconsin","Town of Fairfield (Sauk County)","765","1","Assigned Polling Place","No","Hand marked paper ballots and DREs with VVPAT","Optical Scan and DRE",
"5511127350","Wisconsin","Town of Franklin (Sauk County)","417","1","Assigned Polling Place","No","Hand marked paper ballots and DREs with VVPAT","Optical Scan and DRE",
"5511127675","Wisconsin","Town of Freedom (Sauk County)","316","1","Assigned Polling Place","No","Hand marked paper ballots and DREs with VVPAT","Optical Scan and DRE",
"5511131250","Wisconsin","Town of Greenfield (Sauk County)","668","1","Assigned Polling Place","No","Hand marked paper ballots and DREs with VVPAT","Optical Scan and DRE",
"5511135625","Wisconsin","Town of Honey Creek (Sauk County)","492","1","Assigned Polling Place","No","Hand marked paper ballots and DREs with VVPAT","Optical Scan and DRE",
"5511137225","Wisconsin","Village of Ironton (Sauk County)","117","1","Assigned Polling Place","No","Hand marked paper ballots and DREs with VVPAT","Optical Scan and DRE",
"5511137250","Wisconsin","Town of Ironton (Sauk County)","330","1","Assigned Polling Place","No","Hand marked paper ballots and DREs with VVPAT","Optical Scan and DRE",
"5511142825","Wisconsin","Village of La Valle (Sauk County)","222","1","Assigned Polling Place","No","Hand marked paper ballots and DREs with VVPAT","Optical Scan and DRE",
"5511142850","Wisconsin","Town of La Valle (Sauk County)","863","1","Assigned Polling Place","No","Hand marked paper ballots and DREs with VVPAT","Optical Scan and DRE",
"5511141300","Wisconsin","Village of Lake Delton (Sauk County)","1392","1","Assigned Polling Place","No","Hand marked paper ballots and DREs with VVPAT","Optical Scan and DRE",
"5511144225","Wisconsin","Village of Lime Ridge (Sauk County)","99","1","Assigned Polling Place","No","Hand marked paper ballots and DREs with VVPAT","Optical Scan and DRE",
"5511145400","Wisconsin","Village of Loganville (Sauk County)","159","1","Assigned Polling Place","No","Hand marked paper ballots and DREs with VVPAT","Optical Scan and DRE",
"5511151325","Wisconsin","Village of Merrimac (Sauk County)","284","1","Assigned Polling Place","No","Hand marked paper ballots and DREs with VVPAT","Optical Scan and DRE",
"5511151350","Wisconsin","Town of Merrimac (Sauk County)","675","1","Assigned Polling Place","No","Hand marked paper ballots and DREs with VVPAT","Optical Scan and DRE",
"5511158025","Wisconsin","Village of North Freedom (Sauk County)","347","1","Assigned Polling Place","No","Hand marked paper ballots and DREs with VVPAT","Optical Scan and DRE",
"5511163125","Wisconsin","Village of Plain (Sauk County)","486","1","Assigned Polling Place","No","Hand marked paper ballots and DREs with VVPAT","Optical Scan and DRE",
"5511165100","Wisconsin","Village of Prairie du Sac (Sauk County)","2427","1","Assigned Polling Place","No","Hand marked paper ballots and DREs with VVPAT","Optical Scan and DRE",
"5511165125","Wisconsin","Town of Prairie du Sac (Sauk County)","761","1","Assigned Polling Place","No","Hand marked paper ballots and DREs with VVPAT","Optical Scan and DRE",
"5511166800","Wisconsin","City of Reedsburg (Sauk County)","6211","4","Assigned Polling Place","No","Hand marked paper ballots and DREs with VVPAT","Optical Scan and DRE",
"5511166825","Wisconsin","Town of Reedsburg (Sauk County)","789","1","Assigned Polling Place","No","Hand marked paper ballots and DREs with VVPAT","Optical Scan and DRE",
"5511168975","Wisconsin","Village of Rock Springs (Sauk County)","222","1","Assigned Polling Place","No","Hand marked paper ballots and DREs with VVPAT","Optical Scan and DRE",
"5511171650","Wisconsin","Village of Sauk City (Sauk County)","2138","1","Assigned Polling Place","No","Hand marked paper ballots and DREs with VVPAT","Optical Scan and DRE",
"5511176025","Wisconsin","Village of Spring Green (Sauk County)","1072","1","Assigned Polling Place","No","Hand marked paper ballots and DREs with VVPAT","Optical Scan and DRE",
"5511176050","Wisconsin","Town of Spring Green (Sauk County)","1207","1","Assigned Polling Place","No","Hand marked paper ballots and DREs with VVPAT","Optical Scan and DRE",
"5511178525","Wisconsin","Town of Sumpter (Sauk County)","442","1","Assigned Polling Place","No","Hand marked paper ballots and DREs with VVPAT","Optical Scan and DRE",
"5511180825","Wisconsin","Town of Troy (Sauk County)","516","1","Assigned Polling Place","No","Hand marked paper ballots and DREs with VVPAT","Optical Scan and DRE",
"5511183700","Wisconsin","Town of Washington (Sauk County)","487","1","Assigned Polling Place","No","Hand marked paper ballots and DREs with VVPAT","Optical Scan and DRE",
"5511185325","Wisconsin","Village of West Baraboo (Sauk County)","774","1","Assigned Polling Place","No","Hand marked paper ballots and DREs with VVPAT","Optical Scan and DRE",
"5511185625","Wisconsin","Town of Westfield (Sauk County)","356","1","Assigned Polling Place","No","Hand marked paper ballots and DREs with VVPAT","Optical Scan and DRE",
"5511187775","Wisconsin","Town of Winfield (Sauk County)","472","1","Assigned Polling Place","No","Hand marked paper ballots and DREs with VVPAT","Optical Scan and DRE",
"5511188775","Wisconsin","Town of Woodland (Sauk County)","418","1","Assigned Polling Place","No","Hand marked paper ballots and DREs with VVPAT","Optical Scan and DRE",
"5511305200","Wisconsin","Town of Bass Lake (Sawyer County)","1735","1","Assigned Polling Place","No","Hand marked paper ballots and DREs with VVPAT","Hand Count and DRE",
"5511317225","Wisconsin","Village of Couderay (Sawyer County)","65","1","Assigned Polling Place","No","Hand marked paper ballots and DREs with VVPAT","Hand Count and DRE",
"5511317250","Wisconsin","Town of Couderay (Sawyer County)","211","1","Assigned Polling Place","No","Hand marked paper ballots and DREs with VVPAT","Hand Count and DRE",
"5511320825","Wisconsin","Town of Draper (Sawyer County)","157","1","Assigned Polling Place","No","Hand marked paper ballots and DREs with VVPAT","Hand Count and DRE",
"5511322625","Wisconsin","Town of Edgewater (Sawyer County)","406","1","Assigned Polling Place","No","Hand marked paper ballots and DREs with VVPAT","Hand Count and DRE",
"5511324700","Wisconsin","Village of Exeland (Sawyer County)","126","1","Assigned Polling Place","No","Hand marked paper ballots and DREs with VVPAT","Hand Count and DRE",
"5511333450","Wisconsin","City of Hayward (Sawyer County)","1761","1","Assigned Polling Place","No","Hand marked paper ballots and DREs with VVPAT","Hand Count and DRE",
"5511333475","Wisconsin","Town of Hayward (Sawyer County)","2595","1","Assigned Polling Place","No","Hand marked paper ballots and DREs with VVPAT","Hand Count and DRE",
"5511336450","Wisconsin","Town of Hunter (Sawyer County)","634","1","Assigned Polling Place","No","Hand marked paper ballots and DREs with VVPAT","Hand Count and DRE",
"5511343400","Wisconsin","Town of Lenroot (Sawyer County)","1016","1","Assigned Polling Place","No","Hand marked paper ballots and DREs with VVPAT","Hand Count and DRE",
"5511350300","Wisconsin","Town of Meadowbrook (Sawyer County)","107","1","Assigned Polling Place","No","Hand marked paper ballots and DREs with VVPAT","Hand Count and DRE",
"5511351425","Wisconsin","Town of Meteor (Sawyer County)","110","1","Assigned Polling Place","No","Hand marked paper ballots and DREs with VVPAT","Hand Count and DRE",
"5511359600","Wisconsin","Town of Ojibwa (Sawyer County)","171","1","Assigned Polling Place","No","Hand marked paper ballots and DREs with VVPAT","Hand Count and DRE",
"5511366050","Wisconsin","Village of Radisson (Sawyer County)","124","1","Assigned Polling Place","No","Hand marked paper ballots and DREs with VVPAT","Hand Count and DRE",
"5511366075","Wisconsin","Town of Radisson (Sawyer County)","249","1","Assigned Polling Place","No","Hand marked paper ballots and DREs with VVPAT","Hand Count and DRE",
"5511369750","Wisconsin","Town of Round Lake (Sawyer County)","1029","1","Assigned Polling Place","No","Hand marked paper ballots and DREs with VVPAT","Hand Count and DRE",
"5511371500","Wisconsin","Town of Sand Lake (Sawyer County)","639","1","Assigned Polling Place","No","Hand marked paper ballots and DREs with VVPAT","Hand Count and DRE",
"5511375450","Wisconsin","Town of Spider Lake (Sawyer County)","329","1","Assigned Polling Place","No","Hand marked paper ballots and DREs with VVPAT","Hand Count and DRE",
"5511385100","Wisconsin","Town of Weirgor (Sawyer County)","237","1","Assigned Polling Place","No","Hand marked paper ballots and DREs with VVPAT","Hand Count and DRE",
"5511387975","Wisconsin","Village of Winter (Sawyer County)","210","1","Assigned Polling Place","No","Hand marked paper ballots and DREs with VVPAT","Hand Count and DRE",
"5511388000","Wisconsin","Town of Winter (Sawyer County)","746","1","Assigned Polling Place","No","Hand marked paper ballots and DREs with VVPAT","Hand Count and DRE",
"5511501375","Wisconsin","Town of Almon (Shawano County)","326","1","Assigned Polling Place","No","Hand marked paper ballots and DREs with VVPAT","Hand Count, Optical Scan, and DRE",
"5511501975","Wisconsin","Town of Angelica (Shawano County)","1090","1","Assigned Polling Place","No","Hand marked paper ballots and DREs with VVPAT","Hand Count, Optical Scan, and DRE",
"5511502075","Wisconsin","Village of Aniwa (Shawano County)","136","1","Assigned Polling Place","No","Hand marked paper ballots and DREs with VVPAT","Hand Count, Optical Scan, and DRE",
"5511502100","Wisconsin","Town of Aniwa (Shawano County)","306","1","Assigned Polling Place","No","Hand marked paper ballots and DREs with VVPAT","Hand Count, Optical Scan, and DRE",
"5511505000","Wisconsin","Town of Bartelme (Shawano County)","501","1","Assigned Polling Place","No","Hand marked paper ballots and DREs with VVPAT","Hand Count, Optical Scan, and DRE",
"5511506275","Wisconsin","Town of Belle Plaine (Shawano County)","1187","1","Assigned Polling Place","No","Hand marked paper ballots and DREs with VVPAT","Hand Count, Optical Scan, and DRE",
"5511507600","Wisconsin","Village of Birnamwood (Shawano County)","446","2","Assigned Polling Place","No","Hand marked paper ballots and DREs with VVPAT","Hand Count, Optical Scan, and DRE",
"5511507625","Wisconsin","Town of Birnamwood (Shawano County)","408","1","Assigned Polling Place","No","Hand marked paper ballots and DREs with VVPAT","Hand Count, Optical Scan, and DRE",
"5511508725","Wisconsin","Village of Bonduel (Shawano County)","813","1","Assigned Polling Place","No","Hand marked paper ballots and DREs with VVPAT","Hand Count, Optical Scan, and DRE",
"5511509025","Wisconsin","Village of Bowler (Shawano County)","152","1","Assigned Polling Place","No","Hand marked paper ballots and DREs with VVPAT","Hand Count, Optical Scan, and DRE",
"5511513325","Wisconsin","Village of Cecil (Shawano County)","364","1","Assigned Polling Place","No","Hand marked paper ballots and DREs with VVPAT","Hand Count, Optical Scan, and DRE",
"5511522975","Wisconsin","Village of Eland (Shawano County)","174","1","Assigned Polling Place","No","Hand marked paper ballots and DREs with VVPAT","Hand Count, Optical Scan, and DRE",
"5511524775","Wisconsin","Town of Fairbanks (Shawano County)","390","1","Assigned Polling Place","No","Hand marked paper ballots and DREs with VVPAT","Hand Count, Optical Scan, and DRE",
"5511528825","Wisconsin","Town of Germania (Shawano County)","228","1","Assigned Polling Place","No","Hand marked paper ballots and DREs with VVPAT","Hand Count, Optical Scan, and DRE",
"5511530400","Wisconsin","Town of Grant (Shawano County)","589","1","Assigned Polling Place","No","Hand marked paper ballots and DREs with VVPAT","Hand Count, Optical Scan, and DRE",
"5511531500","Wisconsin","Town of Green Valley (Shawano County)","620","1","Assigned Polling Place","No","Hand marked paper ballots and DREs with VVPAT","Hand Count, Optical Scan, and DRE",
"5511531675","Wisconsin","Village of Gresham (Shawano County)","367","1","Assigned Polling Place","No","Hand marked paper ballots and DREs with VVPAT","Hand Count, Optical Scan, and DRE",
"5511533075","Wisconsin","Town of Hartland (Shawano County)","514","1","Assigned Polling Place","No","Hand marked paper ballots and DREs with VVPAT","Hand Count, Optical Scan, and DRE",
"5511534025","Wisconsin","Town of Herman (Shawano County)","504","1","Assigned Polling Place","No","Hand marked paper ballots and DREs with VVPAT","Hand Count, Optical Scan, and DRE",
"5511536700","Wisconsin","Town of Hutchins (Shawano County)","374","1","Assigned Polling Place","No","Hand marked paper ballots and DREs with VVPAT","Hand Count, Optical Scan, and DRE",
"5511543675","Wisconsin","Town of Lessor (Shawano County)","797","1","Assigned Polling Place","No","Hand marked paper ballots and DREs with VVPAT","Hand Count, Optical Scan, and DRE",
"5511548900","Wisconsin","Town of Maple Grove (Shawano County)","590","1","Assigned Polling Place","No","Hand marked paper ballots and DREs with VVPAT","Hand Count, Optical Scan, and DRE",
"5511550000","Wisconsin","Village of Mattoon (Shawano County)","237","1","Assigned Polling Place","No","Hand marked paper ballots and DREs with VVPAT","Hand Count, Optical Scan, and DRE",
"5511554250","Wisconsin","Town of Morris (Shawano County)","297","1","Assigned Polling Place","No","Hand marked paper ballots and DREs with VVPAT","Hand Count, Optical Scan, and DRE",
"5511555675","Wisconsin","Town of Navarino (Shawano County)","280","1","Assigned Polling Place","No","Hand marked paper ballots and DREs with VVPAT","Hand Count, Optical Scan, and DRE",
"5511561700","Wisconsin","Town of Pella (Shawano County)","561","1","Assigned Polling Place","No","Hand marked paper ballots and DREs with VVPAT","Hand Count, Optical Scan, and DRE",
"5511566750","Wisconsin","Town of Red Springs (Shawano County)","507","1","Assigned Polling Place","No","Hand marked paper ballots and DREs with VVPAT","Hand Count, Optical Scan, and DRE",
"5511567675","Wisconsin","Town of Richmond (Shawano County)","1289","2","Assigned Polling Place","No","Hand marked paper ballots and DREs with VVPAT","Hand Count, Optical Scan, and DRE",
"5511572550","Wisconsin","Town of Seneca (Shawano County)","369","1","Assigned Polling Place","No","Hand marked paper ballots and DREs with VVPAT","Hand Count, Optical Scan, and DRE",
"5511572925","Wisconsin","City of Shawano (Shawano County)","6280","6","Assigned Polling Place","No","Hand marked paper ballots and DREs with VVPAT","Hand Count, Optical Scan, and DRE",
"5511579825","Wisconsin","Village of Tigerton (Shawano County)","398","1","Assigned Polling Place","No","Hand marked paper ballots and DREs with VVPAT","Hand Count, Optical Scan, and DRE",
"5511583725","Wisconsin","Town of Washington (Shawano County)","2152","1","Assigned Polling Place","No","Hand marked paper ballots and DREs with VVPAT","Hand Count, Optical Scan, and DRE",
"5511584225","Wisconsin","Town of Waukechon (Shawano County)","600","1","Assigned Polling Place","No","Hand marked paper ballots and DREs with VVPAT","Hand Count, Optical Scan, and DRE",
"5511585275","Wisconsin","Town of Wescott (Shawano County)","1944","1","Assigned Polling Place","No","Hand marked paper ballots and DREs with VVPAT","Hand Count, Optical Scan, and DRE",
"5511588325","Wisconsin","Village of Wittenberg (Shawano County)","578","1","Assigned Polling Place","No","Hand marked paper ballots and DREs with VVPAT","Hand Count, Optical Scan, and DRE",
"5511588350","Wisconsin","Town of Wittenberg (Shawano County)","542","1","Assigned Polling Place","No","Hand marked paper ballots and DREs with VVPAT","Hand Count, Optical Scan, and DRE",
"5511700450","Wisconsin","Village of Adell (Sheboygan County)","328","1","Assigned Polling Place","No","Hand marked paper ballots and DREs with VVPAT","Optical Scan and DRE",
"5511712825","Wisconsin","Village of Cascade (Sheboygan County)","425","1","Assigned Polling Place","No","Hand marked paper ballots and DREs with VVPAT","Optical Scan and DRE",
"5511713475","Wisconsin","Village of Cedar Grove (Sheboygan County)","1357","1","Assigned Polling Place","No","Hand marked paper ballots and DREs with VVPAT","Optical Scan and DRE",
"5511723275","Wisconsin","Village of Elkhart Lake (Sheboygan County)","796","1","Assigned Polling Place","No","Hand marked paper ballots and DREs with VVPAT","Optical Scan and DRE",
"5511729350","Wisconsin","Village of Glenbeulah (Sheboygan County)","327","1","Assigned Polling Place","No","Hand marked paper ballots and DREs with VVPAT","Optical Scan and DRE",
"5511731100","Wisconsin","Town of Greenbush (Sheboygan County)","974","1","Assigned Polling Place","No","Hand marked paper ballots and DREs with VVPAT","Optical Scan and DRE",
"5511734050","Wisconsin","Town of Herman (Sheboygan County)","1408","1","Assigned Polling Place","No","Hand marked paper ballots and DREs with VVPAT","Optical Scan and DRE",
"5511735375","Wisconsin","Town of Holland (Sheboygan County)","1636","1","Assigned Polling Place","No","Hand marked paper ballots and DREs with VVPAT","Optical Scan and DRE",
"5511736025","Wisconsin","Village of Howards Grove (Sheboygan County)","2158","1","Assigned Polling Place","No","Hand marked paper ballots and DREs with VVPAT","Optical Scan and DRE",
"5511740275","Wisconsin","Village of Kohler (Sheboygan County)","1475","1","Assigned Polling Place","No","Hand marked paper ballots and DREs with VVPAT","Optical Scan and DRE",
"5511744150","Wisconsin","Town of Lima (Sheboygan County)","1946","1","Assigned Polling Place","No","Hand marked paper ballots and DREs with VVPAT","Optical Scan and DRE",
"5511746575","Wisconsin","Town of Lyndon (Sheboygan County)","1052","1","Assigned Polling Place","No","Hand marked paper ballots and DREs with VVPAT","Optical Scan and DRE",
"5511753375","Wisconsin","Town of Mitchell (Sheboygan County)","823","1","Assigned Polling Place","No","Hand marked paper ballots and DREs with VVPAT","Optical Scan and DRE",
"5511754475","Wisconsin","Town of Mosel (Sheboygan County)","564","1","Assigned Polling Place","No","Hand marked paper ballots and DREs with VVPAT","Optical Scan and DRE",
"5511760100","Wisconsin","Village of Oostburg (Sheboygan County)","4276","1","Assigned Polling Place","No","Hand marked paper ballots and DREs with VVPAT","Optical Scan and DRE",
"5511763700","Wisconsin","City of Plymouth (Sheboygan County)","6382","4","Assigned Polling Place","No","Hand marked paper ballots and DREs with VVPAT","Optical Scan and DRE",
"5511763725","Wisconsin","Town of Plymouth (Sheboygan County)","2190","1","Assigned Polling Place","No","Hand marked paper ballots and DREs with VVPAT","Optical Scan and DRE",
"5511766200","Wisconsin","Village of Random Lake (Sheboygan County)","1078","1","Assigned Polling Place","No","Hand marked paper ballots and DREs with VVPAT","Optical Scan and DRE",
"5511767150","Wisconsin","Town of Rhine (Sheboygan County)","1555","1","Assigned Polling Place","No","Hand marked paper ballots and DREs with VVPAT","Optical Scan and DRE",
"5511770350","Wisconsin","Town of Russell (Sheboygan County)","257","1","Assigned Polling Place","No","Hand marked paper ballots and DREs with VVPAT","Optical Scan and DRE",
"5511772350","Wisconsin","Town of Scott (Sheboygan County)","1246","1","Assigned Polling Place","No","Hand marked paper ballots and DREs with VVPAT","Optical Scan and DRE",
"5511772975","Wisconsin","City of Sheboygan (Sheboygan County)","31119","26","Assigned Polling Place","No","Hand marked paper ballots and DREs with VVPAT","Optical Scan and DRE",
"5511773000","Wisconsin","Town of Sheboygan (Sheboygan County)","5372","2","Assigned Polling Place","No","Hand marked paper ballots and DREs with VVPAT","Optical Scan and DRE",
"5511773025","Wisconsin","City of Sheboygan Falls (Sheboygan County)","5383","3","Assigned Polling Place","No","Hand marked paper ballots and DREs with VVPAT","Optical Scan and DRE",
"5511773050","Wisconsin","Town of Sheboygan Falls (Sheboygan County)","1125","1","Assigned Polling Place","No","Hand marked paper ballots and DREs with VVPAT","Optical Scan and DRE",
"5511773425","Wisconsin","Town of Sherman (Sheboygan County)","1000","1","Assigned Polling Place","No","Hand marked paper ballots and DREs with VVPAT","Optical Scan and DRE",
"5511783100","Wisconsin","Village of Waldo (Sheboygan County)","332","1","Assigned Polling Place","No","Hand marked paper ballots and DREs with VVPAT","Optical Scan and DRE",
"5511787500","Wisconsin","Town of Wilson (Sheboygan County)","2780","1","Assigned Polling Place","No","Hand marked paper ballots and DREs with VVPAT","Optical Scan and DRE",
"5510904400","Wisconsin","Village of Baldwin (St. Croix County)","2147","1","Assigned Polling Place","No","Hand marked paper ballots and DREs with VVPAT","Hand Count, Optical Scan, and DRE",
"5510904425","Wisconsin","Town of Baldwin (St. Croix County)","634","1","Assigned Polling Place","No","Hand marked paper ballots and DREs with VVPAT","Hand Count, Optical Scan, and DRE",
"5510911775","Wisconsin","Town of Cady (St. Croix County)","524","1","Assigned Polling Place","No","Hand marked paper ballots and DREs with VVPAT","Hand Count, Optical Scan, and DRE",
"5510918300","Wisconsin","Town of Cylon (St. Croix County)","387","1","Assigned Polling Place","No","Hand marked paper ballots and DREs with VVPAT","Hand Count, Optical Scan, and DRE",
"5510919325","Wisconsin","Village of Deer Park (St. Croix County)","137","1","Assigned Polling Place","No","Hand marked paper ballots and DREs with VVPAT","Hand Count, Optical Scan, and DRE",
"5510922400","Wisconsin","Town of Eau Galle (St. Croix County)","724","1","Assigned Polling Place","No","Hand marked paper ballots and DREs with VVPAT","Hand Count, Optical Scan, and DRE",
"5510923925","Wisconsin","Town of Emerald (St. Croix County)","473","1","Assigned Polling Place","No","Hand marked paper ballots and DREs with VVPAT","Hand Count, Optical Scan, and DRE",
"5510924275","Wisconsin","Town of Erin Prairie (St. Croix County)","442","1","Assigned Polling Place","No","Hand marked paper ballots and DREs with VVPAT","Hand Count, Optical Scan, and DRE",
"5510926525","Wisconsin","Town of Forest (St. Croix County)","351","1","Assigned Polling Place","No","Hand marked paper ballots and DREs with VVPAT","Hand Count, Optical Scan, and DRE",
"5510929600","Wisconsin","Town of Glenwood (St. Croix County)","467","1","Assigned Polling Place","No","Hand marked paper ballots and DREs with VVPAT","Hand Count, Optical Scan, and DRE",
"5510929625","Wisconsin","City of Glenwood City (St. Croix County)","721","1","Assigned Polling Place","No","Hand marked paper ballots and DREs with VVPAT","Hand Count, Optical Scan, and DRE",
"5510932325","Wisconsin","Village of Hammond (St. Croix County)","1180","1","Assigned Polling Place","No","Hand marked paper ballots and DREs with VVPAT","Hand Count, Optical Scan, and DRE",
"5510932350","Wisconsin","Town of Hammond (St. Croix County)","1207","1","Assigned Polling Place","No","Hand marked paper ballots and DREs with VVPAT","Hand Count, Optical Scan, and DRE",
"5510936250","Wisconsin","City of Hudson (St. Croix County)","9884","6","Assigned Polling Place","No","Hand marked paper ballots and DREs with VVPAT","Hand Count, Optical Scan, and DRE",
"5510936275","Wisconsin","Town of Hudson (St. Croix County)","6336","1","Assigned Polling Place","No","Hand marked paper ballots and DREs with VVPAT","Hand Count, Optical Scan, and DRE",
"5510939825","Wisconsin","Town of Kinnickinnic (St. Croix County)","1140","1","Assigned Polling Place","No","Hand marked paper ballots and DREs with VVPAT","Hand Count, Optical Scan, and DRE",
"5510957100","Wisconsin","City of New Richmond (St. Croix County)","5361","2","Assigned Polling Place","No","Hand marked paper ballots and DREs with VVPAT","Hand Count, Optical Scan, and DRE",
"5510958050","Wisconsin","Village of North Hudson (St. Croix County)","2588","1","Assigned Polling Place","No","Hand marked paper ballots and DREs with VVPAT","Hand Count, Optical Scan, and DRE",
"5510963425","Wisconsin","Town of Pleasant Valley (St. Croix County)","296","1","Assigned Polling Place","No","Hand marked paper ballots and DREs with VVPAT","Hand Count, Optical Scan, and DRE",
"5510967650","Wisconsin","Town of Richmond (St. Croix County)","1827","1","Assigned Polling Place","No","Hand marked paper ballots and DREs with VVPAT","Hand Count, Optical Scan, and DRE",
"5510968475","Wisconsin","Village of Roberts (St. Croix County)","993","1","Assigned Polling Place","No","Hand marked paper ballots and DREs with VVPAT","Hand Count, Optical Scan, and DRE",
"5510970200","Wisconsin","Town of Rush River (St. Croix County)","312","1","Assigned Polling Place","No","Hand marked paper ballots and DREs with VVPAT","Hand Count, Optical Scan, and DRE",
"5510974675","Wisconsin","Village of Somerset (St. Croix County)","1435","1","Assigned Polling Place","No","Hand marked paper ballots and DREs with VVPAT","Hand Count, Optical Scan, and DRE",
"5510974700","Wisconsin","Town of Somerset (St. Croix County)","2430","1","Assigned Polling Place","No","Hand marked paper ballots and DREs with VVPAT","Hand Count, Optical Scan, and DRE",
"5510975950","Wisconsin","Town of Springfield (St. Croix County)","532","1","Assigned Polling Place","No","Hand marked paper ballots and DREs with VVPAT","Hand Count, Optical Scan, and DRE",
"5510970825","Wisconsin","Town of St. Joseph (St. Croix County)","2643","1","Assigned Polling Place","No","Hand marked paper ballots and DREs with VVPAT","Hand Count, Optical Scan, and DRE",
"5510976675","Wisconsin","Town of Stanton (St. Croix County)","622","1","Assigned Polling Place","No","Hand marked paper ballots and DREs with VVPAT","Hand Count, Optical Scan, and DRE",
"5510976825","Wisconsin","Village of Star Prairie (St. Croix County)","354","1","Assigned Polling Place","No","Hand marked paper ballots and DREs with VVPAT","Hand Count, Optical Scan, and DRE",
"5510976850","Wisconsin","Town of Star Prairie (St. Croix County)","2100","1","Assigned Polling Place","No","Hand marked paper ballots and DREs with VVPAT","Hand Count, Optical Scan, and DRE",
"5510980800","Wisconsin","Town of Troy (St. Croix County)","3036","1","Assigned Polling Place","No","Hand marked paper ballots and DREs with VVPAT","Hand Count, Optical Scan, and DRE",
"5510983400","Wisconsin","Town of Warren (St. Croix County)","1025","1","Assigned Polling Place","No","Hand marked paper ballots and DREs with VVPAT","Hand Count, Optical Scan, and DRE",
"5510987475","Wisconsin","Village of Wilson (St. Croix County)","129","1","Assigned Polling Place","No","Hand marked paper ballots and DREs with VVPAT","Hand Count, Optical Scan, and DRE",
"5510989025","Wisconsin","Village of Woodville (St. Croix County)","685","1","Assigned Polling Place","No","Hand marked paper ballots and DREs with VVPAT","Hand Count, Optical Scan, and DRE",
"5511903900","Wisconsin","Town of Aurora (Taylor County)","208","1","Assigned Polling Place","No","Hand marked paper ballots and DREs with VVPAT","Hand Count, Optical Scan, and DRE",
"5511910400","Wisconsin","Town of Browning (Taylor County)","500","1","Assigned Polling Place","No","Hand marked paper ballots and DREs with VVPAT","Hand Count, Optical Scan, and DRE",
"5511914200","Wisconsin","Town of Chelsea (Taylor County)","419","1","Assigned Polling Place","No","Hand marked paper ballots and DREs with VVPAT","Hand Count, Optical Scan, and DRE",
"5511915450","Wisconsin","Town of Cleveland (Taylor County)","158","1","Assigned Polling Place","No","Hand marked paper ballots and DREs with VVPAT","Hand Count, Optical Scan, and DRE",
"5511919225","Wisconsin","Town of Deer Creek (Taylor County)","409","1","Assigned Polling Place","No","Hand marked paper ballots and DREs with VVPAT","Hand Count, Optical Scan, and DRE",
"5511926425","Wisconsin","Town of Ford (Taylor County)","169","1","Assigned Polling Place","No","Hand marked paper ballots and DREs with VVPAT","Hand Count, Optical Scan, and DRE",
"5511929175","Wisconsin","Village of Gilman (Taylor County)","261","1","Assigned Polling Place","No","Hand marked paper ballots and DREs with VVPAT","Hand Count, Optical Scan, and DRE",
"5511929837","Wisconsin","Town of Goodrich (Taylor County)","297","1","Assigned Polling Place","No","Hand marked paper ballots and DREs with VVPAT","Hand Count, Optical Scan, and DRE",
"5511931600","Wisconsin","Town of Greenwood (Taylor County)","382","1","Assigned Polling Place","No","Hand marked paper ballots and DREs with VVPAT","Hand Count, Optical Scan, and DRE",
"5511931750","Wisconsin","Town of Grover (Taylor County)","146","1","Assigned Polling Place","No","Hand marked paper ballots and DREs with VVPAT","Hand Count, Optical Scan, and DRE",
"5511932300","Wisconsin","Town of Hammel (Taylor County)","436","1","Assigned Polling Place","No","Hand marked paper ballots and DREs with VVPAT","Hand Count, Optical Scan, and DRE",
"5511935525","Wisconsin","Town of Holway (Taylor County)","313","1","Assigned Polling Place","No","Hand marked paper ballots and DREs with VVPAT","Hand Count, Optical Scan, and DRE",
"5511938627","Wisconsin","Town of Jump River (Taylor County)","180","1","Assigned Polling Place","No","Hand marked paper ballots and DREs with VVPAT","Hand Count, Optical Scan, and DRE",
"5511944900","Wisconsin","Town of Little Black (Taylor County)","701","1","Assigned Polling Place","No","Hand marked paper ballots and DREs with VVPAT","Hand Count, Optical Scan, and DRE",
"5511946150","Wisconsin","Village of Lublin (Taylor County)","80","1","Assigned Polling Place","No","Hand marked paper ballots and DREs with VVPAT","Hand Count, Optical Scan, and DRE",
"5511948925","Wisconsin","Town of Maplehurst (Taylor County)","203","1","Assigned Polling Place","No","Hand marked paper ballots and DREs with VVPAT","Hand Count, Optical Scan, and DRE",
"5511946925","Wisconsin","Town of McKinley (Taylor County)","194","1","Assigned Polling Place","No","Hand marked paper ballots and DREs with VVPAT","Hand Count, Optical Scan, and DRE",
"5511950425","Wisconsin","City of Medford (Taylor County)","2595","1","Assigned Polling Place","No","Hand marked paper ballots and DREs with VVPAT","Hand Count, Optical Scan, and DRE",
"5511950450","Wisconsin","Town of Medford (Taylor County)","1503","1","Assigned Polling Place","No","Hand marked paper ballots and DREs with VVPAT","Hand Count, Optical Scan, and DRE",
"5511953550","Wisconsin","Town of Molitor (Taylor County)","210","1","Assigned Polling Place","No","Hand marked paper ballots and DREs with VVPAT","Hand Count, Optical Scan, and DRE",
"5511962100","Wisconsin","Town of Pershing (Taylor County)","99","1","Assigned Polling Place","No","Hand marked paper ballots and DREs with VVPAT","Hand Count, Optical Scan, and DRE",
"5511967275","Wisconsin","Village of Rib Lake (Taylor County)","461","1","Assigned Polling Place","No","Hand marked paper ballots and DREs with VVPAT","Hand Count, Optical Scan, and DRE",
"5511967300","Wisconsin","Town of Rib Lake (Taylor County)","510","1","Assigned Polling Place","No","Hand marked paper ballots and DREs with VVPAT","Hand Count, Optical Scan, and DRE",
"5511969400","Wisconsin","Town of Roosevelt (Taylor County)","253","1","Assigned Polling Place","No","Hand marked paper ballots and DREs with VVPAT","Hand Count, Optical Scan, and DRE",
"5511977100","Wisconsin","Village of Stetsonville (Taylor County)","329","1","Assigned Polling Place","No","Hand marked paper ballots and DREs with VVPAT","Hand Count, Optical Scan, and DRE",
"5511978950","Wisconsin","Town of Taft (Taylor County)","204","1","Assigned Polling Place","No","Hand marked paper ballots and DREs with VVPAT","Hand Count, Optical Scan, and DRE",
"5511985450","Wisconsin","Town of Westboro (Taylor County)","461","1","Assigned Polling Place","No","Hand marked paper ballots and DREs with VVPAT","Hand Count, Optical Scan, and DRE",
"5512100925","Wisconsin","Town of Albion (Trempealeau County)","363","1","Assigned Polling Place","No","Hand marked paper ballots and DREs with VVPAT","Hand Count, Optical Scan, and DRE",
"5512102500","Wisconsin","City of Arcadia (Trempealeau County)","1218","1","Assigned Polling Place","No","Hand marked paper ballots and DREs with VVPAT","Hand Count, Optical Scan, and DRE",
"5512102525","Wisconsin","Town of Arcadia (Trempealeau County)","936","1","Assigned Polling Place","No","Hand marked paper ballots and DREs with VVPAT","Hand Count, Optical Scan, and DRE",
"5512108075","Wisconsin","City of Blair (Trempealeau County)","635","1","Assigned Polling Place","No","Hand marked paper ballots and DREs with VVPAT","Hand Count, Optical Scan, and DRE",
"5512111325","Wisconsin","Town of Burnside (Trempealeau County)","275","1","Assigned Polling Place","No","Hand marked paper ballots and DREs with VVPAT","Hand Count, Optical Scan, and DRE",
"5512111975","Wisconsin","Town of Caledonia (Trempealeau County)","622","1","Assigned Polling Place","No","Hand marked paper ballots and DREs with VVPAT","Hand Count, Optical Scan, and DRE",
"5512114525","Wisconsin","Town of Chimney Rock (Trempealeau County)","144","1","Assigned Polling Place","No","Hand marked paper ballots and DREs with VVPAT","Hand Count, Optical Scan, and DRE",
"5512120300","Wisconsin","Town of Dodge (Trempealeau County)","277","1","Assigned Polling Place","No","Hand marked paper ballots and DREs with VVPAT","Hand Count, Optical Scan, and DRE",
"5512123175","Wisconsin","Village of Eleva (Trempealeau County)","350","1","Assigned Polling Place","No","Hand marked paper ballots and DREs with VVPAT","Hand Count, Optical Scan, and DRE",
"5512124400","Wisconsin","Village of Ettrick (Trempealeau County)","331","1","Assigned Polling Place","No","Hand marked paper ballots and DREs with VVPAT","Hand Count, Optical Scan, and DRE",
"5512124425","Wisconsin","Town of Ettrick (Trempealeau County)","859","1","Assigned Polling Place","No","Hand marked paper ballots and DREs with VVPAT","Hand Count, Optical Scan, and DRE",
"5512128150","Wisconsin","Town of Gale (Trempealeau County)","1080","1","Assigned Polling Place","No","Hand marked paper ballots and DREs with VVPAT","Hand Count, Optical Scan, and DRE",
"5512128200","Wisconsin","City of Galesville (Trempealeau County)","946","1","Assigned Polling Place","No","Hand marked paper ballots and DREs with VVPAT","Hand Count, Optical Scan, and DRE",
"5512132050","Wisconsin","Town of Hale (Trempealeau County)","579","1","Assigned Polling Place","No","Hand marked paper ballots and DREs with VVPAT","Hand Count, Optical Scan, and DRE",
"5512136800","Wisconsin","City of Independence (Trempealeau County)","681","1","Assigned Polling Place","No","Hand marked paper ballots and DREs with VVPAT","Hand Count, Optical Scan, and DRE",
"5512144500","Wisconsin","Town of Lincoln (Trempealeau County)","393","1","Assigned Polling Place","No","Hand marked paper ballots and DREs with VVPAT","Hand Count, Optical Scan, and DRE",
"5512160575","Wisconsin","City of Osseo (Trempealeau County)","988","1","Assigned Polling Place","No","Hand marked paper ballots and DREs with VVPAT","Hand Count, Optical Scan, and DRE",
"5512162650","Wisconsin","Town of Pigeon (Trempealeau County)","469","1","Assigned Polling Place","No","Hand marked paper ballots and DREs with VVPAT","Hand Count, Optical Scan, and DRE",
"5512162675","Wisconsin","Village of Pigeon Falls (Trempealeau County)","251","1","Assigned Polling Place","No","Hand marked paper ballots and DREs with VVPAT","Hand Count, Optical Scan, and DRE",
"5512165500","Wisconsin","Town of Preston (Trempealeau County)","488","1","Assigned Polling Place","No","Hand marked paper ballots and DREs with VVPAT","Hand Count, Optical Scan, and DRE",
"5512177825","Wisconsin","Village of Strum (Trempealeau County)","689","1","Assigned Polling Place","No","Hand marked paper ballots and DREs with VVPAT","Hand Count, Optical Scan, and DRE",
"5512178500","Wisconsin","Town of Sumner (Trempealeau County)","543","1","Assigned Polling Place","No","Hand marked paper ballots and DREs with VVPAT","Hand Count, Optical Scan, and DRE",
"5512180475","Wisconsin","Village of Trempealeau (Trempealeau County)","1039","1","Assigned Polling Place","No","Hand marked paper ballots and DREs with VVPAT","Hand Count, Optical Scan, and DRE",
"5512180500","Wisconsin","Town of Trempealeau (Trempealeau County)","1181","1","Assigned Polling Place","No","Hand marked paper ballots and DREs with VVPAT","Hand Count, Optical Scan, and DRE",
"5512181875","Wisconsin","Town of Unity (Trempealeau County)","303","1","Assigned Polling Place","No","Hand marked paper ballots and DREs with VVPAT","Hand Count, Optical Scan, and DRE",
"5512186725","Wisconsin","City of Whitehall (Trempealeau County)","957","1","Assigned Polling Place","No","Hand marked paper ballots and DREs with VVPAT","Hand Count, Optical Scan, and DRE",
"5512306900","Wisconsin","Town of Bergen (Vernon County)","866","1","Assigned Polling Place","No","Hand marked paper ballots and DREs with VVPAT","Hand Count, Optical Scan, and DRE",
"5512314150","Wisconsin","Village of Chaseburg (Vernon County)","186","1","Assigned Polling Place","No","Hand marked paper ballots and DREs with VVPAT","Hand Count, Optical Scan, and DRE",
"5512314675","Wisconsin","Town of Christiana (Vernon County)","547","1","Assigned Polling Place","No","Hand marked paper ballots and DREs with VVPAT","Hand Count, Optical Scan, and DRE",
"5512315675","Wisconsin","Town of Clinton (Vernon County)","317","1","Assigned Polling Place","No","Hand marked paper ballots and DREs with VVPAT","Hand Count, Optical Scan, and DRE",
"5512316875","Wisconsin","Town of Coon (Vernon County)","498","1","Assigned Polling Place","No","Hand marked paper ballots and DREs with VVPAT","Hand Count, Optical Scan, and DRE",
"5512316900","Wisconsin","Village of Coon Valley (Vernon County)","522","1","Assigned Polling Place","No","Hand marked paper ballots and DREs with VVPAT","Hand Count, Optical Scan, and DRE",
"5512319850","Wisconsin","Village of De Soto (Vernon County)","222","2","Assigned Polling Place","No","Hand marked paper ballots and DREs with VVPAT","Hand Count, Optical Scan, and DRE",
"5512326550","Wisconsin","Town of Forest (Vernon County)","324","1","Assigned Polling Place","No","Hand marked paper ballots and DREs with VVPAT","Hand Count, Optical Scan, and DRE",
"5512327400","Wisconsin","Town of Franklin (Vernon County)","586","1","Assigned Polling Place","No","Hand marked paper ballots and DREs with VVPAT","Hand Count, Optical Scan, and DRE",
"5512328625","Wisconsin","Village of Genoa (Vernon County)","156","1","Assigned Polling Place","No","Hand marked paper ballots and DREs with VVPAT","Hand Count, Optical Scan, and DRE",
"5512328650","Wisconsin","Town of Genoa (Vernon County)","450","1","Assigned Polling Place","No","Hand marked paper ballots and DREs with VVPAT","Hand Count, Optical Scan, and DRE",
"5512331625","Wisconsin","Town of Greenwood (Vernon County)","544","1","Assigned Polling Place","No","Hand marked paper ballots and DREs with VVPAT","Hand Count, Optical Scan, and DRE",
"5512332225","Wisconsin","Town of Hamburg (Vernon County)","604","1","Assigned Polling Place","No","Hand marked paper ballots and DREs with VVPAT","Hand Count, Optical Scan, and DRE",
"5512332725","Wisconsin","Town of Harmony (Vernon County)","376","1","Assigned Polling Place","No","Hand marked paper ballots and DREs with VVPAT","Hand Count, Optical Scan, and DRE",
"5512334825","Wisconsin","City of Hillsboro (Vernon County)","802","1","Assigned Polling Place","No","Hand marked paper ballots and DREs with VVPAT","Hand Count, Optical Scan, and DRE",
"5512334850","Wisconsin","Town of Hillsboro (Vernon County)","433","1","Assigned Polling Place","No","Hand marked paper ballots and DREs with VVPAT","Hand Count, Optical Scan, and DRE",
"5512337975","Wisconsin","Town of Jefferson (Vernon County)","724","1","Assigned Polling Place","No","Hand marked paper ballots and DREs with VVPAT","Hand Count, Optical Scan, and DRE",
"5512339475","Wisconsin","Town of Kickapoo (Vernon County)","330","1","Assigned Polling Place","No","Hand marked paper ballots and DREs with VVPAT","Hand Count, Optical Scan, and DRE",
"5512340875","Wisconsin","Village of La Farge (Vernon County)","410","1","Assigned Polling Place","No","Hand marked paper ballots and DREs with VVPAT","Hand Count, Optical Scan, and DRE",
"5512343900","Wisconsin","Town of Liberty (Vernon County)","147","1","Assigned Polling Place","No","Hand marked paper ballots and DREs with VVPAT","Hand Count, Optical Scan, and DRE",
"5512360075","Wisconsin","Village of Ontario (Vernon County)","245","1","Assigned Polling Place","No","Hand marked paper ballots and DREs with VVPAT","Hand Count, Optical Scan, and DRE",
"5512366450","Wisconsin","Village of Readstown (Vernon County)","230","1","Assigned Polling Place","No","Hand marked paper ballots and DREs with VVPAT","Hand Count, Optical Scan, and DRE",
"5512376725","Wisconsin","Town of Stark (Vernon County)","225","1","Assigned Polling Place","No","Hand marked paper ballots and DREs with VVPAT","Hand Count, Optical Scan, and DRE",
"5512377075","Wisconsin","Town of Sterling (Vernon County)","356","1","Assigned Polling Place","No","Hand marked paper ballots and DREs with VVPAT","Hand Count, Optical Scan, and DRE",
"5512377550","Wisconsin","Village of Stoddard (Vernon County)","536","1","Assigned Polling Place","No","Hand marked paper ballots and DREs with VVPAT","Hand Count, Optical Scan, and DRE",
"5512381675","Wisconsin","Town of Union (Vernon County)","260","1","Assigned Polling Place","No","Hand marked paper ballots and DREs with VVPAT","Hand Count, Optical Scan, and DRE",
"5512382925","Wisconsin","City of Viroqua (Vernon County)","2719","1","Assigned Polling Place","No","Hand marked paper ballots and DREs with VVPAT","Hand Count, Optical Scan, and DRE",
"5512382950","Wisconsin","Town of Viroqua (Vernon County)","1068","1","Assigned Polling Place","No","Hand marked paper ballots and DREs with VVPAT","Hand Count, Optical Scan, and DRE",
"5512385050","Wisconsin","Town of Webster (Vernon County)","394","1","Assigned Polling Place","No","Hand marked paper ballots and DREs with VVPAT","Hand Count, Optical Scan, and DRE",
"5512385475","Wisconsin","City of Westby (Vernon County)","1458","1","Assigned Polling Place","No","Hand marked paper ballots and DREs with VVPAT","Hand Count, Optical Scan, and DRE",
"5512386525","Wisconsin","Town of Wheatland (Vernon County)","306","1","Assigned Polling Place","No","Hand marked paper ballots and DREs with VVPAT","Hand Count, Optical Scan, and DRE",
"5512386900","Wisconsin","Town of Whitestown (Vernon County)","245","1","Assigned Polling Place","No","Hand marked paper ballots and DREs with VVPAT","Hand Count, Optical Scan, and DRE",
"5512502450","Wisconsin","Town of Arbor Vitae (Vilas County)","2633","1","Assigned Polling Place","No","Hand marked paper ballots and DREs with VVPAT","Optical Scan and DRE",
"5512508950","Wisconsin","Town of Boulder Junction (Vilas County)","915","1","Assigned Polling Place","No","Hand marked paper ballots and DREs with VVPAT","Optical Scan and DRE",
"5512515850","Wisconsin","Town of Cloverland (Vilas County)","863","1","Assigned Polling Place","No","Hand marked paper ballots and DREs with VVPAT","Optical Scan and DRE",
"5512516750","Wisconsin","Town of Conover (Vilas County)","1006","1","Assigned Polling Place","No","Hand marked paper ballots and DREs with VVPAT","Optical Scan and DRE",
"5512521625","Wisconsin","City of Eagle River (Vilas County)","770","1","Assigned Polling Place","No","Hand marked paper ballots and DREs with VVPAT","Optical Scan and DRE",
"5512540687","Wisconsin","Town of Lac du Flambeau (Vilas County)","2178","1","Assigned Polling Place","No","Hand marked paper ballots and DREs with VVPAT","Optical Scan and DRE",
"5512542325","Wisconsin","Town of Land O'Lakes (Vilas County)","833","1","Assigned Polling Place","No","Hand marked paper ballots and DREs with VVPAT","Optical Scan and DRE",
"5512544525","Wisconsin","Town of Lincoln (Vilas County)","2123","1","Assigned Polling Place","No","Hand marked paper ballots and DREs with VVPAT","Optical Scan and DRE",
"5512548462","Wisconsin","Town of Manitowish Waters (Vilas County)","587","1","Assigned Polling Place","No","Hand marked paper ballots and DREs with VVPAT","Optical Scan and DRE",
"5512562425","Wisconsin","Town of Phelps (Vilas County)","969","1","Assigned Polling Place","No","Hand marked paper ballots and DREs with VVPAT","Optical Scan and DRE",
"5512563625","Wisconsin","Town of Plum Lake (Vilas County)","490","1","Assigned Polling Place","No","Hand marked paper ballots and DREs with VVPAT","Optical Scan and DRE",
"5512565425","Wisconsin","Town of Presque Isle (Vilas County)","679","1","Assigned Polling Place","No","Hand marked paper ballots and DREs with VVPAT","Optical Scan and DRE",
"5512570725","Wisconsin","Town of St. Germain (Vilas County)","1783","1","Assigned Polling Place","No","Hand marked paper ballots and DREs with VVPAT","Optical Scan and DRE",
"5512583750","Wisconsin","Town of Washington (Vilas County)","1323","1","Assigned Polling Place","No","Hand marked paper ballots and DREs with VVPAT","Optical Scan and DRE",
"5512587600","Wisconsin","Town of Winchester (Vilas County)","436","1","Assigned Polling Place","No","Hand marked paper ballots and DREs with VVPAT","Optical Scan and DRE",
"5512708275","Wisconsin","Town of Bloomfield (Walworth County)","3959","1","Assigned Polling Place","No","Hand marked paper ballots and DREs with VVPAT","Optical Scan and DRE",
"5512718825","Wisconsin","Village of Darien (Walworth County)","883","1","Assigned Polling Place","No","Hand marked paper ballots and DREs with VVPAT","Optical Scan and DRE",
"5512718850","Wisconsin","Town of Darien (Walworth County)","1086","1","Assigned Polling Place","No","Hand marked paper ballots and DREs with VVPAT","Optical Scan and DRE",
"5512719450","Wisconsin","City of Delavan (Walworth County)","6638","1","Assigned Polling Place","No","Hand marked paper ballots and DREs with VVPAT","Optical Scan and DRE",
"5512719475","Wisconsin","Town of Delavan (Walworth County)","3704","1","Assigned Polling Place","No","Hand marked paper ballots and DREs with VVPAT","Optical Scan and DRE",
"5512722100","Wisconsin","Village of East Troy (Walworth County)","2907","1","Assigned Polling Place","No","Hand marked paper ballots and DREs with VVPAT","Optical Scan and DRE",
"5512722125","Wisconsin","Town of East Troy (Walworth County)","3403","3","Assigned Polling Place","No","Hand marked paper ballots and DREs with VVPAT","Optical Scan and DRE",
"5512723300","Wisconsin","City of Elkhorn (Walworth County)","7462","2","Assigned Polling Place","No","Hand marked paper ballots and DREs with VVPAT","Optical Scan and DRE",
"5512726350","Wisconsin","Village of Fontana-on-Geneva Lake (Walworth County)","1197","1","Assigned Polling Place","No","Hand marked paper ballots and DREs with VVPAT","Optical Scan and DRE",
"5512728550","Wisconsin","Town of Geneva (Walworth County)","3272","1","Assigned Polling Place","No","Hand marked paper ballots and DREs with VVPAT","Optical Scan and DRE",
"5512728675","Wisconsin","Village of Genoa City (Walworth County)","1811","2","Assigned Polling Place","No","Hand marked paper ballots and DREs with VVPAT","Optical Scan and DRE",
"5512741050","Wisconsin","Town of La Grange (Walworth County)","1762","1","Assigned Polling Place","No","Hand marked paper ballots and DREs with VVPAT","Optical Scan and DRE",
"5512740950","Wisconsin","Town of Lafayette (Walworth County)","1415","1","Assigned Polling Place","No","Hand marked paper ballots and DREs with VVPAT","Optical Scan and DRE",
"5512741450","Wisconsin","City of Lake Geneva (Walworth County)","5392","4","Assigned Polling Place","No","Hand marked paper ballots and DREs with VVPAT","Optical Scan and DRE",
"5512744750","Wisconsin","Town of Linn (Walworth County)","1420","2","Assigned Polling Place","No","Hand marked paper ballots and DREs with VVPAT","Optical Scan and DRE",
"5512746725","Wisconsin","Town of Lyons (Walworth County)","2257","1","Assigned Polling Place","No","Hand marked paper ballots and DREs with VVPAT","Optical Scan and DRE",
"5512767725","Wisconsin","Town of Richmond (Walworth County)","1419","1","Assigned Polling Place","No","Hand marked paper ballots and DREs with VVPAT","Optical Scan and DRE",
"5512772875","Wisconsin","Village of Sharon (Walworth County)","882","1","Assigned Polling Place","No","Hand marked paper ballots and DREs with VVPAT","Optical Scan and DRE",
"5512772900","Wisconsin","Town of Sharon (Walworth County)","602","1","Assigned Polling Place","No","Hand marked paper ballots and DREs with VVPAT","Optical Scan and DRE",
"5512776175","Wisconsin","Town of Spring Prairie (Walworth County)","1398","1","Assigned Polling Place","No","Hand marked paper ballots and DREs with VVPAT","Optical Scan and DRE",
"5512778100","Wisconsin","Town of Sugar Creek (Walworth County)","2811","1","Assigned Polling Place","No","Hand marked paper ballots and DREs with VVPAT","Optical Scan and DRE",
"5512780875","Wisconsin","Town of Troy (Walworth County)","1740","1","Assigned Polling Place","No","Hand marked paper ballots and DREs with VVPAT","Optical Scan and DRE",
"5512783250","Wisconsin","Village of Walworth (Walworth County)","1420","1","Assigned Polling Place","No","Hand marked paper ballots and DREs with VVPAT","Optical Scan and DRE",
"5512783275","Wisconsin","Town of Walworth (Walworth County)","1036","1","Assigned Polling Place","No","Hand marked paper ballots and DREs with VVPAT","Optical Scan and DRE",
"5512786925","Wisconsin","City of Whitewater (Walworth County)","14629","6","Assigned Polling Place","No","Hand marked paper ballots and DREs with VVPAT","Optical Scan and DRE",
"5512786950","Wisconsin","Town of Whitewater (Walworth County)","1321","2","Assigned Polling Place","No","Hand marked paper ballots and DREs with VVPAT","Optical Scan and DRE",
"5512787200","Wisconsin","Village of Williams Bay (Walworth County)","2061","1","Assigned Polling Place","No","Hand marked paper ballots and DREs with VVPAT","Optical Scan and DRE",
"5512904950","Wisconsin","Town of Barronett (Washburn County)","265","1","Assigned Polling Place","No","Hand marked paper ballots and DREs with VVPAT","Hand Count, Optical Scan, and DRE",
"5512905125","Wisconsin","Town of Bashaw (Washburn County)","633","1","Assigned Polling Place","No","Hand marked paper ballots and DREs with VVPAT","Hand Count, Optical Scan, and DRE",
"5512905225","Wisconsin","Town of Bass Lake (Washburn County)","305","1","Assigned Polling Place","No","Hand marked paper ballots and DREs with VVPAT","Hand Count, Optical Scan, and DRE",
"5512905875","Wisconsin","Town of Beaver Brook (Washburn County)","436","1","Assigned Polling Place","No","Hand marked paper ballots and DREs with VVPAT","Hand Count, Optical Scan, and DRE",
"5512907550","Wisconsin","Village of Birchwood (Washburn County)","318","1","Assigned Polling Place","No","Hand marked paper ballots and DREs with VVPAT","Hand Count, Optical Scan, and DRE",
"5512907575","Wisconsin","Town of Birchwood (Washburn County)","396","1","Assigned Polling Place","No","Hand marked paper ballots and DREs with VVPAT","Hand Count, Optical Scan, and DRE",
"5512910150","Wisconsin","Town of Brooklyn (Washburn County)","193","1","Assigned Polling Place","No","Hand marked paper ballots and DREs with VVPAT","Hand Count, Optical Scan, and DRE",
"5512912925","Wisconsin","Town of Casey (Washburn County)","309","1","Assigned Polling Place","No","Hand marked paper ballots and DREs with VVPAT","Hand Count, Optical Scan, and DRE",
"5512914425","Wisconsin","Town of Chicog (Washburn County)","195","1","Assigned Polling Place","No","Hand marked paper ballots and DREs with VVPAT","Hand Count, Optical Scan, and DRE",
"5512917850","Wisconsin","Town of Crystal (Washburn County)","202","1","Assigned Polling Place","No","Hand marked paper ballots and DREs with VVPAT","Hand Count, Optical Scan, and DRE",
"5512924600","Wisconsin","Town of Evergreen (Washburn County)","765","1","Assigned Polling Place","No","Hand marked paper ballots and DREs with VVPAT","Hand Count, Optical Scan, and DRE",
"5512928025","Wisconsin","Town of Frog Creek (Washburn County)","109","1","Assigned Polling Place","No","Hand marked paper ballots and DREs with VVPAT","Hand Count, Optical Scan, and DRE",
"5512931825","Wisconsin","Town of Gull Lake (Washburn County)","147","1","Assigned Polling Place","No","Hand marked paper ballots and BMDs","Hand Count, Optical Scan, and DRE",
"5512945650","Wisconsin","Town of Long Lake (Washburn County)","515","1","Assigned Polling Place","No","Hand marked paper ballots and DREs with VVPAT","Hand Count, Optical Scan, and DRE",
"5512947025","Wisconsin","Town of Madge (Washburn County)","392","1","Assigned Polling Place","No","Hand marked paper ballots and DREs with VVPAT","Hand Count, Optical Scan, and DRE",
"5512953250","Wisconsin","Village of Minong (Washburn County)","275","1","Assigned Polling Place","No","Hand marked paper ballots and DREs with VVPAT","Hand Count, Optical Scan, and DRE",
"5512953275","Wisconsin","Town of Minong (Washburn County)","677","1","Assigned Polling Place","No","Hand marked paper ballots and DREs with VVPAT","Hand Count, Optical Scan, and DRE",
"5512971637","Wisconsin","Town of Sarona (Washburn County)","262","1","Assigned Polling Place","No","Hand marked paper ballots and DREs with VVPAT","Hand Count, Optical Scan, and DRE",
"5512973200","Wisconsin","City of Shell Lake (Washburn County)","910","1","Assigned Polling Place","No","Hand marked paper ballots and DREs with VVPAT","Hand Count, Optical Scan, and DRE",
"5512975625","Wisconsin","City of Spooner (Washburn County)","1579","1","Assigned Polling Place","No","Hand marked paper ballots and DREs with VVPAT","Hand Count, Optical Scan, and DRE",
"5512975650","Wisconsin","Town of Spooner (Washburn County)","489","1","Assigned Polling Place","No","Hand marked paper ballots and DREs with VVPAT","Hand Count, Optical Scan, and DRE",
"5512975800","Wisconsin","Town of Springbrook (Washburn County)","260","1","Assigned Polling Place","No","Hand marked paper ballots and DREs with VVPAT","Hand Count, Optical Scan, and DRE",
"5512977350","Wisconsin","Town of Stinnett (Washburn County)","146","1","Assigned Polling Place","No","Hand marked paper ballots and DREs with VVPAT","Hand Count, Optical Scan, and DRE",
"5512977650","Wisconsin","Town of Stone Lake (Washburn County)","369","1","Assigned Polling Place","No","Hand marked paper ballots and DREs with VVPAT","Hand Count, Optical Scan, and DRE",
"5512980450","Wisconsin","Town of Trego (Washburn County)","621","1","Assigned Polling Place","No","Hand marked paper ballots and DREs with VVPAT","Hand Count, Optical Scan, and DRE",
"5513100425","Wisconsin","Town of Addison (Washington County)","2214","1","Assigned Polling Place","No","Hand marked paper ballots and DREs with VVPAT","Optical Scan and DRE",
"5513105050","Wisconsin","Town of Barton (Washington County)","1864","1","Assigned Polling Place","No","Hand marked paper ballots and DREs with VVPAT","Optical Scan and DRE",
"5513124225","Wisconsin","Town of Erin (Washington County)","2781","1","Assigned Polling Place","No","Hand marked paper ballots and DREs with VVPAT","Optical Scan and DRE",
"5513125375","Wisconsin","Town of Farmington (Washington County)","2349","1","Assigned Polling Place","No","Hand marked paper ballots and DREs with VVPAT","Optical Scan and DRE",
"5513128875","Wisconsin","Village of Germantown (Washington County)","15134","4","Assigned Polling Place","No","Hand marked paper ballots and DREs with VVPAT","Optical Scan and DRE",
"5513128900","Wisconsin","Town of Germantown (Washington County)","185","1","Assigned Polling Place","No","Hand marked paper ballots and DREs with VVPAT","Optical Scan and DRE",
"5513133000","Wisconsin","City of Hartford (Washington County)","9412","6","Assigned Polling Place","No","Hand marked paper ballots and DREs with VVPAT","Optical Scan and DRE",
"5513133025","Wisconsin","Town of Hartford (Washington County)","2376","1","Assigned Polling Place","No","Hand marked paper ballots and DREs with VVPAT","Optical Scan and DRE",
"5513137675","Wisconsin","Village of Jackson (Washington County)","4384","1","Assigned Polling Place","No","Hand marked paper ballots and DREs with VVPAT","Optical Scan and DRE",
"5513137700","Wisconsin","Town of Jackson (Washington County)","2829","1","Assigned Polling Place","No","Hand marked paper ballots and DREs with VVPAT","Optical Scan and DRE",
"5513139300","Wisconsin","Village of Kewaskum (Washington County)","2350","2","Assigned Polling Place","No","Hand marked paper ballots and DREs with VVPAT","Optical Scan and DRE",
"5513139325","Wisconsin","Town of Kewaskum (Washington County)","740","1","Assigned Polling Place","No","Hand marked paper ballots and DREs with VVPAT","Optical Scan and DRE",
"5513156450","Wisconsin","Village of Newburg (Washington County)","767","2","Assigned Polling Place","No","Hand marked paper ballots and DREs with VVPAT","Optical Scan and DRE",
"5513163875","Wisconsin","Town of Polk (Washington County)","3002","1","Assigned Polling Place","No","Hand marked paper ballots and DREs with VVPAT","Optical Scan and DRE",
"5513167475","Wisconsin","Village of Richfield (Washington County)","8796","5","Assigned Polling Place","No","Hand marked paper ballots and DREs with VVPAT","Optical Scan and DRE",
"5513174400","Wisconsin","Village of Slinger (Washington County)","2807","1","Assigned Polling Place","No","Hand marked paper ballots and DREs with VVPAT","Optical Scan and DRE",
"5513180575","Wisconsin","Town of Trenton (Washington County)","4165","2","Assigned Polling Place","No","Hand marked paper ballots and DREs with VVPAT","Optical Scan and DRE",
"5513184900","Wisconsin","Town of Wayne (Washington County)","1335","1","Assigned Polling Place","No","Hand marked paper ballots and DREs with VVPAT","Optical Scan and DRE",
"5513185350","Wisconsin","City of West Bend (Washington County)","21442","9","Assigned Polling Place","No","Hand marked paper ballots and DREs with VVPAT","Optical Scan and DRE",
"5513185375","Wisconsin","Town of West Bend (Washington County)","3571","1","Assigned Polling Place","No","Hand marked paper ballots and DREs with VVPAT","Optical Scan and DRE",
"5513307200","Wisconsin","Village of Big Bend (Waukesha County)","859","1","Assigned Polling Place","No","Hand marked paper ballots and DREs with VVPAT","Optical Scan and DRE",
"5513310025","Wisconsin","City of Brookfield (Waukesha County)","30485","24","Assigned Polling Place","No","Hand marked paper ballots and DREs with VVPAT","Optical Scan and DRE",
"5513310050","Wisconsin","Town of Brookfield (Waukesha County)","6807","5","Assigned Polling Place","No","Hand marked paper ballots and DREs with VVPAT","Optical Scan and DRE",
"5513311475","Wisconsin","Village of Butler (Waukesha County)","1260","1","Assigned Polling Place","No","Hand marked paper ballots and DREs with VVPAT","Optical Scan and DRE",
"5513314225","Wisconsin","Village of Chenequa (Waukesha County)","416","1","Assigned Polling Place","No","Hand marked paper ballots and DREs with VVPAT","Optical Scan and DRE",
"5513319400","Wisconsin","City of Delafield (Waukesha County)","5838","1","Assigned Polling Place","No","Hand marked paper ballots and DREs with VVPAT","Optical Scan and DRE",
"5513319425","Wisconsin","Town of Delafield (Waukesha County)","17218","4","Assigned Polling Place","No","Hand marked paper ballots and DREs with VVPAT","Optical Scan and DRE",
"5513320550","Wisconsin","Village of Dousman (Waukesha County)","1572","1","Assigned Polling Place","No","Hand marked paper ballots and DREs with VVPAT","Optical Scan and DRE",
"5513321425","Wisconsin","Village of Eagle (Waukesha County)","1211","1","Assigned Polling Place","No","Hand marked paper ballots and DREs with VVPAT","Optical Scan and DRE",
"5513321450","Wisconsin","Town of Eagle (Waukesha County)","2250","1","Assigned Polling Place","No","Hand marked paper ballots and DREs with VVPAT","Optical Scan and DRE",
"5513323575","Wisconsin","Village of Elm Grove (Waukesha County)","5174","2","Assigned Polling Place","No","Hand marked paper ballots and DREs with VVPAT","Optical Scan and DRE",
"5513328487","Wisconsin","Town of Genesee (Waukesha County)","6239","3","Assigned Polling Place","No","Hand marked paper ballots and DREs with VVPAT","Optical Scan and DRE",
"5513333100","Wisconsin","Village of Hartland (Waukesha County)","6925","2","Assigned Polling Place","No","Hand marked paper ballots and DREs with VVPAT","Optical Scan and DRE",
"5513340750","Wisconsin","Village of Lac La Belle (Waukesha County)","265","1","Assigned Polling Place","No","Hand marked paper ballots and DREs with VVPAT","Optical Scan and DRE",
"5513342450","Wisconsin","Village of Lannon (Waukesha County)","806","1","Assigned Polling Place","No","Hand marked paper ballots and DREs with VVPAT","Optical Scan and DRE",
"5513344850","Wisconsin","Town of Lisbon (Waukesha County)","8002","1","Assigned Polling Place","No","Hand marked paper ballots and DREs with VVPAT","Optical Scan and DRE",
"5513351000","Wisconsin","Village of Menomonee Falls (Waukesha County)","27253","23","Assigned Polling Place","No","Hand marked paper ballots and BMDs","Optical Scan and DRE",
"5513351375","Wisconsin","Village of Merton (Waukesha County)","1777","1","Assigned Polling Place","No","Hand marked paper ballots and DREs with VVPAT","Optical Scan and DRE",
"5513351400","Wisconsin","Town of Merton (Waukesha County)","10688","2","Assigned Polling Place","No","Hand marked paper ballots and DREs with VVPAT","Optical Scan and DRE",
"5513355050","Wisconsin","Village of Mukwonago (Waukesha County)","5213","2","Assigned Polling Place","No","Hand marked paper ballots and BMDs","Optical Scan and DRE",
"5513355075","Wisconsin","Town of Mukwonago (Waukesha County)","6289","2","Assigned Polling Place","No","Hand marked paper ballots and DREs with VVPAT","Optical Scan and DRE",
"5513355275","Wisconsin","City of Muskego (Waukesha County)","17589","7","Assigned Polling Place","No","Hand marked paper ballots and DREs with VVPAT","Optical Scan and DRE",
"5513355550","Wisconsin","Village of Nashotah (Waukesha County)","1020","1","Assigned Polling Place","No","Hand marked paper ballots and DREs with VVPAT","Optical Scan and DRE",
"5513356375","Wisconsin","City of New Berlin (Waukesha County)","31835","27","Assigned Polling Place","No","Hand marked paper ballots and DREs with VVPAT","Optical Scan and DRE",
"5513358400","Wisconsin","Village of North Prairie (Waukesha County)","1502","1","Assigned Polling Place","No","Hand marked paper ballots and DREs with VVPAT","Optical Scan and DRE",
"5513359250","Wisconsin","City of Oconomowoc (Waukesha County)","11862","4","Assigned Polling Place","No","Hand marked paper ballots and DREs with VVPAT","Optical Scan and DRE",
"5513359275","Wisconsin","Town of Oconomowoc (Waukesha County)","6476","4","Assigned Polling Place","No","Hand marked paper ballots and DREs with VVPAT","Optical Scan and DRE",
"5513359300","Wisconsin","Village of Oconomowoc Lake (Waukesha County)","443","1","Assigned Polling Place","No","Hand marked paper ballots and DREs with VVPAT","Optical Scan and DRE",
"5513360700","Wisconsin","Town of Ottawa (Waukesha County)","3115","1","Assigned Polling Place","No","Hand marked paper ballots and DREs with VVPAT","Optical Scan and DRE",
"5513362240","Wisconsin","City of Pewaukee (Waukesha County)","11228","3","Assigned Polling Place","No","Hand marked paper ballots and DREs with VVPAT","Optical Scan and DRE",
"5513362250","Wisconsin","Village of Pewaukee (Waukesha County)","5990","2","Assigned Polling Place","No","Hand marked paper ballots and DREs with VVPAT","Optical Scan and DRE",
"5513378375","Wisconsin","Town of Summit (Waukesha County)","4448","2","Assigned Polling Place","No","Hand marked paper ballots and DREs with VVPAT","Optical Scan and DRE",
"5513378750","Wisconsin","Village of Sussex (Waukesha County)","7610","4","Assigned Polling Place","No","Hand marked paper ballots and DREs with VVPAT","Optical Scan and DRE",
"5513382575","Wisconsin","Town of Vernon (Waukesha County)","11841","2","Assigned Polling Place","No","Hand marked paper ballots and DREs with VVPAT","Optical Scan and DRE",
"5513383175","Wisconsin","Village of Wales (Waukesha County)","2198","1","Assigned Polling Place","No","Hand marked paper ballots and DREs with VVPAT","Optical Scan and DRE",
"5513384250","Wisconsin","City of Waukesha (Waukesha County)","46451","38","Assigned Polling Place","No","Hand marked paper ballots and DREs with VVPAT","Optical Scan and DRE",
"5513384275","Wisconsin","Town of Waukesha (Waukesha County)","6931","4","Assigned Polling Place","No","Hand marked paper ballots and DREs with VVPAT","Optical Scan and DRE",
"5513505625","Wisconsin","Town of Bear Creek (Waupaca County)","435","1","Assigned Polling Place","No","Hand marked paper ballots and DREs with VVPAT","Hand Count, Optical Scan, and DRE",
"5513507250","Wisconsin","Village of Big Falls (Waupaca County)","59","1","Assigned Polling Place","No","Hand marked paper ballots and DREs with VVPAT","Hand Count, Optical Scan, and DRE",
"5513512000","Wisconsin","Town of Caledonia (Waupaca County)","1016","1","Assigned Polling Place","No","Hand marked paper ballots and DREs with VVPAT","Hand Count, Optical Scan, and DRE",
"5513515725","Wisconsin","City of Clintonville (Waupaca County)","2981","1","Assigned Polling Place","No","Hand marked paper ballots and DREs with VVPAT","Hand Count, Optical Scan, and DRE",
"5513519025","Wisconsin","Town of Dayton (Waupaca County)","1860","1","Assigned Polling Place","No","Hand marked paper ballots and DREs with VVPAT","Hand Count, Optical Scan, and DRE",
"5513521200","Wisconsin","Town of Dupont (Waupaca County)","397","1","Assigned Polling Place","No","Hand marked paper ballots and DREs with VVPAT","Hand Count, Optical Scan, and DRE",
"5513523850","Wisconsin","Village of Embarrass (Waupaca County)","199","1","Assigned Polling Place","No","Hand marked paper ballots and DREs with VVPAT","Hand Count, Optical Scan, and DRE",
"5513525400","Wisconsin","Town of Farmington (Waupaca County)","2537","1","Assigned Polling Place","No","Hand marked paper ballots and DREs with VVPAT","Hand Count, Optical Scan, and DRE",
"5513527800","Wisconsin","Village of Fremont (Waupaca County)","528","1","Assigned Polling Place","No","Hand marked paper ballots and DREs with VVPAT","Hand Count, Optical Scan, and DRE",
"5513527850","Wisconsin","Town of Fremont (Waupaca County)","440","1","Assigned Polling Place","No","Hand marked paper ballots and DREs with VVPAT","Hand Count, Optical Scan, and DRE",
"5513532925","Wisconsin","Town of Harrison (Waupaca County)","288","1","Assigned Polling Place","No","Hand marked paper ballots and DREs with VVPAT","Hand Count, Optical Scan, and DRE",
"5513533850","Wisconsin","Town of Helvetia (Waupaca County)","405","1","Assigned Polling Place","No","Hand marked paper ballots and DREs with VVPAT","Hand Count, Optical Scan, and DRE",
"5513537025","Wisconsin","Village of Iola (Waupaca County)","779","1","Assigned Polling Place","No","Hand marked paper ballots and DREs with VVPAT","Hand Count, Optical Scan, and DRE",
"5513537050","Wisconsin","Town of Iola (Waupaca County)","628","1","Assigned Polling Place","No","Hand marked paper ballots and DREs with VVPAT","Hand Count, Optical Scan, and DRE",
"5513542650","Wisconsin","Town of Larrabee (Waupaca County)","748","1","Assigned Polling Place","No","Hand marked paper ballots and DREs with VVPAT","Hand Count, Optical Scan, and DRE",
"5513543075","Wisconsin","Town of Lebanon (Waupaca County)","910","1","Assigned Polling Place","No","Hand marked paper ballots and DREs with VVPAT","Hand Count, Optical Scan, and DRE",
"5513544575","Wisconsin","Town of Lind (Waupaca County)","984","1","Assigned Polling Place","No","Hand marked paper ballots and DREs with VVPAT","Hand Count, Optical Scan, and DRE",
"5513545300","Wisconsin","Town of Little Wolf (Waupaca County)","867","1","Assigned Polling Place","No","Hand marked paper ballots and DREs with VVPAT","Hand Count, Optical Scan, and DRE",
"5513548350","Wisconsin","City of Manawa (Waupaca County)","693","1","Assigned Polling Place","No","Hand marked paper ballots and DREs with VVPAT","Hand Count, Optical Scan, and DRE",
"5513549400","Wisconsin","City of Marion (Waupaca County)","754","2","Assigned Polling Place","No","Hand marked paper ballots and DREs with VVPAT","Hand Count, Optical Scan, and DRE",
"5513549975","Wisconsin","Town of Matteson (Waupaca County)","568","1","Assigned Polling Place","No","Hand marked paper ballots and DREs with VVPAT","Hand Count, Optical Scan, and DRE",
"5513555025","Wisconsin","Town of Mukwa (Waupaca County)","1744","2","Assigned Polling Place","No","Hand marked paper ballots and DREs with VVPAT","Hand Count, Optical Scan, and DRE",
"5513556925","Wisconsin","City of New London (Waupaca County)","4239","5","Assigned Polling Place","No","Hand marked paper ballots and DREs with VVPAT","Hand Count, Optical Scan, and DRE",
"5513559475","Wisconsin","Village of Ogdensburg (Waupaca County)","101","1","Assigned Polling Place","No","Hand marked paper ballots and DREs with VVPAT","Hand Count, Optical Scan, and DRE",
"5513569900","Wisconsin","Town of Royalton (Waupaca County)","924","1","Assigned Polling Place","No","Hand marked paper ballots and DREs with VVPAT","Hand Count, Optical Scan, and DRE",
"5513571975","Wisconsin","Village of Scandinavia (Waupaca County)","222","1","Assigned Polling Place","No","Hand marked paper ballots and DREs with VVPAT","Hand Count, Optical Scan, and DRE",
"5513572000","Wisconsin","Town of Scandinavia (Waupaca County)","714","1","Assigned Polling Place","No","Hand marked paper ballots and DREs with VVPAT","Hand Count, Optical Scan, and DRE",
"5513570900","Wisconsin","Town of St. Lawrence (Waupaca County)","402","1","Assigned Polling Place","No","Hand marked paper ballots and DREs with VVPAT","Hand Count, Optical Scan, and DRE",
"5513581700","Wisconsin","Town of Union (Waupaca County)","413","1","Assigned Polling Place","No","Hand marked paper ballots and DREs with VVPAT","Hand Count, Optical Scan, and DRE",
"5513584375","Wisconsin","City of Waupaca (Waupaca County)","3919","1","Assigned Polling Place","No","Hand marked paper ballots and DREs with VVPAT","Hand Count, Optical Scan, and DRE",
"5513584400","Wisconsin","Town of Waupaca (Waupaca County)","745","1","Assigned Polling Place","No","Hand marked paper ballots and DREs with VVPAT","Hand Count, Optical Scan, and DRE",
"5513586400","Wisconsin","City of Weyauwega (Waupaca County)","891","1","Assigned Polling Place","No","Hand marked paper ballots and DREs with VVPAT","Hand Count, Optical Scan, and DRE",
"5513586425","Wisconsin","Town of Weyauwega (Waupaca County)","368","1","Assigned Polling Place","No","Hand marked paper ballots and DREs with VVPAT","Hand Count, Optical Scan, and DRE",
"5513589375","Wisconsin","Town of Wyoming (Waupaca County)","212","1","Assigned Polling Place","No","Hand marked paper ballots and DREs with VVPAT","Hand Count, Optical Scan, and DRE",
"5513703925","Wisconsin","Town of Aurora (Waushara County)","561","1","Assigned Polling Place","No","Hand marked paper ballots and DREs with VVPAT","Hand Count, Optical Scan, and DRE",
"5513708300","Wisconsin","Town of Bloomfield (Waushara County)","586","1","Assigned Polling Place","No","Hand marked paper ballots and DREs with VVPAT","Hand Count, Optical Scan, and DRE",
"5513716375","Wisconsin","Village of Coloma (Waushara County)","257","1","Assigned Polling Place","No","Hand marked paper ballots and DREs with VVPAT","Hand Count, Optical Scan, and DRE",
"5513716400","Wisconsin","Town of Coloma (Waushara County)","408","1","Assigned Polling Place","No","Hand marked paper ballots and DREs with VVPAT","Hand Count, Optical Scan, and DRE",
"5513718475","Wisconsin","Town of Dakota (Waushara County)","607","1","Assigned Polling Place","No","Hand marked paper ballots and DREs with VVPAT","Hand Count, Optical Scan, and DRE",
"5513719300","Wisconsin","Town of Deerfield (Waushara County)","460","1","Assigned Polling Place","No","Hand marked paper ballots and DREs with VVPAT","Hand Count, Optical Scan, and DRE",
"5513732450","Wisconsin","Village of Hancock (Waushara County)","243","1","Assigned Polling Place","No","Hand marked paper ballots and DREs with VVPAT","Hand Count, Optical Scan, and DRE",
"5513732475","Wisconsin","Town of Hancock (Waushara County)","337","1","Assigned Polling Place","No","Hand marked paper ballots and DREs with VVPAT","Hand Count, Optical Scan, and DRE",
"5513743500","Wisconsin","Town of Leon (Waushara County)","867","1","Assigned Polling Place","No","Hand marked paper ballots and DREs with VVPAT","Hand Count, Optical Scan, and DRE",
"5513745425","Wisconsin","Village of Lohrville (Waushara County)","205","1","Assigned Polling Place","No","Hand marked paper ballots and DREs with VVPAT","Hand Count, Optical Scan, and DRE",
"5513749425","Wisconsin","Town of Marion (Waushara County)","1480","1","Assigned Polling Place","No","Hand marked paper ballots and DREs with VVPAT","Hand Count, Optical Scan, and DRE",
"5513754825","Wisconsin","Town of Mount Morris (Waushara County)","945","1","Assigned Polling Place","No","Hand marked paper ballots and DREs with VVPAT","Hand Count, Optical Scan, and DRE",
"5513759225","Wisconsin","Town of Oasis (Waushara County)","274","1","Assigned Polling Place","No","Hand marked paper ballots and DREs with VVPAT","Hand Count, Optical Scan, and DRE",
"5513763150","Wisconsin","Village of Plainfield (Waushara County)","436","1","Assigned Polling Place","No","Hand marked paper ballots and DREs with VVPAT","Hand Count, Optical Scan, and DRE",
"5513763175","Wisconsin","Town of Plainfield (Waushara County)","330","1","Assigned Polling Place","No","Hand marked paper ballots and DREs with VVPAT","Hand Count, Optical Scan, and DRE",
"5513764975","Wisconsin","Town of Poysippi (Waushara County)","544","1","Assigned Polling Place","No","Hand marked paper ballots and DREs with VVPAT","Hand Count, Optical Scan, and DRE",
"5513766625","Wisconsin","Village of Redgranite (Waushara County)","519","1","Assigned Polling Place","No","Hand marked paper ballots and DREs with VVPAT","Hand Count, Optical Scan, and DRE",
"5513767550","Wisconsin","Town of Richford (Waushara County)","273","1","Assigned Polling Place","No","Hand marked paper ballots and DREs with VVPAT","Hand Count, Optical Scan, and DRE",
"5513769425","Wisconsin","Town of Rose (Waushara County)","376","1","Assigned Polling Place","No","Hand marked paper ballots and DREs with VVPAT","Hand Count, Optical Scan, and DRE",
"5513771825","Wisconsin","Town of Saxeville (Waushara County)","676","1","Assigned Polling Place","No","Hand marked paper ballots and DREs with VVPAT","Hand Count, Optical Scan, and DRE",
"5513776400","Wisconsin","Town of Springwater (Waushara County)","908","1","Assigned Polling Place","No","Hand marked paper ballots and DREs with VVPAT","Hand Count, Optical Scan, and DRE",
"5513783425","Wisconsin","Town of Warren (Waushara County)","379","1","Assigned Polling Place","No","Hand marked paper ballots and DREs with VVPAT","Hand Count, Optical Scan, and DRE",
"5513784625","Wisconsin","City of Wautoma (Waushara County)","871","1","Assigned Polling Place","No","Hand marked paper ballots and DREs with VVPAT","Hand Count, Optical Scan, and DRE",
"5513784650","Wisconsin","Town of Wautoma (Waushara County)","799","1","Assigned Polling Place","No","Hand marked paper ballots and DREs with VVPAT","Hand Count, Optical Scan, and DRE",
"5513787075","Wisconsin","Village of Wild Rose (Waushara County)","495","1","Assigned Polling Place","No","Hand marked paper ballots and DREs with VVPAT","Hand Count, Optical Scan, and DRE",
"5513901025","Wisconsin","Town of Algoma (Winnebago County)","4882","2","Assigned Polling Place","No","Hand marked paper ballots and DREs with VVPAT","Optical Scan and DRE",
"5513908000","Wisconsin","Town of Black Wolf (Winnebago County)","1970","1","Assigned Polling Place","No","Hand marked paper ballots and DREs with VVPAT","Optical Scan and DRE",
"5513915150","Wisconsin","Town of Clayton (Winnebago County)","2688","1","Assigned Polling Place","No","Hand marked paper ballots and DREs with VVPAT","Optical Scan and DRE",
"5513950825","Wisconsin","City of Menasha (Winnebago County)","12947","7","Assigned Polling Place","No","Hand marked paper ballots and DREs with VVPAT","Optical Scan and DRE",
"5513950850","Wisconsin","Town of Menasha (Winnebago County)","12585","4","Assigned Polling Place","No","Hand marked paper ballots and DREs with VVPAT","Optical Scan and DRE",
"5513955750","Wisconsin","City of Neenah (Winnebago County)","18084","6","Assigned Polling Place","No","Hand marked paper ballots and DREs with VVPAT","Optical Scan and DRE",
"5513955775","Wisconsin","Town of Neenah (Winnebago County)","2376","1","Assigned Polling Place","No","Hand marked paper ballots and DREs with VVPAT","Optical Scan and DRE",
"5513955850","Wisconsin","Town of Nekimi (Winnebago County)","1033","1","Assigned Polling Place","No","Hand marked paper ballots and DREs with VVPAT","Optical Scan and DRE",
"5513956100","Wisconsin","Town of Nepeuskun (Winnebago County)","499","1","Assigned Polling Place","No","Hand marked paper ballots and DREs with VVPAT","Optical Scan and DRE",
"5513959875","Wisconsin","City of Omro (Winnebago County)","2125","1","Assigned Polling Place","No","Hand marked paper ballots and DREs with VVPAT","Optical Scan and DRE",
"5513959900","Wisconsin","Town of Omro (Winnebago County)","1518","1","Assigned Polling Place","No","Hand marked paper ballots and DREs with VVPAT","Optical Scan and DRE",
"5513960500","Wisconsin","City of Oshkosh (Winnebago County)","52260","40","Assigned Polling Place","No","Hand marked paper ballots and DREs with VVPAT","Optical Scan and DRE",
"5513960525","Wisconsin","Town of Oshkosh (Winnebago County)","2280","2","Assigned Polling Place","No","Hand marked paper ballots and DREs with VVPAT","Optical Scan and DRE",
"5513964875","Wisconsin","Town of Poygan (Winnebago County)","815","1","Assigned Polling Place","No","Hand marked paper ballots and DREs with VVPAT","Optical Scan and DRE",
"5513970125","Wisconsin","Town of Rushford (Winnebago County)","1046","1","Assigned Polling Place","No","Hand marked paper ballots and DREs with VVPAT","Optical Scan and DRE",
"5513982175","Wisconsin","Town of Utica (Winnebago County)","948","1","Assigned Polling Place","No","Hand marked paper ballots and DREs with VVPAT","Optical Scan and DRE",
"5513982875","Wisconsin","Town of Vinland (Winnebago County)","1404","2","Assigned Polling Place","No","Hand marked paper ballots and DREs with VVPAT","Optical Scan and DRE",
"5513987650","Wisconsin","Town of Winchester (Winnebago County)","1311","1","Assigned Polling Place","No","Hand marked paper ballots and DREs with VVPAT","Optical Scan and DRE",
"5513987900","Wisconsin","Village of Winneconne (Winnebago County)","1766","1","Assigned Polling Place","No","Hand marked paper ballots and DREs with VVPAT","Optical Scan and DRE",
"5513987925","Wisconsin","Town of Winneconne (Winnebago County)","1958","2","Assigned Polling Place","No","Hand marked paper ballots and DREs with VVPAT","Optical Scan and DRE",
"5513988475","Wisconsin","Town of Wolf River (Winnebago County)","845","2","Assigned Polling Place","No","Hand marked paper ballots and DREs with VVPAT","Optical Scan and DRE",
"5514103025","Wisconsin","Village of Arpin (Wood County)","168","1","Assigned Polling Place","No","Hand marked paper ballots and BMDs","Optical Scan",
"5514103050","Wisconsin","Town of Arpin (Wood County)","487","1","Assigned Polling Place","No","Hand marked paper ballots and BMDs","Optical Scan",
"5514103775","Wisconsin","Village of Auburndale (Wood County)","411","1","Assigned Polling Place","No","Hand marked paper ballots and BMDs","Optical Scan",
"5514103800","Wisconsin","Town of Auburndale (Wood County)","508","1","Assigned Polling Place","No","Hand marked paper ballots and BMDs","Optical Scan",
"5514107650","Wisconsin","Village of Biron (Wood County)","551","1","Assigned Polling Place","No","Hand marked paper ballots and BMDs","Optical Scan",
"5514112275","Wisconsin","Town of Cameron (Wood County)","332","1","Assigned Polling Place","No","Hand marked paper ballots and BMDs","Optical Scan",
"5514112775","Wisconsin","Town of Cary (Wood County)","263","1","Assigned Polling Place","No","Hand marked paper ballots and BMDs","Optical Scan",
"5514117525","Wisconsin","Town of Cranmoor (Wood County)","114","1","Assigned Polling Place","No","Hand marked paper ballots and BMDs","Optical Scan",
"5514120075","Wisconsin","Town of Dexter (Wood County)","242","1","Assigned Polling Place","No","Hand marked paper ballots and BMDs","Optical Scan",
"5514130125","Wisconsin","Town of Grand Rapids (Wood County)","6194","1","Assigned Polling Place","No","Hand marked paper ballots and BMDs","Optical Scan",
"5514132575","Wisconsin","Town of Hansen (Wood County)","461","1","Assigned Polling Place","No","Hand marked paper ballots and BMDs","Optical Scan",
"5514134250","Wisconsin","Village of Hewitt (Wood County)","525","1","Assigned Polling Place","No","Hand marked paper ballots and BMDs","Optical Scan",
"5514134675","Wisconsin","Town of Hiles (Wood County)","118","1","Assigned Polling Place","No","Hand marked paper ballots and BMDs","Optical Scan",
"5514144550","Wisconsin","Town of Lincoln (Wood County)","1056","1","Assigned Polling Place","No","Hand marked paper ballots and BMDs","Optical Scan",
"5514149675","Wisconsin","City of Marshfield (Wood County)","13119","11","Assigned Polling Place","No","Hand marked paper ballots and BMDs","Optical Scan",
"5514149700","Wisconsin","Town of Marshfield (Wood County)","502","1","Assigned Polling Place","No","Hand marked paper ballots and BMDs","Optical Scan",
"5514151875","Wisconsin","Village of Milladore (Wood County)","180","2","Assigned Polling Place","No","Hand marked paper ballots and BMDs","Optical Scan",
"5514151900","Wisconsin","Town of Milladore (Wood County)","426","1","Assigned Polling Place","No","Hand marked paper ballots and BMDs","Optical Scan",
"5514155875","Wisconsin","City of Nekoosa (Wood County)","1471","1","Assigned Polling Place","No","Hand marked paper ballots and BMDs","Optical Scan",
"5514163100","Wisconsin","City of Pittsville (Wood County)","487","1","Assigned Polling Place","No","Hand marked paper ballots and BMDs","Optical Scan",
"5514164175","Wisconsin","Village of Port Edwards (Wood County)","1184","1","Assigned Polling Place","No","Hand marked paper ballots and BMDs","Optical Scan",
"5514164200","Wisconsin","Town of Port Edwards (Wood County)","767","1","Assigned Polling Place","No","Hand marked paper ballots and BMDs","Optical Scan",
"5514167000","Wisconsin","Town of Remington (Wood County)","193","1","Assigned Polling Place","No","Hand marked paper ballots and BMDs","Optical Scan",
"5514167500","Wisconsin","Town of Richfield (Wood County)","995","1","Assigned Polling Place","No","Hand marked paper ballots and BMDs","Optical Scan",
"5514168625","Wisconsin","Town of Rock (Wood County)","542","1","Assigned Polling Place","No","Hand marked paper ballots and BMDs","Optical Scan",
"5514170000","Wisconsin","Village of Rudolph (Wood County)","279","1","Assigned Polling Place","No","Hand marked paper ballots and BMDs","Optical Scan",
"5514170025","Wisconsin","Town of Rudolph (Wood County)","686","1","Assigned Polling Place","No","Hand marked paper ballots and BMDs","Optical Scan",
"5514171600","Wisconsin","Town of Saratoga (Wood County)","3587","2","Assigned Polling Place","No","Hand marked paper ballots and BMDs","Optical Scan",
"5514172575","Wisconsin","Town of Seneca (Wood County)","723","1","Assigned Polling Place","No","Hand marked paper ballots and BMDs","Optical Scan",
"5514173475","Wisconsin","Town of Sherry (Wood County)","501","1","Assigned Polling Place","No","Hand marked paper ballots and BMDs","Optical Scan",
"5514173900","Wisconsin","Town of Sigel (Wood County)","664","1","Assigned Polling Place","No","Hand marked paper ballots and BMDs","Optical Scan",
"5514182650","Wisconsin","Village of Vesper (Wood County)","382","1","Assigned Polling Place","No","Hand marked paper ballots and BMDs","Optical Scan",
"5514188200","Wisconsin","City of Wisconsin Rapids (Wood County)","12651","3","Assigned Polling Place","No","Hand marked paper ballots and BMDs","Optical Scan",
"5514188575","Wisconsin","Town of Wood (Wood County)","538","1","Assigned Polling Place","No","Hand marked paper ballots and BMDs","Optical Scan",
"5600100000","Wyoming","Albany County","15963","22","Assigned Polling Place","No","Hand marked paper ballots and BMDs","Optical Scan",
"5600300000","Wyoming","Big Horn County","5436","13","Assigned Polling Place","No","Hand marked paper ballots and BMDs","Optical Scan",
"5600500000","Wyoming","Campbell County","15208","35","Assigned Polling Place","No","Hand marked paper ballots and BMDs","Optical Scan",
"5600700000","Wyoming","Carbon County","6898","19","Assigned Polling Place","No","Hand marked paper ballots and DREs with VVPAT","Optical Scan and DRE",
"5600900000","Wyoming","Converse County","6268","19","Assigned Polling Place","No","Hand marked paper ballots and BMDs","Optical Scan",
"5601100000","Wyoming","Crook County","3647","17","Assigned Polling Place","No","Hand marked paper ballots and BMDs","Optical Scan",
"5601300000","Wyoming","Fremont County","16903","32","Assigned Polling Place","No","Hand marked paper ballots and BMDs","Optical Scan",
"5601500000","Wyoming","Goshen County","5771","24","Assigned Polling Place","No","Hand marked paper ballots and DREs with VVPAT","Optical Scan and DRE",
"5601700000","Wyoming","Hot Springs County","2959","4","Assigned Polling Place","No","Hand marked paper ballots and BMDs","Optical Scan",
"5601900000","Wyoming","Johnson County","4384","17","Assigned Polling Place","No","Hand marked paper ballots and BMDs","Optical Scan",
"5602100000","Wyoming","Laramie County","40179","60","Assigned Polling Place","No","DREs with VVPAT for all voters","DRE",
"5602300000","Wyoming","Lincoln County","7939","18","Assigned Polling Place","No","Hand marked paper ballots and BMDs","Optical Scan",
"5602500000","Wyoming","Natrona County","30340","46","Assigned Polling Place","No","Hand marked paper ballots and BMDs","Optical Scan",
"5602700000","Wyoming","Niobrara County","1330","6","Assigned Polling Place","No","Hand marked paper ballots and BMDs","Optical Scan",
"5602900000","Wyoming","Park County","14865","29","Assigned Polling Place","No","Hand marked paper ballots and BMDs","Optical Scan",
"5603100000","Wyoming","Platte County","4733","13","Assigned Polling Place","No","Hand marked paper ballots and BMDs","Optical Scan",
"5603300000","Wyoming","Sheridan County","14344","29","Assigned Polling Place","No","Hand marked paper ballots and BMDs","Optical Scan",
"5603500000","Wyoming","Sublette County","3784","9","Assigned Polling Place","No","Hand marked paper ballots and BMDs","Optical Scan",
"5603700000","Wyoming","Sweetwater County","15481","36","Assigned Polling Place","No","Hand marked paper ballots and BMDs","Optical Scan",
"5603900000","Wyoming","Teton County","12715","18","Assigned Polling Place","No","Hand marked paper ballots and BMDs","Optical Scan",
"5604100000","Wyoming","Uinta County","8085","11","Assigned Polling Place","No","Hand marked paper ballots and BMDs","Optical Scan",
"5604300000","Wyoming","Washakie County","4259","5","Assigned Polling Place","No","Hand marked paper ballots and BMDs","Optical Scan",
"5604500000","Wyoming","Weston County","3327","8","Assigned Polling Place","No","Hand marked paper ballots and BMDs","Optical Scan",